url,name,price,was_price,discount,expected_price,mercari_price,profit,grade,is_new,is_price_down,notified
https://www.flannels.com/off-white-mens-body-scan-dnm-pant-skeleton-graphic-jeans-667329#colcode=66732918,Off White Men's Body Scan Dnm Pant Skeleton Graphic Jeans,39800,399800,90.0,8000,0,-31800,S,False,False,True
https://www.flannels.com/ted-baker-ted-navy-fleck-trs-sn99-579033#colcode=57903318,Ted Baker Men's Navy Fleck Suit Trousers,2800,28000,90.0,3000,0,200,S,False,False,True
https://www.flannels.com/richard-james-rivulet-tailored-fit-waistcoat-561782#colcode=56178203,Richard James Rivulet Tailored Fit Waistcoat,2800,28000,90.0,0,0,0,?,False,False,True
https://www.flannels.com/richard-james-wilder-tailored-fit-wool-waistcoat-560524#colcode=56052418,Richard James Wilder Tailored Fit Wool Waistcoat,2800,28000,90.0,8000,0,5200,S,False,False,True
https://www.flannels.com/richard-james-wilder-tailored-fit-birdseye-waistcoat-560509#colcode=56050918,Richard James Wilder Tailored Fit Birdseye Waistcoat,2800,28000,90.0,0,0,0,?,False,False,True
https://www.flannels.com/richard-james-rivulet-tuxedo-jacket-520085#colcode=52008518,Richard James Rivulet Tuxedo Jacket,6980,69800,90.0,0,0,0,?,False,False,True
https://www.flannels.com/off-white-mens---multiple-pocket-cargo-trousers-518202#colcode=51820203,Off White Men's - Multiple Pocket Cargo Trousers,11600,116000,90.0,15000,0,3400,S,False,False,True
https://www.flannels.com/mens-slim-fit-work-trousers-512788#colcode=51278802,Dickies Men's Slim Fit Work Trousers,1400,14000,90.0,3500,0,2100,S,False,False,True
https://www.flannels.com/balenciaga-low-waist-joggers-488526#colcode=48852618,Balenciaga Low-Waist Joggers,17000,170000,90.0,8500,0,-8500,S,False,False,True
https://www.flannels.com/missoni-missoni-ll-bb-cap-sn63-373355#colcode=37335503,Missoni Missoni LL BB Cap Sn63,3800,38000,90.0,3500,0,-300,S,False,False,True
https://www.flannels.com/yeezy-mens-basketball-sneakers--sock-like-feel-114754#colcode=11475499,"Yeezy Men's Basketball Sneakers, Sock-like Feel",6000,60000,90.0,0,0,0,?,False,True,True
https://www.flannels.com/yeezy-mens-basketball-sneakers--sock-like-feel-114754#colcode=11475403,"Yeezy Men's Basketball Sneakers, Sock-like Feel",6000,60000,90.0,0,0,0,?,False,False,True
https://www.flannels.com/gbadebo-mens-patchwork-workwear-organic-cotton-long-sleeve-oversized-fit-field-jacket-642700#colcode=64270018,Gbadebo Men's Patchwork Workwear Organic Cotton Long Sleeve Oversized Fit Field Jacket,15600,155800,90.0,0,0,0,?,False,False,True
https://www.flannels.com/boss-mens-h-jeckson-formal-jacket-335866#colcode=33586602,Boss Men's H Jeckson Formal Jacket,10000,99800,90.0,8000,0,-2000,S,False,False,True
https://www.flannels.com/boss-mens-h-reymond-formal-323777#colcode=32377702,Boss Men's H Reymond Formal,10000,99800,90.0,0,0,0,?,False,False,True
https://www.flannels.com/boss-mens-ryan-cyl-slim-fit-wool-suit-jacket-527163#colcode=52716302,Boss Men's Ryan Cyl Slim Fit Wool Suit Jacket,8400,83800,90.0,8000,0,-400,S,False,False,True
https://www.flannels.com/boss-mens-cyl-blazer--premium-virgin-wool-527162#colcode=52716202,"Boss Men's Cyl Blazer, Premium Virgin Wool",8400,83800,90.0,8000,0,-400,S,False,False,True
https://www.flannels.com/richard-james-wilder-tailored-fit-blue-birdseye-suit-jacket-520529#colcode=52052918,Richard James Wilder Tailored Fit Blue Birdseye Suit Jacket,5400,53800,90.0,8000,0,2600,S,False,False,True
https://www.flannels.com/boss-mens-duran-pad-quilted-button-overshirt-603951#colcode=60395102,Boss Men's Duran Pad Quilted Button Overshirt,4800,47800,90.0,0,0,0,?,False,False,True
https://www.flannels.com/boss-mens-tailored-fit-performance-waistcoat-566008#colcode=56600818,Boss Men's Tailored Fit Performance Waistcoat,4800,47800,90.0,0,0,0,?,False,False,True
https://www.flannels.com/boss-mens-huge-waistcoat-566006#colcode=56600606,Boss Men's Huge Waistcoat,4000,39800,89.9,0,0,0,?,False,False,True
https://www.flannels.com/boss-mens-straight-leg-trousers-511645#colcode=51164503,Boss Men's Straight Leg Trousers,4000,39800,89.9,0,0,0,?,False,False,True
https://www.flannels.com/boss-mens-heston-structured-shoulders-tailored-fit-single-breasted-formal-jacket-331697#colcode=33169705,Boss Men's Heston Structured Shoulders Tailored Fit Single-Breasted Formal Jacket,19000,189000,89.9,8000,0,-11000,S,False,False,True
https://www.flannels.com/boss-mens-genius-tux-cotton-slim-fit-suit-trousers-579230#colcode=57923019,Boss Men's Genius Tux Cotton Slim Fit Suit Trousers,3600,35800,89.9,0,0,0,?,False,False,True
https://www.flannels.com/boss-mens-straight-leg-trousers-511703#colcode=51170318,Boss Men's Straight Leg Trousers,3600,35800,89.9,0,0,0,?,False,False,True
https://www.flannels.com/off-white-mens-body-scan-dnm-pant-skeleton-graphic-jeans-667329#colcode=66732901,Off White Men's Body Scan Dnm Pant Skeleton Graphic Jeans,31800,316000,89.9,8000,0,-23800,S,False,False,True
https://www.flannels.com/boss-mens-tailored-fit-pleated-trousers-331665#colcode=33166518,Boss Men's Tailored Fit Pleated Trousers,15000,149000,89.9,0,0,0,?,False,False,True
https://www.flannels.com/off-white-mens-slim-cut-skinny-trousers-510425#colcode=51042599,Off White Men's Slim Cut Skinny Trousers,21800,216000,89.9,8000,0,-13800,S,False,False,True
https://www.flannels.com/off-white-mens---waterproof-ski-trousers-400536#colcode=40053606,Off White Men's - Waterproof Ski Trousers,33800,333000,89.8,12000,0,-21800,S,False,False,True
https://www.flannels.com/gbadebo-asymmetric-dungarees-580214#colcode=58021418,Gbadebo Asymmetric Dungarees,18000,177000,89.8,0,0,0,?,False,False,True
https://www.flannels.com/off-white-mens-urban-streetwear-face-mask-751783#colcode=75178399,Off White Men's Urban Streetwear Face Mask,2400,23000,89.6,0,0,0,?,False,False,True
https://www.flannels.com/off-white-mens-contemporary-mask-751775#colcode=75177599,Off White Men's Contemporary Mask,2400,23000,89.6,0,0,0,?,False,False,True
https://www.flannels.com/yeezy-mens-quantum-performance-ready-sneakers-110398#colcode=11039819,Yeezy Men's Quantum Performance-ready Sneakers,4600,44000,89.5,18000,0,13400,S,False,False,True
https://www.flannels.com/off-white-off-meteor-mirror-99-721223#colcode=72122399,Off White Makeup Mirror,4400,42000,89.5,0,0,0,?,False,False,True
https://www.flannels.com/off-white-off-logo-brush-99-721219#colcode=72121908,Off White Makeup Mirror,4400,42000,89.5,0,0,0,?,False,False,True
https://www.flannels.com/yeezy-mens-sneakers--boost-cushioning-110499#colcode=11049903,"Yeezy Men's Sneakers, Boost Cushioning",5600,53000,89.4,8000,0,2400,S,False,False,True
https://www.flannels.com/off-white-off-skate-grip-99-756042#colcode=75604203,Off White Skateboard Parts,1400,13000,89.2,0,0,0,?,False,False,True
https://www.flannels.com/adidas-originals-adidas-always-original-head-scarf-womens-879120#colcode=87912003,adidas Originals adidas Always Original Head Scarf Womens,800,7000,88.6,2500,0,1700,S,False,False,True
https://www.flannels.com/bahe-yoga-mat-harness-761642#colcode=76164269,Bahe Yoga Mat Harness,400,2998,86.7,0,0,0,?,False,False,True
https://www.flannels.com/napapijri-mens-aerons-water-resistant-hooded-short-puffer-jacket-600238#colcode=60023822,Napapijri Men's Aerons Water Resistant Hooded Short Puffer Jacket,6000,40000,85.0,8500,0,2500,S,False,False,True
https://www.flannels.com/adidas-originals-mens-blue-contoured-fit-leggings-573918#colcode=57391818,adidas Originals Men's Blue Contoured Fit Leggings,1800,12000,85.0,2800,0,1000,S,False,False,True
https://www.flannels.com/daily-paper-alias-hoody-sn99-532802#colcode=53280218,Daily Paper Men's Alias Hoodie,3300,22000,85.0,5800,0,2500,S,False,False,True
https://www.flannels.com/yeezy-mens-500-boots-with-adiprene--cushioning-114731#colcode=11473104,Yeezy Men's 500 Boots with adiPRENE+ Cushioning,9000,60000,85.0,18000,0,9000,S,False,False,True
https://www.flannels.com/boss-mens-c-cris-double-breasted-formal-jacket-333291#colcode=33329169,Boss Men's C Cris Double Breasted Formal Jacket,14700,97800,85.0,8000,0,-6700,S,False,False,True
https://www.flannels.com/boss-mens-jasper-mm-formal-jacket-335781#colcode=33578118,Boss Men's Jasper Mm Formal Jacket,9300,61800,85.0,8000,0,-1300,S,False,False,True
https://www.flannels.com/boss-mens-everyday-comfortable-sneakers-115538#colcode=11553803,Boss Men's Everyday Comfortable Sneakers,6000,39800,84.9,0,0,0,?,False,True,True
https://www.flannels.com/boss-mens-long-sleeve-oxford-shirt-552713#colcode=55271301,Boss Men's Long Sleeve Oxford Shirt,5100,33800,84.9,3500,0,-1600,S,False,False,True
https://www.flannels.com/boss-mens-randy243-straight-leg-trousers-511727#colcode=51172702,Hugo Men's Randy243 Straight Leg Trousers,4200,27800,84.9,0,0,0,?,False,False,True
https://www.flannels.com/off-white-mens-closed-hem-fleece-joggers-482615#colcode=48261503,Off White Men's Closed Hem Fleece Joggers,12000,79000,84.8,12000,0,0,S,False,False,True
https://www.flannels.com/yeezy-mens-sneakers--primeknit-upper-240072#colcode=24007213,"Yeezy Men's Sneakers, Primeknit Upper",6700,44000,84.8,8000,0,1300,S,False,False,True
https://www.flannels.com/yeezy-mens-500-high-top-sneakers-114740#colcode=11474099,Yeezy Men's 500 High-top Sneakers,6700,44000,84.8,12000,0,5300,S,False,False,True
https://www.flannels.com/boss-mens-p-genius-straight-leg-trousers-511870#colcode=51187018,Boss Men's P Genius Straight Leg Trousers,5500,35800,84.6,0,0,0,?,False,False,True
https://www.flannels.com/boss-mens-c-pepe-pl-straight-leg-trousers-511697#colcode=51169708,Boss Men's C Pepe Pl Straight Leg Trousers,5500,35800,84.6,4500,0,-1000,S,False,False,True
https://www.flannels.com/boss-mens-straight-leg-trousers-511689#colcode=51168918,Boss Men's Straight Leg Trousers,5500,35800,84.6,0,0,0,?,False,False,True
https://www.flannels.com/yeezy-unisex-99-boost-cushioning-sneakers-118363#colcode=11836312,Yeezy Unisex 99 Boost Cushioning Sneakers,8200,53000,84.5,8500,0,300,S,False,False,True
https://www.flannels.com/adidas-athletics-86-sn99-151351#colcode=15135169,adidas Men's Athletics 86 Basketball Trainers,5600,36000,84.4,8500,2578,2900,S,True,False,True
https://www.flannels.com/yeezy-mens-boost-380-boost--cushioning-sneakers-116067#colcode=11606703,Yeezy Men's Boost 380 BOOST™ Cushioning Sneakers,7600,48000,84.2,8500,5949,900,S,True,False,True
https://www.flannels.com/emporio-armani-overshirt-299646#colcode=29964604,Emporio Armani Overshirt,23800,119998,80.2,6500,0,-17300,S,False,False,True
https://www.flannels.com/dolce-and-gabbana-mens-open-hem-fleece-relaxed-fit-joggers-480141#colcode=48014103,Dolce and Gabbana Men's Open Hem Fleece Relaxed Fit Joggers,25800,130000,80.2,4800,0,-21000,S,False,False,True
https://www.flannels.com/arctic-army-mens--long-weather-resistant-overcoat-324293#colcode=32429303,Arctic Army Men's  Long Weather-Resistant Overcoat,31800,160000,80.1,0,0,0,?,False,False,True
https://www.flannels.com/moschino-mens-closed-hem-fleece-jogging-bottoms-482649#colcode=48264903,Moschino Men's Closed Hem Fleece Jogging Bottoms,33800,170000,80.1,3500,0,-30300,S,False,False,True
https://www.flannels.com/ambush-printed-short-sleeved-shirt-590943#colcode=59094313,Ambush Printed Short Sleeved Shirt,21800,109600,80.1,8000,0,-13800,S,False,False,True
https://www.flannels.com/represent-mens-structured-fit-bomber-jacket-603745#colcode=60374504,Represent Men's Structured Fit Bomber Jacket,39800,200000,80.1,8000,0,-31800,S,False,False,True
https://www.flannels.com/represent-mens-structured-fit-bomber-jacket-603745#colcode=60374503,Represent Men's Structured Fit Bomber Jacket,39800,200000,80.1,8000,0,-31800,S,False,False,True
https://www.flannels.com/boss-mens-durrien-structured-shoulders-precision-cut-formal-coat-604060#colcode=60406004,Boss Men's Durrien Structured Shoulders Precision-Cut Formal Coat,43800,220000,80.1,0,0,0,?,False,False,True
https://www.flannels.com/alexander-mcqueen-mens-rugby-contrasting-collar-polo-shirt-535003#colcode=53500303,Alexander McQueen Men's Rugby Contrasting Collar Polo Shirt,43800,220000,80.1,8000,0,-35800,S,False,False,True
https://www.flannels.com/boss-mens-heston-tailored-fit-formal-jacket-331701#colcode=33170104,Boss Men's Heston Tailored Fit Formal Jacket,43800,220000,80.1,0,0,0,?,False,False,True
https://www.flannels.com/balenciaga-mens-technical-performance-tracksuit-638084#colcode=63808403,Balenciaga Men's Technical Performance Tracksuit,49800,250000,80.1,15000,0,-34800,S,False,False,True
https://www.flannels.com/off-white-mens-eyelet-cotton-long-sleeve-hoodie-537931#colcode=53793103,Off White Men's Eyelet Cotton Long Sleeve Hoodie,49800,250000,80.1,8000,0,-41800,S,False,False,True
https://www.flannels.com/givenchy-monogram-jacquard-trousers-510697#colcode=51069702,GIVENCHY Monogram Jacquard Trousers,49800,250000,80.1,18000,0,-31800,S,False,False,True
https://www.flannels.com/ambush-mens--mountain-colour-block-weather-resistant-parka-600779#colcode=60077918,Ambush Men's  Mountain Colour Block Weather-Resistant Parka,33800,169200,80.0,12000,0,-21800,S,False,False,True
https://www.flannels.com/off-white-mens-diag-tie-dye-long-sleeve-hoodie-532270#colcode=53227003,Off White Men's Diag Tie Dye Long Sleeve Hoodie,33800,169200,80.0,8500,0,-25300,S,False,False,True
https://www.flannels.com/boss-t-hesam2-blazer-jacket-334033#colcode=33403318,Boss T-Hesam2 Blazer Jacket,23798,118998,80.0,0,0,0,?,False,False,True
https://www.flannels.com/arctic-army-mens-polar-grip-fleece-glove-990797#colcode=99079703,Arctic Army Men's Polar Grip Fleece Glove,2600,13000,80.0,0,0,0,?,False,False,True
https://www.flannels.com/arctic-army-mens-winter-knitted-scarf-900734#colcode=90073403,Arctic Army Men's Winter Knitted Scarf,4000,20000,80.0,2800,0,-1200,S,False,False,True
https://www.flannels.com/fornasetti-printed-face-mask-864302#colcode=86430204,Fornasetti Printed Face Mask,2400,12000,80.0,0,0,0,?,False,False,True
https://www.flannels.com/fornasetti-printed-face-mask-864302#colcode=86430203,Fornasetti Printed Face Mask,2400,12000,80.0,0,0,0,?,False,False,True
https://www.flannels.com/fornasetti-printed-face-mask-864302#colcode=86430201,Fornasetti Printed Face Mask,2400,12000,80.0,0,0,0,?,False,False,True
https://www.flannels.com/common-lines-cable-chain-silver-754404#colcode=75440411,Common Lines Cable Chain Silver,5600,28000,80.0,0,0,0,?,False,False,True
https://www.flannels.com/off-white-mens-diagonal-stripe-adjustable-face-mask-751728#colcode=75172803,Off White Men's Diagonal Stripe Adjustable Face Mask,2200,11000,80.0,0,0,0,?,False,False,True
https://www.flannels.com/off-white-mens-mask-751722#colcode=75172299,Off White Men's Mask,2600,13000,80.0,0,0,0,?,False,False,True
https://www.flannels.com/off-white-mens-masks-750905#colcode=75090599,Off White Men's Masks,2600,13000,80.0,0,0,0,?,False,False,True
https://www.flannels.com/fornasetti-printed-face-mask-739074#colcode=73907469,Fornasetti Printed Face Mask,2400,12000,80.0,0,0,0,?,False,False,True
https://www.flannels.com/thomas-sabo-unisex-compass-solitaire-ring-720672#colcode=72067203,Thomas Sabo Compass Solitaire Ring,10000,50000,80.0,0,0,0,?,False,False,True
https://www.flannels.com/ambush-rollie-chain-ring-719524#colcode=71952411,Ambush Rollie Chain Ring,9400,47000,80.0,0,0,0,?,False,False,True
https://www.flannels.com/off-white-makeup-mirror-710489#colcode=71048913,Off White Makeup Mirror,9000,45000,80.0,0,0,0,?,False,False,True
https://www.flannels.com/off-white-style-sun-reading-glasses-707184#colcode=70718418,Off White Style Sun Reading Glasses,9000,45000,80.0,0,0,0,?,False,False,True
https://www.flannels.com/off-white-unisex---minimalist-reading-glasses-706877#colcode=70687718,Off White Minimalist Reading Glasses,8400,42000,80.0,0,0,0,?,False,False,True
https://www.flannels.com/off-white-unisex-reading-glasses-706183#colcode=70618318,Off White Reading Glasses,8400,42000,80.0,0,0,0,?,False,False,True
https://www.flannels.com/7-for-all-mankind-mens-stretch-tapered-jeans-649048#colcode=64904803,7 For All Mankind Men's Stretch Tapered Jeans,8800,44000,80.0,3500,0,-5300,S,False,False,True
https://www.flannels.com/7-for-all-mankind-mens-paxtyn-mid-rise-stretch-tapered-jeans-649047#colcode=64904718,7 For All Mankind Men's Paxtyn Mid-Rise Stretch Tapered Jeans,8000,40000,80.0,3500,0,-4500,S,False,False,True
https://www.flannels.com/levis-mens-denim-mid-rise-slim-fit-jeans-644489#colcode=64448918,Levis Men's Denim Mid-Rise Slim Fit Jeans,4400,22000,80.0,3500,0,-900,S,False,False,True
https://www.flannels.com/represent-mens-straight-leg-jeans-644335#colcode=64433599,Represent Men's Straight Leg Jeans,5800,29000,80.0,12000,0,6200,S,False,False,True
https://www.flannels.com/represent-mens-straight-leg-jeans-644335#colcode=64433502,Represent Men's Straight Leg Jeans,5800,29000,80.0,12000,0,6200,S,False,False,True
https://www.flannels.com/moschino-mens-slim-fit-jeans-644022#colcode=64402218,Moschino Men's Slim Fit Jeans,25000,125000,80.0,3500,0,-21500,S,False,False,True
https://www.flannels.com/off-white-mens-diag-relax-relaxed-straight-leg-jeans-644012#colcode=64401218,Off White Men's Diag Relax Relaxed Straight Leg Jeans,33000,165000,80.0,18000,0,-15000,S,False,False,True
https://www.flannels.com/boss-mens-c-henry-suit-632288#colcode=63228869,Boss Men's C Henry Suit,25800,129000,80.0,15000,0,-10800,S,False,False,True
https://www.flannels.com/off-white-mens---embroidered-wool-long-sleeve-blazer-625581#colcode=62558103,Off White Men's - Embroidered Wool Long Sleeve Blazer,49800,249000,80.0,25000,0,-24800,S,False,False,True
https://www.flannels.com/puresport-performance-short-sleeve-t-shirt-621240#colcode=62124003,Puresport Performance Short Sleeve T-Shirt,3200,16000,80.0,0,0,0,?,False,False,True
https://www.flannels.com/puresport-performance-short-sleeve-t-shirt-621240#colcode=62124001,Puresport Performance Short Sleeve T-Shirt,3200,16000,80.0,0,0,0,?,False,False,True
https://www.flannels.com/albam-mens-clarence-weather-resistant-harrington-jacket-609062#colcode=60906218,Albam Men's Clarence Weather-Resistant Harrington Jacket,7800,39000,80.0,8000,0,200,S,False,False,True
https://www.flannels.com/albam-mens-clarence-weather-resistant-harrington-jacket-609062#colcode=60906204,Albam Men's Clarence Weather-Resistant Harrington Jacket,7800,39000,80.0,8000,0,200,S,False,False,True
https://www.flannels.com/represent-mens-water-repellent-streamlined-fit-softshell-jacket-608126#colcode=60812669,Represent Men's Water Repellent Streamlined Fit Softshell Jacket,11000,55000,80.0,0,0,0,?,False,False,True
https://www.flannels.com/boss-mens-ciro-weather-resistant-softshell-jacket-608070#colcode=60807008,Boss Men's Ciro Weather Resistant Softshell Jacket,25800,129000,80.0,0,0,0,?,False,False,True
https://www.flannels.com/boss-mens-p-cendall-formal-coat-605454#colcode=60545418,Boss Men's P Cendall Formal Coat,21800,109000,80.0,0,0,0,?,False,False,True
https://www.flannels.com/boss-mens-p-cielo-formal-coat-605451#colcode=60545118,Boss Men's P Cielo Formal Coat,25800,129000,80.0,0,0,0,?,False,False,True
https://www.flannels.com/albam-mens-fairfax-tailored-fit-blazer-604840#colcode=60484018,Albam Men's Fairfax Tailored Fit Blazer,7000,35000,80.0,0,0,0,?,False,False,True
https://www.flannels.com/albam-mens-fairfax-tailored-fit-blazer-604840#colcode=60484004,Albam Men's Fairfax Tailored Fit Blazer,7000,35000,80.0,0,0,0,?,False,False,True
https://www.flannels.com/arctic-army-mens-cryoshell-insulated-heavyweight-gilet-604644#colcode=60464418,Arctic Army Men's Cryoshell Insulated Heavyweight Gilet,27800,139000,80.0,0,0,0,?,False,False,True
https://www.flannels.com/arctic-army-mens-cryoshell-insulated-heavyweight-gilet-604644#colcode=60464405,Arctic Army Men's Cryoshell Insulated Heavyweight Gilet,27800,139000,80.0,0,0,0,?,False,False,True
https://www.flannels.com/boss-mens-t-harvers-tux-blazer-604206#colcode=60420604,Boss Men's T Harvers Tux Blazer,29800,149000,80.0,0,0,0,?,False,False,True
https://www.flannels.com/prevu-mens-fairfax-seersucker-cotton-blazer-604015#colcode=60401503,Prevu Men's Fairfax Seersucker Cotton Blazer,3800,19000,80.0,0,0,0,?,False,False,True
https://www.flannels.com/boss-mens-t-harvers-tailored-fit-blazer-602875#colcode=60287518,Boss Men's T-Harvers Tailored Fit Blazer,25800,129000,80.0,8000,0,-17800,S,False,False,True
https://www.flannels.com/kenzo-mens-knzo-weave-kimono-overshirt-602578#colcode=60257815,Kenzo Men's KNZO Weave Kimono Overshirt,37000,185000,80.0,8000,0,-29000,S,False,False,True
https://www.flannels.com/arctic-army-mens-narvik-hooded-long-sleeve-overshirt-600350#colcode=60035003,Arctic Army Men's Narvik Hooded Long Sleeve Overshirt,20000,100000,80.0,0,0,0,?,False,False,True
https://www.flannels.com/arctic-army-mens-narvik-long-sleeve-2-pocket-overshirt-600326#colcode=60032603,Arctic Army Men's Narvik Long Sleeve 2 Pocket Overshirt,16000,80000,80.0,0,0,0,?,False,False,True
https://www.flannels.com/lacoste-tracksuit-bottoms-595037#colcode=59503703,Lacoste Men's Slim Fit Joggers,4800,24000,80.0,3500,0,-1300,S,False,False,True
https://www.flannels.com/off-white-mens-diags-skate-long-sleeve-t-shirt-594989#colcode=59498903,Off White Men's Diags Skate Long Sleeve T-Shirt,18400,92000,80.0,8500,0,-9900,S,False,False,True
https://www.flannels.com/off-white-mens-diag-skate-diagonal-graphic-long-sleeve-t-shirt-594985#colcode=59498503,Off White Men's Diag Skate Diagonal Graphic Long Sleeve T-Shirt,16400,82000,80.0,8500,0,-7900,S,False,False,True
https://www.flannels.com/lacoste-mens-short-sleeve-t-shirt-594937#colcode=59493718,Lacoste Men's Short Sleeve T-Shirt,2800,14000,80.0,2500,0,-300,S,False,False,True
https://www.flannels.com/ambush-mens-waist-pocket-t-shirt-591990#colcode=59199069,Ambush Men's Waist Pocket T-Shirt,11000,55000,80.0,8000,0,-3000,S,False,False,True
https://www.flannels.com/ambush-ambush-trtlnk-jrsy-t-sn99-587009#colcode=58700901,Ambush Men's Long-Sleeve T-Shirt,7400,37000,80.0,8000,0,600,S,False,False,True
https://www.flannels.com/richard-james-wilder-navy-tailored-fit-suit-trousers-579079#colcode=57907918,Richard James Wilder Navy Tailored Fit Suit Trousers,5200,26000,80.0,8500,0,3300,S,False,False,True
https://www.flannels.com/ted-baker-ted-text-rst-chk-trs-sn99-579049#colcode=57904918,Ted Baker Men's Suit Trouser,5600,28000,80.0,2500,0,-3100,S,False,False,True
https://www.flannels.com/ted-baker-ted-heritage-chk-trs-sn99-579029#colcode=57902902,Ted Baker Men's Heritage Check Suit Trousers,5600,28000,80.0,3500,0,-2100,S,False,False,True
https://www.flannels.com/ted-baker-ted-burgundy-pwl-trs-sn99-579021#colcode=57902108,Ted Baker Men's Burgundy Suit Trousers,5600,28000,80.0,0,0,0,?,False,False,True
https://www.flannels.com/represent-mens-cropped-wool-long-sleeve-oversized-fit-overshirt-567138#colcode=56713802,Represent Men's Cropped Wool Long Sleeve Oversized Fit Overshirt,8000,40000,80.0,8500,0,500,S,False,False,True
https://www.flannels.com/alexander-mcqueen-brad-pitt-shirt-557048#colcode=55704801,Alexander McQueen Brad Pitt Shirt,14000,70000,80.0,0,0,0,?,False,False,True
https://www.flannels.com/palm-angels-curve-track-jacket-554189#colcode=55418903,Palm Angels Curve Track Jacket,15000,75000,80.0,18000,0,3000,S,False,False,True
https://www.flannels.com/boss-mens-carper-knitted-full-zip-fleece-551735#colcode=55173503,Boss Men's Carper Knitted Full-Zip Fleece,25800,129000,80.0,5800,0,-20000,S,False,False,True
https://www.flannels.com/family-first-mens-long-sleeve-patterned-shirt-551355#colcode=55135599,Family First Men's Long Sleeve Patterned Shirt,7800,39000,80.0,0,0,0,?,False,False,True
https://www.flannels.com/lacoste-trousers-sn00-551187#colcode=55118770,Lacoste Trousers Sn00,5000,25000,80.0,0,0,0,?,False,False,True
https://www.flannels.com/lacoste-trousers-sn00-551187#colcode=55118740,Lacoste Trousers Sn00,5000,25000,80.0,0,0,0,?,False,False,True
https://www.flannels.com/lacoste-trousers-sn00-551187#colcode=55118728,Lacoste Trousers Sn00,5000,25000,80.0,0,0,0,?,False,False,True
https://www.flannels.com/lacoste-trousers-sn00-551187#colcode=55118717,Lacoste Trousers Sn00,5000,25000,80.0,0,0,0,?,False,False,True
https://www.flannels.com/albam-mens-herringbone-tailored-shorts-550357#colcode=55035715,Albam Men's Herringbone Tailored Shorts,4600,23000,80.0,0,0,0,?,False,False,True
https://www.flannels.com/albam-mens-long-sleeve-plain-shirt-550169#colcode=55016915,Albam Men's Long Sleeve Plain Shirt,4600,23000,80.0,3500,0,-1100,S,False,False,True
https://www.flannels.com/fear-of-god-essentials-mens-crew-sweatshirt-523311#colcode=52331113,Fear Of God Essentials Men's Crew Sweatshirt,3800,19000,80.0,8500,0,4700,S,False,False,True
https://www.flannels.com/fear-of-god-essentials-mens-crew-sweatshirt-523311#colcode=52331112,Fear Of God Essentials Men's Crew Sweatshirt,3800,19000,80.0,8500,0,4700,S,False,False,True
https://www.flannels.com/represent-mens-crew-neck-ribbed-crew-sweatshirt-523061#colcode=52306115,Represent Men's Crew-Neck Ribbed Crew Sweatshirt,7400,37000,80.0,3500,0,-3900,S,False,False,True
https://www.flannels.com/summer-games-sg24-crewneck-sweatshirt-522887#colcode=52288718,Summer Games Men's Crew Sweatshirt,10400,52000,80.0,3500,0,-6900,S,False,False,True
https://www.flannels.com/boss-boss-norwin4-jacket-sn99-520367#colcode=52036718,Boss Men's Suit Jacket,23000,115000,80.0,8500,0,-14500,S,False,False,True
https://www.flannels.com/lacoste-vintage-style-sweatshirt-515136#colcode=51513618,Lacoste Vintage Style Sweatshirt,5000,25000,80.0,3500,0,-1500,S,False,False,True
https://www.flannels.com/boss-mens-fiva-ski-straight-leg-trousers-511775#colcode=51177503,Boss Men's Fiva Ski Straight Leg Trousers,21000,105000,80.0,0,0,0,?,False,False,True
https://www.flannels.com/boss-mens-fiva-ski-straight-leg-trousers-511775#colcode=51177501,Boss Men's Fiva Ski Straight Leg Trousers,21000,105000,80.0,0,0,0,?,False,False,True
https://www.flannels.com/fear-of-god-essentials-mens-straight-leg-trousers-511552#colcode=51155205,Fear Of God Essentials Men's Straight Leg Trousers,4600,23000,80.0,8500,0,3900,S,False,False,True
https://www.flannels.com/represent-mens-straight-leg-tailored-trousers-511548#colcode=51154840,Represent Men's Straight Leg Tailored Trousers,7000,35000,80.0,0,0,0,?,False,False,True
https://www.flannels.com/cole-buxton-combat-trousers-510757#colcode=51075703,Cole Buxton Combat Trousers,6600,33000,80.0,8000,0,1400,S,False,False,True
https://www.flannels.com/undercover-mens-straight-leg-trousers-510450#colcode=51045003,Undercover Men's Straight Leg Trousers,17000,85000,80.0,12000,0,-5000,S,False,False,True
https://www.flannels.com/emporio-armani-mens-open-cuff-woven-relaxed-fit-joggers-490094#colcode=49009418,Emporio Armani Men's Open Cuff Woven Relaxed Fit Joggers,7600,38000,80.0,3500,0,-4100,S,False,False,True
https://www.flannels.com/albam-mens-judd-closed-hem-jersey-joggers-488122#colcode=48812218,Albam Men's Judd Closed Hem Jersey Joggers,5000,25000,80.0,3500,0,-1500,S,False,False,True
https://www.flannels.com/lacoste-tape-joggers-488020#colcode=48802005,Lacoste Tape Joggers,4600,23000,80.0,3500,0,-1100,S,False,False,True
https://www.flannels.com/lacoste-mens-logo-closed-hem-fleece-joggers-483300#colcode=48330015,Lacoste Men's Logo Closed Hem Fleece Joggers,5200,26000,80.0,3500,0,-1700,S,False,False,True
https://www.flannels.com/lacoste-mens-logo-fleece-joggers-483298#colcode=48329818,Lacoste Men's Logo Fleece Joggers,4600,23000,80.0,3500,0,-1100,S,False,False,True
https://www.flannels.com/lacoste-jogging-bottoms-482990#colcode=48299006,Lacoste Jogging Bottoms,5200,26000,80.0,3500,0,-1700,S,False,False,True
https://www.flannels.com/lacoste-jogging-bottoms-482740#colcode=48274006,Lacoste Men's Closed Hem Fleece Joggers,5800,29000,80.0,3500,0,-2300,S,False,False,True
https://www.flannels.com/off-white-mens-closed-hem-fleece-joggers-482616#colcode=48261602,Off White Men's Closed Hem Fleece Joggers,15000,75000,80.0,12000,0,-3000,S,False,False,True
https://www.flannels.com/lacoste-active-joggers-mens-482590#colcode=48259025,Lacoste Active Joggers Mens,4800,24000,80.0,3500,0,-1300,S,False,False,True
https://www.flannels.com/lacoste-mens-closed-cuff-fleece-tapered-joggers-482378#colcode=48237806,Lacoste Men's Closed Cuff Fleece Tapered Joggers,5800,29000,80.0,3500,0,-2300,S,False,False,True
https://www.flannels.com/represent-mens-closed-hem-fleece-joggers-482376#colcode=48237624,Represent Men's Closed Hem Fleece Joggers,5600,28000,80.0,3500,0,-2100,S,False,False,True
https://www.flannels.com/lacoste-lacoste-embroidered-joggers-482355#colcode=48235599,Lacoste Men's Embroidered Closed Hem Fleece Joggers,5600,28000,80.0,3500,0,-2100,S,False,False,True
https://www.flannels.com/lacoste-mens-fleece-tapered-joggers-482353#colcode=48235399,Lacoste Men's Fleece Tapered Joggers,4400,22000,80.0,3500,0,-900,S,False,False,True
https://www.flannels.com/philipp-plein-jogging-bottoms-482170#colcode=48217003,Philipp Plein Jogging Bottoms,13600,68000,80.0,8000,0,-5600,S,False,False,True
https://www.flannels.com/fear-of-god-essentials-mens-open-hem-fleece-jogging-bottoms-480238#colcode=48023802,Fear Of God Essentials Men's Open Hem Fleece Jogging Bottoms,4800,24000,80.0,8500,0,3700,S,False,False,True
https://www.flannels.com/casablanca-mens-tailored-chino-shorts-478967#colcode=47896704,Casablanca Men's Tailored Chino Shorts,19000,95000,80.0,8500,0,-10500,S,False,False,True
https://www.flannels.com/ted-baker-ted-alscot-chinoshrt-sn53-478215#colcode=47821519,Ted Baker Men's Alscot Chino Shorts,2800,14000,80.0,2800,0,0,S,False,False,True
https://www.flannels.com/lacoste-lacoste-gh1220-shor-sn99-472223#colcode=47222306,Lacoste Men's Fleece Jogger Shorts,3000,15000,80.0,2800,0,-200,S,False,False,True
https://www.flannels.com/fear-of-god-mens-fog-thltics-performance-running-tights-450932#colcode=45093202,Fear Of God Men's FOG thltics Performance Running Tights,6400,32000,80.0,8000,0,1600,S,False,False,True
https://www.flannels.com/boss-mens-ski-trousers-430933#colcode=43093304,Boss Men's Ski Trousers,47800,239000,80.0,0,0,0,?,False,False,True
https://www.flannels.com/boss-mens-ski-trousers-430922#colcode=43092203,Boss Men's Ski Trousers,21000,105000,80.0,0,0,0,?,False,False,True
https://www.flannels.com/boss-mens-boss-water-resistant-insulated-ski-jacket-430918#colcode=43091803,Boss Men's BOSS Water-Resistant Insulated Ski Jacket,39800,199000,80.0,8500,0,-31300,S,False,False,True
https://www.flannels.com/represent-mens-cotton-woven-tracksuit-shorts-430704#colcode=43070403,Represent Men's Cotton Woven Tracksuit Shorts,7000,35000,80.0,3500,0,-3500,S,False,False,True
https://www.flannels.com/cole-buxton-dyed-carpenter-shorts-430341#colcode=43034103,Cole Buxton Dyed Carpenter Shorts,6600,33000,80.0,5500,0,-1100,S,False,False,True
https://www.flannels.com/daily-paper-mens-mehani-woven-tracksuit-shorts-430236#colcode=43023603,Daily Paper Men's Mehani Woven Tracksuit Shorts,2200,11000,80.0,0,0,0,?,False,False,True
https://www.flannels.com/ted-baker-mens-formal-crew-socks-411656#colcode=41165603,Ted Baker Men's Formal Crew Socks,1400,7000,80.0,1500,0,100,S,False,False,True
https://www.flannels.com/heron-preston-logo-patch-swim-shorts-352860#colcode=35286012,Heron Preston Logo Patch Swim Shorts,7600,38000,80.0,8500,0,900,S,False,False,True
https://www.flannels.com/boss-mens-ace-formal-jacket-335826#colcode=33582605,Boss Men's Ace Formal Jacket,25800,129000,80.0,8000,0,-17800,S,False,False,True
https://www.flannels.com/boss-mens-cris-double-breasted-formal-jacket-335824#colcode=33582402,Boss Men's Cris Double Breasted Formal Jacket,21800,109000,80.0,0,0,0,?,False,False,True
https://www.flannels.com/boss-mens-h-hutson-formal-jacket-335733#colcode=33573301,Boss Men's H Hutson Formal Jacket,25800,129000,80.0,8500,0,-17300,S,False,False,True
https://www.flannels.com/fear-of-god-essentials-mens-knitted-sweater-vest-335159#colcode=33515914,Fear Of God Essentials Men's Knitted Sweater Vest,3200,16000,80.0,8000,0,4800,S,False,False,True
https://www.flannels.com/fear-of-god-essentials-mens-knitted-sweater-vest-335159#colcode=33515913,Fear Of God Essentials Men's Knitted Sweater Vest,3200,16000,80.0,8000,0,4800,S,False,False,True
https://www.flannels.com/fear-of-god-essentials-mens-knitted-sweater-vest-335159#colcode=33515905,Fear Of God Essentials Men's Knitted Sweater Vest,3200,16000,80.0,8000,0,4800,S,False,False,True
https://www.flannels.com/fear-of-god-essentials-mens-knitted-sweater-vest-335159#colcode=33515903,Fear Of God Essentials Men's Knitted Sweater Vest,3200,16000,80.0,8000,0,4800,S,False,False,True
https://www.flannels.com/barena-mens-ameo-granato-tailored-fit-tailored-trousers-333027#colcode=33302704,Barena Men's Ameo Granato Tailored Fit Tailored Trousers,15000,75000,80.0,0,0,0,?,False,False,True
https://www.flannels.com/boss-mens-ski-pants-331802#colcode=33180203,Boss Men's Ski Pants,25800,129000,80.0,0,0,0,?,False,False,True
https://www.flannels.com/boss-mens--ftype-knitted-tops-331787#colcode=33178712,Boss Men's  Ftype Knitted Tops,21000,105000,80.0,0,0,0,?,False,False,True
https://www.flannels.com/boss-mens-heston-formal-jacket-331624#colcode=33162404,Boss Men's Heston Formal Jacket,37800,189000,80.0,8000,0,-29800,S,False,False,True
https://www.flannels.com/boss-mens-heston-lp-formal-jacket-331605#colcode=33160518,Boss Men's Heston Lp Formal Jacket,37800,189000,80.0,8000,0,-29800,S,False,False,True
https://www.flannels.com/off-white-mens-knitted-top-330941#colcode=33094199,Off White Men's Knitted Top,25000,125000,80.0,8000,0,-17000,S,False,False,True
https://www.flannels.com/printed-jumper-330416#colcode=33041618,Lacoste Men's Printed Crew Neck Jumper,5200,26000,80.0,3500,0,-1700,S,False,False,True
https://www.flannels.com/lacoste-sf7261-jmpr-sn99-330407#colcode=33040718,Lacoste Men's Crew Neck Jumper,6000,30000,80.0,3500,0,-2500,S,False,False,True
https://www.flannels.com/lacoste-sf7261-jmpr-sn99-330407#colcode=33040715,Lacoste Men's Crew Neck Jumper,6000,30000,80.0,3500,0,-2500,S,False,False,True
https://www.flannels.com/lacoste-mens-long-moisture-wicking-leggings-329991#colcode=32999103,Lacoste Men's Long Moisture Wicking Leggings,4400,22000,80.0,2800,0,-1600,S,False,False,True
https://www.flannels.com/cole-buxton-carpenter-trousers-327551#colcode=32755103,Cole Buxton Carpenter Trousers,7000,35000,80.0,0,0,0,?,False,False,True
https://www.flannels.com/cole-buxton-monogram-knit-trousers-327526#colcode=32752618,Cole Buxton Monogram Knit Trousers,9400,47000,80.0,8500,0,-900,S,False,False,True
https://www.flannels.com/cole-buxton-alpaca-shorts-327518#colcode=32751818,Cole Buxton Alpaca Shorts,9800,49000,80.0,0,0,0,?,False,False,True
https://www.flannels.com/cole-buxton-alpaca-shorts-327518#colcode=32751815,Cole Buxton Alpaca Shorts,9800,49000,80.0,0,0,0,?,False,False,True
https://www.flannels.com/casablanca-mens-flame-zipped-knitted-top-325616#colcode=32561603,Casablanca Men's Flame Zipped Knitted Top,41800,209000,80.0,8000,0,-33800,S,False,False,True
https://www.flannels.com/dolce-and-gabbana-mens-short-sleeve-turtleneck-knitted-top-325143#colcode=32514301,Dolce and Gabbana Men's Short Sleeve Turtleneck Knitted Top,31800,159000,80.0,8000,0,-23800,S,False,False,True
https://www.flannels.com/jacob-cohen-mens-knitted-crew-neck-jumper-323482#colcode=32348218,Jacob Cohen Men's Knitted Crew Neck Jumper,20000,100000,80.0,4500,0,-15500,S,False,False,True
https://www.flannels.com/boss-mens-h-hutson-formal-jacket-321924#colcode=32192408,Boss Men's H Hutson Formal Jacket,25800,129000,80.0,8500,0,-17300,S,False,False,True
https://www.flannels.com/represent-mens-open-gauge-knitted-lightweight-crew-neck-jumper-320125#colcode=32012501,Represent Men's Open Gauge Knitted Lightweight Crew Neck Jumper,6800,34000,80.0,3500,0,-3300,S,False,False,True
https://www.flannels.com/simon-carter-window-pane-check-regular-suit-jacket-312085#colcode=31208518,Simon Carter Window pane check regular suit jacket,11200,56000,80.0,0,0,0,?,False,False,True
https://www.flannels.com/simon-carter-textured-regular-fit-suit-jacket-309904#colcode=30990418,Simon Carter Textured regular fit suit jacket,10600,53000,80.0,8000,0,-2600,S,False,False,True
https://www.flannels.com/moschino-mens-flat-ankle-boots-232668#colcode=23266824,Moschino Men's Flat Ankle Boots,17000,85000,80.0,8500,0,-8500,S,False,False,True
https://www.flannels.com/nicholas-deakins-mens-deaks-chad-biker-boots-231543#colcode=23154305,Deakins Men's Deaks Chad Biker Boots,3200,16000,80.0,0,0,0,?,False,False,True
https://www.flannels.com/nicholas-deakins-mens-deaks-chad-biker-boots-231543#colcode=23154303,Deakins Men's Deaks Chad Biker Boots,3200,16000,80.0,0,0,0,?,False,False,True
https://www.flannels.com/new-balance-nb-990-mens-117007#colcode=11700702,New Balance NB 990 Mens,8400,42000,80.0,8500,0,100,S,False,False,True
https://www.flannels.com/represent-mens-reptor-low-sneakers--quality-comfort-116399#colcode=11639903,"Represent Men's Reptor Low Sneakers, Quality Comfort",7800,39000,80.0,0,0,0,?,False,False,True
https://www.flannels.com/comme-des-garcons-play-x-converse-chuck-taylor-low-top-trainers-114246#colcode=11424616,Comme des Garcons PLAY X Converse Chuck Taylor Low Top Trainers,5600,28000,80.0,8000,0,2400,S,False,False,True
https://www.flannels.com/moschino-mens-court-trainers-111657#colcode=11165703,Moschino Men's Court Trainers,10000,50000,80.0,8000,0,-2000,S,False,False,True
https://www.flannels.com/nicholas-deakins-mens-deaks-trigger-brogue-boots-111560#colcode=11156005,Deakins Men's Deaks Trigger Brogue Boots,3000,15000,80.0,0,0,0,?,False,False,True
https://www.flannels.com/adidas-originals-by-wales-bonner-superstar-shoes-110652#colcode=11065205,adidas Originals By Wales Bonner Superstar Shoes,9600,48000,80.0,12000,0,2400,S,False,False,True
https://www.flannels.com/adidas-originals-by-wales-bonner-superstar-shoes-110263#colcode=11026369,adidas Originals By Wales Bonner Superstar Shoes,9600,48000,80.0,12000,0,2400,S,False,False,True
https://www.flannels.com/off-white-embroidered-tailor-pants-300220#colcode=30022003,Off White Embroidered Tailor Pants,25000,124998,80.0,8500,0,-16500,S,False,False,True
https://www.flannels.com/emporio-armani-trousers-296315#colcode=29631518,Emporio Armani Trousers,20000,99998,80.0,3500,0,-16500,S,False,False,True
https://www.flannels.com/emporio-armani-trousers-295890#colcode=29589004,Emporio Armani Trousers,20000,99998,80.0,3500,0,-16500,S,False,False,True
https://www.flannels.com/emporio-armani-trousers-334451#colcode=33445118,Emporio Armani Trousers,19600,97998,80.0,3500,0,-16100,S,False,False,True
https://www.flannels.com/emporio-armani-knit-sweater-337305#colcode=33730518,Emporio Armani Knit Sweater,18400,91998,80.0,8000,0,-10400,S,False,False,True
https://www.flannels.com/emporio-armani-knit-sweatshirt-315120#colcode=31512099,Emporio Armani Knit Sweatshirt,18400,91998,80.0,3500,0,-14900,S,False,False,True
https://www.flannels.com/emporio-armani-v-neck-sweater-335665#colcode=33566518,Emporio Armani V-Neck Sweater,18000,89998,80.0,3500,0,-14500,S,False,False,True
https://www.flannels.com/emporio-armani-trousers-334443#colcode=33444302,Emporio Armani Trousers,18000,89998,80.0,3500,0,-14500,S,False,False,True
https://www.flannels.com/emporio-armani-shirt-334453#colcode=33445315,Emporio Armani Shirt,16000,79998,80.0,3500,0,-12500,S,False,False,True
https://www.flannels.com/emporio-armani-shirt-334452#colcode=33445269,Emporio Armani Shirt,16000,79998,80.0,3500,0,-12500,S,False,False,True
https://www.flannels.com/emporio-armani-trousers-334436#colcode=33443618,Emporio Armani Trousers,16000,79998,80.0,3500,0,-12500,S,False,False,True
https://www.flannels.com/emporio-armani-trousers-297454#colcode=29745418,Emporio Armani Trousers,16000,79998,80.0,3500,0,-12500,S,False,False,True
https://www.flannels.com/emporio-armani-trousers-295929#colcode=29592901,Emporio Armani Trousers,15600,77998,80.0,3500,0,-12100,S,False,False,True
https://www.flannels.com/emporio-armani-trousers-292681#colcode=29268118,Emporio Armani Trousers,15600,77998,80.0,3500,0,-12100,S,False,False,True
https://www.flannels.com/emporio-armani-shirt-334557#colcode=33455715,Emporio Armani Shirt,14000,69998,80.0,3500,0,-10500,S,False,False,True
https://www.flannels.com/emporio-armani-shirt-334466#colcode=33446669,Emporio Armani Shirt,14000,69998,80.0,3500,0,-10500,S,False,False,True
https://www.flannels.com/emporio-armani-abstract-print-long-sleeve-shirt-334450#colcode=33445018,Emporio Armani Abstract Print Long Sleeve Shirt,14000,69998,80.0,3500,0,-10500,S,False,False,True
https://www.flannels.com/emporio-armani-abstract-print-long-sleeve-shirt-334360#colcode=33436099,Emporio Armani Abstract Print Long Sleeve Shirt,14000,69998,80.0,3500,0,-10500,S,False,False,True
https://www.flannels.com/emporio-armani-shirt-298312#colcode=29831299,Emporio Armani Shirt,10000,49998,80.0,3500,0,-6500,S,False,False,True
https://www.flannels.com/tommy-hilfiger-brushed-twill-tapered-chinos-295853#colcode=29585318,Tommy Hilfiger Brushed Twill Tapered Chinos,6000,29998,80.0,3500,0,-2500,S,False,False,True
https://www.flannels.com/tommy-hilfiger-smart-casual-slim-fit-denim-shirt-294881#colcode=29488118,Tommy Hilfiger Smart Casual Slim-Fit Denim Shirt,4400,21998,80.0,3500,0,-900,S,False,False,True
https://www.flannels.com/boss-pocket-square-017128#colcode=01712808,Boss Pocket Square,1800,8998,80.0,0,0,0,?,False,False,True
https://www.flannels.com/boss-mens-h-reymond-formal-jacket-335868#colcode=33586802,Boss Men's H Reymond Formal Jacket,20000,99800,80.0,8000,0,-12000,S,False,False,True
https://www.flannels.com/boss-mens-gee-tux-camel-suit-trousers-579291#colcode=57929103,Boss Men's Gee Tux Camel Suit Trousers,19600,97800,80.0,8000,0,-11600,S,False,False,True
https://www.flannels.com/boss-mens-hutson-double-breasted-formal-jacket-335839#colcode=33583902,Boss Men's Hutson Double Breasted Formal Jacket,19600,97800,80.0,0,0,0,?,False,False,True
https://www.flannels.com/boss-mens-h-hutson-formal-jacket-335825#colcode=33582501,Boss Men's H Hutson Formal Jacket,19600,97800,80.0,8500,0,-11100,S,False,False,True
https://www.flannels.com/boss-mens-h-hutson-elbow-formal-jacket-335713#colcode=33571315,Boss Men's H Hutson Elbow Formal Jacket,19600,97800,80.0,8000,0,-11600,S,False,False,True
https://www.flannels.com/boss-mens-p-hanry-inpad-formal-jacket-331705#colcode=33170518,Boss Men's P Hanry Inpad Formal Jacket,19600,97800,80.0,0,0,0,?,False,False,True
https://www.flannels.com/boss-mens-c-hanry-junior-double-breasted-formal-jacket-328484#colcode=32848418,Boss Men's C Hanry Junior Double Breasted Formal Jacket,19600,97800,80.0,8000,0,-11600,S,False,False,True
https://www.flannels.com/boss-mens-h-hutson-formal-jacket-325540#colcode=32554018,Boss Men's H Hutson Formal Jacket,19600,97800,80.0,8500,0,-11100,S,False,False,True
https://www.flannels.com/boss-mens-hbc-bernardo-luxuriant-cashmere-jumper-312377#colcode=31237708,Boss Men's HBC Bernardo Luxuriant Cashmere Jumper,19600,97800,80.0,0,0,0,?,False,False,True
https://www.flannels.com/off-white-mens-skate-relaxed-fit-crew-sweatshirt-523091#colcode=52309115,Off White Men's Skate Relaxed Fit Crew Sweatshirt,16400,81800,80.0,8000,0,-8400,S,False,False,True
https://www.flannels.com/boss-mens-anderson-straight-leg-jeans-642161#colcode=64216103,Boss Men's Anderson Straight Leg Jeans,15600,77800,79.9,3500,0,-12100,S,False,False,True
https://www.flannels.com/hugo-mens-arti-hesten-tailored-fit-blazer-604389#colcode=60438918,Hugo Men's Arti Hesten Tailored Fit Blazer,15600,77800,79.9,0,0,0,?,False,False,True
https://www.flannels.com/boss-mens-suit-jacket-520833#colcode=52083318,Boss Men's Suit Jacket,15600,77800,79.9,8500,0,-7100,S,False,False,True
https://www.flannels.com/boss-mens-formal-jacket-335735#colcode=33573501,Boss Men's Formal Jacket,15600,77800,79.9,8000,0,-7600,S,False,False,True
https://www.flannels.com/boss-mens-p-hanry-junior-formal-335721#colcode=33572103,Boss Men's P Hanry Junior Formal,15600,77800,79.9,0,0,0,?,False,False,True
https://www.flannels.com/boss-mens-maguno-knitwear-jumper-331659#colcode=33165904,Boss Men's Maguno Knitwear Jumper,15600,77800,79.9,0,0,0,?,False,False,True
https://www.flannels.com/boss-mens-formal-jacket-327128#colcode=32712818,Boss Men's Formal Jacket,15600,77800,79.9,8000,0,-7600,S,False,False,True
https://www.flannels.com/boss-mens-p-henry-junior-formal-jacket-327066#colcode=32706608,Boss Men's P Henry Junior Formal Jacket,15600,77800,79.9,0,0,0,?,False,False,True
https://www.flannels.com/boss-mens-formal-jacket-326431#colcode=32643118,Boss Men's Formal Jacket,15600,77800,79.9,8000,0,-7600,S,False,False,True
https://www.flannels.com/boss-mens-carper-coach-p-formal-326405#colcode=32640515,Boss Men's Carper Coach P Formal,15600,77800,79.9,0,0,0,?,False,False,True
https://www.flannels.com/boss-mens-formal-jacket-326389#colcode=32638915,Boss Men's Formal Jacket,15600,77800,79.9,8000,0,-7600,S,False,False,True
https://www.flannels.com/boss-mens-formal-jacket-326192#colcode=32619218,Boss Men's Formal Jacket,15600,77800,79.9,8000,0,-7600,S,False,False,True
https://www.flannels.com/boss-jeckson-blazer-jacket-318197#colcode=31819702,Boss Jeckson Blazer Jacket,14400,71798,79.9,0,0,0,?,False,False,True
https://www.flannels.com/boss-mens-formal-jacket-335892#colcode=33589202,Boss Men's Formal Jacket,14000,69800,79.9,8000,0,-6000,S,False,False,True
https://www.flannels.com/boss-mens-formal-jacket-335891#colcode=33589118,Boss Men's Formal Jacket,14000,69800,79.9,8000,0,-6000,S,False,False,True
https://www.flannels.com/boss-mens-formal-jacket-335889#colcode=33588918,Boss Men's Formal Jacket,14000,69800,79.9,8000,0,-6000,S,False,False,True
https://www.flannels.com/boss-mens-h-jeckson-l-formal-jacket-335755#colcode=33575518,Boss Men's H Jeckson L Formal Jacket,14000,69800,79.9,8000,0,-6000,S,False,False,True
https://www.flannels.com/boss-mens-h-huge-s-formal-335754#colcode=33575419,Boss Men's H Huge S Formal,14000,69800,79.9,0,0,0,?,False,False,True
https://www.flannels.com/boss-mens-h-huge-s-formal-335754#colcode=33575402,Boss Men's H Huge S Formal,14000,69800,79.9,0,0,0,?,False,False,True
https://www.flannels.com/boss-mens-formal-jacket-335753#colcode=33575319,Boss Men's Formal Jacket,14000,69800,79.9,8000,0,-6000,S,False,False,True
https://www.flannels.com/boss-mens-formal-jacket-335753#colcode=33575303,Boss Men's Formal Jacket,14000,69800,79.9,8000,0,-6000,S,False,False,True
https://www.flannels.com/boss-mens-formal-jacket-335753#colcode=33575302,Boss Men's Formal Jacket,14000,69800,79.9,8000,0,-6000,S,False,False,True
https://www.flannels.com/boss-mens-ski-midlayer-331798#colcode=33179803,Boss Men's Ski Midlayer,14000,69800,79.9,0,0,0,?,False,False,True
https://www.flannels.com/boss-mens-formal-jacket-321901#colcode=32190120,Boss Men's Formal Jacket,14000,69800,79.9,8000,0,-6000,S,False,False,True
https://www.flannels.com/boss-mens-formal-jacket-321901#colcode=32190102,Boss Men's Formal Jacket,14000,69800,79.9,8000,0,-6000,S,False,False,True
https://www.flannels.com/boss-t-lone-lc-trousers-334039#colcode=33403918,Boss T-Lone LC Trousers,11998,59798,79.9,0,0,0,?,False,False,True
https://www.flannels.com/boss-t-lone-lc-trousers-334006#colcode=33400603,Boss T-Lone LC Trousers,11998,59798,79.9,0,0,0,?,False,False,True
https://www.flannels.com/hugo-mens-tailored-fit-two-button-notched-lapel-suit-jacket-529207#colcode=52920702,Hugo Men's Tailored Fit Two Button Notched Lapel Suit Jacket,12400,61800,79.9,8000,0,-4400,S,False,False,True
https://www.flannels.com/boss-mens-jasper-mm-formal-jacket-335781#colcode=33578102,Boss Men's Jasper Mm Formal Jacket,12400,61800,79.9,8000,0,-4400,S,False,False,True
https://www.flannels.com/hugo-mens-formal-jacket-326002#colcode=32600204,Hugo Men's Formal Jacket,12400,61800,79.9,8000,0,-4400,S,False,False,True
https://www.flannels.com/boss-mens-millenium-1-4-zip-fleece-551714#colcode=55171415,Boss Men's Millenium 1/4 Zip Fleece,11600,57800,79.9,3500,0,-8100,S,False,False,True
https://www.flannels.com/boss-mens--t-glam-crew-sweater-522600#colcode=52260004,Boss Men's  T-Glam Crew Sweater,11600,57800,79.9,3500,0,-8100,S,False,False,True
https://www.flannels.com/boss-mens-slim-fit-stretch-trousers-514066#colcode=51406603,Boss Men's Slim Fit Stretch Trousers,11600,57800,79.9,0,0,0,?,False,False,True
https://www.flannels.com/boss-mens-closed-hem-jersey-joggers-488116#colcode=48811601,Boss Men's Closed Hem Jersey Joggers,11600,57800,79.9,3500,0,-8100,S,False,False,True
https://www.flannels.com/boss-mens--ski-midlayers-331799#colcode=33179912,Boss Men's  Ski Midlayers,11600,57800,79.9,0,0,0,?,False,False,True
https://www.flannels.com/boss-mens-l-peet-pleat-tailored-trousers-331633#colcode=33163311,Boss Men's L Peet Pleat Tailored Trousers,11600,57800,79.9,3500,0,-8100,S,False,False,True
https://www.flannels.com/boss-mens-jamie-knitted-hoodie-329358#colcode=32935806,Boss Men's Jamie Knitted Hoodie,11600,57800,79.9,8000,0,-3600,S,False,False,True
https://www.flannels.com/hugo-mens-juliano242-d-formal-jacket-328261#colcode=32826101,Hugo Men's Juliano242 D Formal Jacket,11600,57800,79.9,0,0,0,?,False,False,True
https://www.flannels.com/boss-mens-carper-formal-jacket-326052#colcode=32605203,Boss Men's Carper Formal Jacket,11600,57800,79.9,8000,0,-3600,S,False,False,True
https://www.flannels.com/boss-mens-kensing-derby-shoes-112109#colcode=11210905,Boss Men's Kensing Derby Shoes,11600,57800,79.9,12000,0,400,S,False,False,True
https://www.flannels.com/boss-derrek-derby-shoes-021477#colcode=02147705,Boss Derrek Derby Shoes,11600,57798,79.9,0,0,0,?,False,False,True
https://www.flannels.com/boss-t-glover3-trousers-334171#colcode=33417118,Boss T-Glover3 Trousers,10798,53798,79.9,0,0,0,?,False,False,True
https://www.flannels.com/ted-baker-ted-puppytooth-jkt-sn99-520250#colcode=52025018,Ted Baker Men's Puppytooth Suit Jacket,10400,51800,79.9,8000,0,-2400,S,False,False,True
https://www.flannels.com/ted-baker-ted-heritage-chk-jkt-sn99-520239#colcode=52023902,Ted Baker Men's Heritage Check Suit Jacket,10400,51800,79.9,8000,0,-2400,S,False,False,True
https://www.flannels.com/boss-mens-taber-edge-straight-leg-jeans-642148#colcode=64214818,Boss Men's Taber Edge Straight Leg Jeans,9600,47800,79.9,6500,0,-3100,S,False,False,True
https://www.flannels.com/boss-mens-lamont-ps-t-shirt-595139#colcode=59513915,Boss Men's Lamont Ps T-Shirt,9600,47800,79.9,3500,0,-6100,S,False,False,True
https://www.flannels.com/boss-mens-peter-pl-double-breasted-straight-leg-trousers-511766#colcode=51176602,Boss Men's Peter Pl Double Breasted Straight Leg Trousers,9600,47800,79.9,8000,0,-1600,S,False,False,True
https://www.flannels.com/boss-mens-t-gee-d-straight-leg-trousers-511146#colcode=51114608,Boss Men's T Gee D Straight Leg Trousers,9600,47800,79.9,3500,0,-6100,S,False,False,True
https://www.flannels.com/boss-mens-front-pleated-trousers-331691#colcode=33169105,Boss Men's Front Pleated Trousers,9600,47800,79.9,0,0,0,?,False,False,True
https://www.flannels.com/boss-mens-jim-kent-long-sleeve-plain-shirt-331615#colcode=33161504,Boss Men's Jim Kent Long Sleeve Plain Shirt,9600,47800,79.9,3500,0,-6100,S,False,False,True
https://www.flannels.com/off-white-umbrellas-780111#colcode=78011118,Off White Umbrellas,9400,46800,79.9,0,0,0,?,False,False,True
https://www.flannels.com/boss-mens-khaby-wide-leg-trousers-671081#colcode=67108112,Boss Men's Khaby Wide Leg Trousers,8000,39800,79.9,0,0,0,?,False,False,True
https://www.flannels.com/boss-mens-h-genius-tux-slim-fit-suit-trousers-578089#colcode=57808915,Boss Men's H-Genius-Tux Slim Fit Suit Trousers,8000,39800,79.9,0,0,0,?,False,False,True
https://www.flannels.com/boss-mens-netstat-long-sleeve-oxford-shirt-552744#colcode=55274405,Boss Men's Netstat Long Sleeve Oxford Shirt,8000,39800,79.9,3500,0,-4500,S,False,False,True
https://www.flannels.com/boss-mens-josh-oxford-long-sleeve-shirt-551263#colcode=55126315,Boss Men's Josh Oxford Long Sleeve Shirt,8000,39800,79.9,3500,0,-4500,S,False,False,True
https://www.flannels.com/boss-mens-cortski-short-sleeve-polo-shirt-542649#colcode=54264903,Boss Men's CortSki Short Sleeve Polo Shirt,8000,39800,79.9,3500,0,-4500,S,False,False,True
https://www.flannels.com/boss-mens-p-lamont-short-sleeve-polo-shirt-542526#colcode=54252608,Boss Men's P Lamont Short Sleeve Polo Shirt,8000,39800,79.9,3500,0,-4500,S,False,False,True
https://www.flannels.com/boss-mens-p-lamont-short-sleeve-polo-shirt-542526#colcode=54252603,Boss Men's P Lamont Short Sleeve Polo Shirt,8000,39800,79.9,3500,0,-4500,S,False,False,True
https://www.flannels.com/boss-mens-perin-pl-straight-leg-trousers-511767#colcode=51176701,Boss Men's Perin Pl Straight Leg Trousers,8000,39800,79.9,0,0,0,?,False,False,True
https://www.flannels.com/boss-mens-h-genius-straight-leg-trousers-511634#colcode=51163418,Boss Men's H Genius Straight Leg Trousers,8000,39800,79.9,0,0,0,?,False,False,True
https://www.flannels.com/boss-mens-tailored-straight-leg-trousers-511311#colcode=51131104,Boss Men's Tailored Straight Leg Trousers,8000,39800,79.9,0,0,0,?,False,False,True
https://www.flannels.com/boss-mens-florencio-closed-hem-jersey-joggers-488119#colcode=48811918,Boss Men's Florencio Closed Hem Jersey Joggers,8000,39800,79.9,3500,0,-4500,S,False,False,True
https://www.flannels.com/boss-mens-double-breasted-pant-oversized-fit-shorts-488029#colcode=48802911,Boss Men's Double Breasted Pant Oversized Fit Shorts,8000,39800,79.9,0,0,0,?,False,False,True
https://www.flannels.com/boss-mens-tolli-knitted-top-332262#colcode=33226201,Boss Men's Tolli Knitted Top,8000,39800,79.9,0,0,0,?,False,False,True
https://www.flannels.com/boss-mens-perin-pleated-trousers-331703#colcode=33170304,Boss Men's Perin Pleated Trousers,8000,39800,79.9,0,0,0,?,False,False,True
https://www.flannels.com/boss-mens-knitted-t-shirt-325323#colcode=32532304,Boss Men's Knitted T-Shirt,8000,39800,79.9,3500,0,-4500,S,False,False,True
https://www.flannels.com/boss-mens-knitted-t-shirt-325323#colcode=32532303,Boss Men's Knitted T-Shirt,8000,39800,79.9,3500,0,-4500,S,False,False,True
https://www.flannels.com/valentino-knit-turtleneck-jumper-332472#colcode=33247203,Valentino Knit Turtleneck Jumper,39800,198000,79.9,8000,0,-31800,S,False,False,True
https://www.flannels.com/off-white-style-sun-square-sunglasses-758502#colcode=75850299,Off White Style Sun Square Sunglasses,7600,37800,79.9,0,0,0,?,False,False,True
https://www.flannels.com/off-white-reading-glasses-707445#colcode=70744569,Off White Reading Glasses,7600,37800,79.9,0,0,0,?,False,False,True
https://www.flannels.com/off-white-reading-glasses-707384#colcode=70738469,Off White Reading Glasses,7600,37800,79.9,0,0,0,?,False,False,True
https://www.flannels.com/off-white-reading-glasses-707319#colcode=70731969,Off White Reading Glasses,7600,37800,79.9,0,0,0,?,False,False,True
https://www.flannels.com/off-white-style-sun-reading-glasses-706759#colcode=70675918,Off White Style Sun Reading Glasses,7600,37800,79.9,0,0,0,?,False,False,True
https://www.flannels.com/off-white-style-sun-reading-glasses-706745#colcode=70674518,Off White Style Sun Reading Glasses,7600,37800,79.9,0,0,0,?,False,False,True
https://www.flannels.com/off-white-optical-s-reading-glasses-706559#colcode=70655999,Off White Optical S Reading Glasses,7600,37800,79.9,0,0,0,?,False,False,True
https://www.flannels.com/boss-mens-genius-tailored-fit-suit-trousers-579189#colcode=57918904,Boss Men's Genius Tailored Fit Suit Trousers,7600,37800,79.9,0,0,0,?,False,False,True
https://www.flannels.com/boss-mens-h-genius-slim-fit-trousers-514007#colcode=51400718,Boss Men's H Genius Slim Fit Trousers,7600,37800,79.9,3500,0,-4100,S,False,False,True
https://www.flannels.com/boss-mens-c-genius-straight-leg-trousers-511869#colcode=51186918,Boss Men's C Genius Straight Leg Trousers,7600,37800,79.9,0,0,0,?,False,False,True
https://www.flannels.com/boss-mens-straight-leg-trousers-511743#colcode=51174301,Boss Men's Straight Leg Trousers,7600,37800,79.9,0,0,0,?,False,False,True
https://www.flannels.com/boss-mens-p-genius-straight-leg-trousers-511706#colcode=51170608,Boss Men's P Genius Straight Leg Trousers,7600,37800,79.9,0,0,0,?,False,False,True
https://www.flannels.com/boss-mens-p-genius-cw-straight-leg-trousers-511684#colcode=51168402,Boss Men's P Genius Cw Straight Leg Trousers,7600,37800,79.9,3500,0,-4100,S,False,False,True
https://www.flannels.com/boss-mens-straight-leg-trousers-511656#colcode=51165601,Boss Men's Straight Leg Trousers,7600,37800,79.9,0,0,0,?,False,False,True
https://www.flannels.com/boss-mens-p-genius-rdspck-straight-leg-trousers-511565#colcode=51156518,Boss Men's P Genius Rdspck Straight Leg Trousers,7600,37800,79.9,0,0,0,?,False,False,True
https://www.flannels.com/boss-mens-h-lenon-straight-leg-trousers-510493#colcode=51049302,Boss Men's H Lenon Straight Leg Trousers,7600,37800,79.9,3500,0,-4100,S,False,False,True
https://www.flannels.com/boss-mens-h-lenon-straight-leg-trousers-510358#colcode=51035802,Boss Men's H Lenon Straight Leg Trousers,7600,37800,79.9,3500,0,-4100,S,False,False,True
https://www.flannels.com/boss-h-genius-trousers-298632#colcode=29863205,Boss H-Genius Trousers,7600,37798,79.9,0,0,0,?,False,False,True
https://www.flannels.com/givenchy-mens-open-cuff-jersey-joggers-510672#colcode=51067203,GIVENCHY Men's Open Cuff Jersey Joggers,35800,178000,79.9,8000,0,-27800,S,False,False,True
https://www.flannels.com/givenchy-track-shorts-430491#colcode=43049103,GIVENCHY Track Shorts,35800,178000,79.9,8000,0,-27800,S,False,False,True
https://www.flannels.com/db-double-breasted-freya-backpack-716834#colcode=71683404,DB Double Breasted Freya Backpack,6800,33800,79.9,0,0,0,?,False,False,True
https://www.flannels.com/boss-mens-h-re-maine-slim-fit-jeans-644660#colcode=64466018,Boss Men's H Re.Maine Slim Fit Jeans,6800,33800,79.9,5000,0,-1800,S,False,False,True
https://www.flannels.com/boss-mens-h-joe-spread-long-sleeve-oxford-shirt-553006#colcode=55300601,Boss Men's H Joe Spread Long Sleeve Oxford Shirt,6800,33800,79.9,3500,0,-3300,S,False,False,True
https://www.flannels.com/boss-mens-p-hank-kent-long-sleeve-oxford-shirt-552752#colcode=55275218,Boss Men's P Hank Kent Long Sleeve Oxford Shirt,6800,33800,79.9,2500,0,-4300,S,False,False,True
https://www.flannels.com/boss-mens-lancione-long-sleeve-polo-544042#colcode=54404218,Boss Men's Lancione Long-Sleeve Polo,6800,33800,79.9,3500,0,-3300,S,False,False,True
https://www.flannels.com/boss-mens-musso-p-crew-sweatshirt-523197#colcode=52319716,Boss Men's Musso P Crew Sweatshirt,6800,33800,79.9,3500,0,-3300,S,False,False,True
https://www.flannels.com/boss-mens-musso-p-crew-sweatshirt-523197#colcode=52319709,Boss Men's Musso P Crew Sweatshirt,6800,33800,79.9,3500,0,-3300,S,False,False,True
https://www.flannels.com/boss-mens-c-perin-cargo-straight-leg-trousers-511713#colcode=51171369,Boss Men's C Perin Cargo Straight Leg Trousers,6800,33800,79.9,0,0,0,?,False,False,True
https://www.flannels.com/boss-mens-p-kaiton1-zipped-straight-leg-trousers-511650#colcode=51165018,Boss Men's P Kaiton1 Zipped Straight Leg Trousers,6800,33800,79.9,0,0,0,?,False,False,True
https://www.flannels.com/boss-mens-perin-straight-leg-trouser-511184#colcode=51118418,Boss Men's Perin Straight Leg Trouser,6800,33800,79.9,4500,0,-2300,S,False,False,True
https://www.flannels.com/boss-mens-c-perin-straight-trousers-511145#colcode=51114518,Boss Men's C-Perin Straight Trousers,6800,33800,79.9,0,0,0,?,False,False,True
https://www.flannels.com/boss-mens-p-perin-straight-trousers-511118#colcode=51111818,Boss Men's P-Perin Straight Trousers,6800,33800,79.9,0,0,0,?,False,False,True
https://www.flannels.com/hugo-mens-straight-leg-trousers-511097#colcode=51109718,Hugo Men's Straight Leg Trousers,6800,33800,79.9,0,0,0,?,False,False,True
https://www.flannels.com/boss-mens-hbb-kato-sustainable-organic-cotton-trousers-514368#colcode=51436818,Boss Men's HBB Kato Sustainable Organic Cotton Trousers,6400,31800,79.9,0,0,0,?,False,False,True
https://www.flannels.com/boss-mens-kane-slim-fit-trousers-514063#colcode=51406305,Boss Men's Kane Slim Fit Trousers,6400,31800,79.9,0,0,0,?,False,False,True
https://www.flannels.com/boss-mens-kaito1-slim-fit-trousers-514053#colcode=51405318,Boss Men's Kaito1 Slim Fit Trousers,6400,31800,79.9,0,0,0,?,False,False,True
https://www.flannels.com/boss-mens-h-kane-straight-leg-trousers-511691#colcode=51169103,Boss Men's H Kane Straight Leg Trousers,6400,31800,79.9,0,0,0,?,False,False,True
https://www.flannels.com/boss-mens-h-genius-s-straight-leg-trousers-511669#colcode=51166919,Boss Men's H Genius S Straight Leg Trousers,6400,31800,79.9,3500,0,-2900,S,False,False,True
https://www.flannels.com/boss-mens-h-genius-s-straight-leg-trousers-511669#colcode=51166902,Boss Men's H Genius S Straight Leg Trousers,6400,31800,79.9,3500,0,-2900,S,False,False,True
https://www.flannels.com/hugo-mens-felix242-d-straight-leg-trousers-511571#colcode=51157101,Hugo Men's Felix242 D Straight Leg Trousers,6400,31800,79.9,0,0,0,?,False,False,True
https://www.flannels.com/boss-mens-h-genius-mm-straight-leg-trousers-510735#colcode=51073520,Boss Men's H Genius Mm Straight Leg Trousers,6400,31800,79.9,3500,0,-2900,S,False,False,True
https://www.flannels.com/boss-mens-h-genius-mm-straight-leg-trousers-510735#colcode=51073518,Boss Men's H Genius Mm Straight Leg Trousers,6400,31800,79.9,3500,0,-2900,S,False,False,True
https://www.flannels.com/boss-mens-h-genius-mm-straight-leg-trousers-510735#colcode=51073502,Boss Men's H Genius Mm Straight Leg Trousers,6400,31800,79.9,3500,0,-2900,S,False,False,True
https://www.flannels.com/boss-mens-hadiko-diamond-diamond-textured-closed-hem-jersey-joggers-480278#colcode=48027808,Boss Men's Hadiko Diamond Diamond-Textured Closed Hem Jersey Joggers,6400,31800,79.9,0,0,0,?,False,False,True
https://www.flannels.com/boss-mens-melba-p-knitted-top-330229#colcode=33022903,Boss Men's Melba P Knitted Top,6400,31800,79.9,3500,0,-2900,S,False,False,True
https://www.flannels.com/boss-mens-melba-p-knitted-top-330229#colcode=33022902,Boss Men's Melba P Knitted Top,6400,31800,79.9,3500,0,-2900,S,False,False,True
https://www.flannels.com/maison-margiela-mens-knitted-top-327558#colcode=32755818,Maison Margiela Men's Knitted Top,31800,158000,79.9,15000,0,-16800,S,False,False,True
https://www.flannels.com/emporio-armani-bomber-jacket-335417#colcode=33541715,Emporio Armani Bomber Jacket,31800,157998,79.9,8000,0,-23800,S,False,False,True
https://www.flannels.com/off-white-mens-oversized-fit-cotton-short-sleeve-point-collar-shirt-556218#colcode=55621818,Off White Men's Oversized Fit Cotton Short Sleeve Point Collar Shirt,23800,118200,79.9,8000,0,-15800,S,False,False,True
https://www.flannels.com/off-white-mens--slim-fit-trousers-with-signature-paperclip-detail-514010#colcode=51401001,Off White Men's  Slim Fit Trousers with Signature Paperclip Detail,23800,118200,79.9,8000,0,-15800,S,False,False,True
https://www.flannels.com/emporio-armani-overshirt-334432#colcode=33443203,Emporio Armani Overshirt,29800,147998,79.9,6500,0,-23300,S,False,False,True
https://www.flannels.com/db-double-breasted-roamer-duffel-backpack-731167#colcode=73116718,DB Double Breasted Roamer Duffel Backpack,5600,27800,79.9,0,0,0,?,False,False,True
https://www.flannels.com/db-backpack-716909#colcode=71690908,DB Backpack,5600,27800,79.9,0,0,0,?,False,False,True
https://www.flannels.com/boss-mens-h-leon-tailored-fit-suit-trousers-579610#colcode=57961004,Boss Men's H Leon Tailored Fit Suit Trousers,5600,27800,79.9,0,0,0,?,False,False,True
https://www.flannels.com/boss-mens-h-genius-suit-trousers-579412#colcode=57941218,Boss Men's H-Genius Suit Trousers,5600,27800,79.9,0,0,0,?,False,False,True
https://www.flannels.com/boss-mens-black-cotton-slim-fit-trousers-579243#colcode=57924308,Boss Men's Black Cotton Slim Fit Trousers,5600,27800,79.9,3500,0,-2100,S,False,False,True
https://www.flannels.com/boss-mens-hbb-jasper-slim-fit-waistcoat-566050#colcode=56605002,Boss Men's HBB Jasper Slim-fit Waistcoat,5600,27800,79.9,0,0,0,?,False,False,True
https://www.flannels.com/boss-mens-hbb-hankkent-patterned-long-sleeve-shirt-551868#colcode=55186804,Boss Men's HBB HankKent Patterned Long-Sleeve Shirt,5600,27800,79.9,0,0,0,?,False,False,True
https://www.flannels.com/boss-mens-lightweight-short-sleeve-shirt-550356#colcode=55035615,Boss Men's Lightweight Short Sleeve Shirt,5600,27800,79.9,0,0,0,?,False,False,True
https://www.flannels.com/boss-mens-c-thompson-ps-short-sleeve-polo-shirt-542355#colcode=54235501,Boss Men's C Thompson Ps Short Sleeve Polo Shirt,5600,27800,79.9,3000,0,-2600,S,False,False,True
https://www.flannels.com/boss-mens-se-logoraw-short-sleeve-polo-shirt-542081#colcode=54208105,Boss Men's Se logoraw Short Sleeve Polo Shirt,5600,27800,79.9,3500,0,-2100,S,False,False,True
https://www.flannels.com/boss-mens-hbg-commuter-slim-fit-trousers-514232#colcode=51423215,Boss Men's HBG Commuter-Slim Fit Trousers,5600,27800,79.9,0,0,0,?,False,False,True
https://www.flannels.com/boss-mens-kaito1--black-mid-rise-zip-fly-slim-fit-trousers-514113#colcode=51411303,Boss Men's Kaito1  Black Mid Rise Zip Fly Slim Fit Trousers,5600,27800,79.9,4500,0,-1100,S,False,False,True
https://www.flannels.com/boss-mens-h-leon-straight-leg-trousers-511836#colcode=51183618,Boss Men's H Leon Straight Leg Trousers,5600,27800,79.9,0,0,0,?,False,False,True
https://www.flannels.com/boss-mens-straight-leg-trousers-511723#colcode=51172318,Boss Men's Straight Leg Trousers,5600,27800,79.9,0,0,0,?,False,False,True
https://www.flannels.com/boss-mens-kane-straight-leg-trousers-511166#colcode=51116618,Boss Men's Kane Straight Leg Trousers,5600,27800,79.9,0,0,0,?,False,False,True
https://www.flannels.com/hugo-mens-straight-leg-trousers-511139#colcode=51113904,Hugo Men's Straight Leg Trousers,5600,27800,79.9,0,0,0,?,False,False,True
https://www.flannels.com/boss-mens-c-genius-dtl-243f-tailored-fit-straight-leg-trousers-510947#colcode=51094701,Boss Men's C-Genius-Dtl-243f Tailored Fit Straight Leg Trousers,5600,27800,79.9,0,0,0,?,False,False,True
https://www.flannels.com/heron-preston-mens-rebuilt-denim-long-sleeve-field-jacket-625624#colcode=62562403,Heron Preston Men's Rebuilt Denim Long Sleeve Field Jacket,33000,163800,79.9,8500,0,-24500,S,False,False,True
https://www.flannels.com/emporio-armani-bomber-jacket-335415#colcode=33541569,Emporio Armani Bomber Jacket,27000,133998,79.9,8000,0,-19000,S,False,False,True
https://www.flannels.com/hugo-mens-tailored-fit-suit-trousers-578896#colcode=57889624,Hugo Men's Tailored Fit Suit Trousers,5200,25800,79.8,0,0,0,?,False,False,True
https://www.flannels.com/boss-mens-hbb-chal-kent-patterned-short-sleeve-shirt-575872#colcode=57587201,Boss Men's HBB CHAL Kent Patterned Short-Sleeve Shirt,5200,25800,79.8,0,0,0,?,False,False,True
https://www.flannels.com/hugo-mens-s-tailored-waistcoat-566003#colcode=56600318,Hugo Men's 's Tailored Waistcoat,5200,25800,79.8,0,0,0,?,False,False,True
https://www.flannels.com/boss-mens-h-parlay-micro-pattern-cotton-short-sleeve-polo-shirt-541552#colcode=54155212,Boss Men's H-Parlay Micro-Pattern Cotton Short Sleeve Polo Shirt,5200,25800,79.8,3500,0,-1700,S,False,False,True
https://www.flannels.com/boss-mens-c-thompson-t-shirt--luxurious-soft-fabric-527410#colcode=52741018,"Boss Men's C-Thompson T-Shirt, Luxurious Soft Fabric",5200,25800,79.8,3500,0,-1700,S,False,False,True
https://www.flannels.com/boss-mens-kaito-slim-fit-chinos-trousers-518631#colcode=51863116,Boss Men's Kaito Slim Fit Chinos Trousers,5200,25800,79.8,3500,0,-1700,S,False,False,True
https://www.flannels.com/boss-mens-kaito1-slim-fit-trousers-514047#colcode=51404719,Boss Men's Kaito1 Slim Fit Trousers,5200,25800,79.8,0,0,0,?,False,False,True
https://www.flannels.com/ambush-nylon-track-pants-511127#colcode=51112703,Ambush Men's Closed Hem Poly Joggers,15600,77400,79.8,8000,0,-7600,S,False,False,True
https://www.flannels.com/boss-mens-sliceshort-chino-shorts-478205#colcode=47820518,Boss Men's Sliceshort Chino Shorts,5200,25800,79.8,3500,0,-1700,S,False,False,True
https://www.flannels.com/off-white-post-archive-faction-t-shirt-337015#colcode=33701501,Off White Post Archive Faction T-Shirt,20000,99198,79.8,8000,0,-12000,S,False,False,True
https://www.flannels.com/dsquared2-neo-icon-trousers-670959#colcode=67095903,DSquared2 Neo Icon Trousers,29000,143800,79.8,8500,0,-20500,S,False,False,True
https://www.flannels.com/boss-mens-h-genius-mmc224-tailored-suit-trousers-579404#colcode=57940418,Boss Men's H-Genius-MMC224 Tailored Suit Trousers,4800,23800,79.8,0,0,0,?,False,False,True
https://www.flannels.com/boss-mens-jillik-long-sleeve-plain-shirt-551618#colcode=55161801,Boss Men's Jillik Long Sleeve Plain Shirt,4800,23800,79.8,3500,0,-1300,S,False,False,True
https://www.flannels.com/boss-mens-c-thompson-short-sleeve-polo-shirt-542336#colcode=54233619,Boss Men's C Thompson Short Sleeve Polo Shirt,4800,23800,79.8,3500,0,-1300,S,False,False,True
https://www.flannels.com/boss-mens-c-thompson-short-sleeve-polo-shirt-542336#colcode=54233618,Boss Men's C Thompson Short Sleeve Polo Shirt,4800,23800,79.8,3500,0,-1300,S,False,False,True
https://www.flannels.com/boss-mens-hadiko-short-sleeve-polo-shirt-542079#colcode=54207918,Boss Men's Hadiko Short-Sleeve Polo Shirt,4800,23800,79.8,3500,0,-1300,S,False,False,True
https://www.flannels.com/boss-mens-hadiko-short-sleeve-polo-shirt-542079#colcode=54207904,Boss Men's Hadiko Short-Sleeve Polo Shirt,4800,23800,79.8,3500,0,-1300,S,False,False,True
https://www.flannels.com/boss-mens-rice1-d-straight-leg-trousers-510659#colcode=51065904,Boss Men's Rice1 D Straight Leg Trousers,4800,23800,79.8,3500,0,-1300,S,False,False,True
https://www.flannels.com/boss-mens-crigan2-d-straight-leg-trousers-510633#colcode=51063318,Boss Men's Crigan2 D Straight Leg Trousers,4800,23800,79.8,0,0,0,?,False,False,True
https://www.flannels.com/boss-mens-karlos-ds-jersey-fabric-shorts-472299#colcode=47229918,Boss Men's Karlos-Ds Jersey Fabric Shorts,4800,23800,79.8,3500,0,-1300,S,False,False,True
https://www.flannels.com/boss-x-russell-athletic-neck-pouch-409488#colcode=40948808,Boss x Russell Athletic Neck Pouch,4800,23798,79.8,0,0,0,?,False,False,True
https://www.flannels.com/boss-x-russell-athletic-neck-pouch-408748#colcode=40874818,Boss x Russell Athletic Neck Pouch,4800,23798,79.8,0,0,0,?,False,False,True
https://www.flannels.com/boss-floggy-scarf-407945#colcode=40794512,Boss Floggy Scarf,4800,23798,79.8,0,0,0,?,False,False,True
https://www.flannels.com/barena-mens-visal-wool-long-sleeve-overshirt-614357#colcode=61435718,Barena Men's Visal Wool Long Sleeve Overshirt,23000,114000,79.8,8000,0,-15000,S,False,False,True
https://www.flannels.com/off-white-makeup-mirror-711039#colcode=71103969,Off White Makeup Mirror,18000,89200,79.8,0,0,0,?,False,False,True
https://www.flannels.com/db-double-breasted-backpack-716928#colcode=71692808,DB Double Breasted Backpack,4400,21800,79.8,0,0,0,?,False,False,True
https://www.flannels.com/off-white-mens-closed-cuff-fleece-tapered-joggers-482530#colcode=48253001,Off White Men's Closed Cuff Fleece Tapered Joggers,21800,108000,79.8,8000,0,-13800,S,False,False,True
https://www.flannels.com/off-white-mens-carpenter-relaxed-fit-straight-leg-jeans-328475#colcode=32847503,Off White Men's Carpenter Relaxed Fit Straight Leg Jeans,21800,108000,79.8,8000,0,-13800,S,False,False,True
https://www.flannels.com/marcelo-burlon-paisley-swimming-shorts-317387#colcode=31738708,Marcelo Burlon Paisley Swimming Shorts,8398,41598,79.8,8000,0,-398,S,False,False,True
https://www.flannels.com/off-white-mens-fresco-jacquard-cotton-straight-leg-trousers-510035#colcode=51003503,Off White Men's Fresco Jacquard Cotton Straight Leg Trousers,25000,123800,79.8,8000,0,-17000,S,False,False,True
https://www.flannels.com/boss-mens-gioli-fleece-gloves-991707#colcode=99170703,Boss Men's Gioli Fleece Gloves,4000,19800,79.8,3500,0,-500,S,False,False,True
https://www.flannels.com/boss-mens-calindo-sd-leather-belt-729751#colcode=72975118,Boss Men's Calindo Sd Leather Belt,4000,19800,79.8,3500,0,-500,S,False,False,True
https://www.flannels.com/palm-angels-classic-tracksuit-jacket-554496#colcode=55449603,Palm Angels Classic Tracksuit Jacket,20000,99000,79.8,18000,0,-2000,S,False,False,True
https://www.flannels.com/off-white-mens-skate-crewneck-sweatshirt-523085#colcode=52308515,Off White Men's Skate Crewneck Sweatshirt,20000,99000,79.8,8000,0,-12000,S,False,False,True
https://www.flannels.com/lacoste-fleece-tracksuit-bottoms-481751#colcode=48175169,Lacoste Fleece Tracksuit Bottoms,4000,19800,79.8,2500,0,-1500,S,False,False,True
https://www.flannels.com/lacoste-fleece-tracksuit-bottoms-481751#colcode=48175107,Lacoste Fleece Tracksuit Bottoms,4000,19800,79.8,2500,0,-1500,S,False,False,True
https://www.flannels.com/boss-mens-cashmere-crew-socks-430803#colcode=43080304,Boss Men's Cashmere Crew Socks,4000,19800,79.8,2500,0,-1500,S,False,False,True
https://www.flannels.com/off-white-wave-off-raw-slim-t-shirt-337032#colcode=33703201,Off White Wave Off Raw Slim T-Shirt,16000,79198,79.8,3500,0,-12500,S,False,False,True
https://www.flannels.com/emporio-armani-jacket-334472#colcode=33447218,Emporio Armani Jacket,19000,93998,79.8,8000,0,-11000,S,False,False,True
https://www.flannels.com/off-white-mens-skate-crewneck-sweatshirt-522614#colcode=52261403,Off White Men's Skate Crewneck Sweatshirt,21800,107800,79.8,8000,0,-13800,S,False,False,True
https://www.flannels.com/off-white-mens-cornly-diag-crew-sweatshirt-522510#colcode=52251003,Off White Men's Cornly Diag Crew Sweatshirt,21800,107800,79.8,18000,0,-3800,S,False,False,True
https://www.flannels.com/off-white-mens-skate-crew-sweatshirt-522160#colcode=52216001,Off White Men's Skate Crew Sweatshirt,21800,107800,79.8,8000,0,-13800,S,False,False,True
https://www.flannels.com/ted-baker-ted-naires-short-sleeve-shirt-550632#colcode=55063201,Ted Baker Men's Short-Sleeve Plain Shirt,3600,17800,79.8,3500,0,-100,S,False,False,True
https://www.flannels.com/hugo-mens-spraylogo-cotton-long-sleeve-pyjama-top-421568#colcode=42156818,Hugo Men's SprayLogo Cotton Long Sleeve Pyjama Top,3600,17800,79.8,2500,0,-1100,S,False,False,True
https://www.flannels.com/missoni-mens-chevron-straight-leg-trousers-510667#colcode=51066799,Missoni Men's Chevron Straight Leg Trousers,17000,84000,79.8,8000,0,-9000,S,False,False,True
https://www.flannels.com/boss-mens-albas-midweight-scarf-902056#colcode=90205601,Boss Men's Albas Midweight Scarf,3200,15800,79.7,3500,0,300,S,False,False,True
https://www.flannels.com/marine-serre-graphic-regen-t-shirt-598727#colcode=59872703,Marine Serre Graphic Regen T-Shirt,16000,79000,79.7,3500,0,-12500,S,False,False,True
https://www.flannels.com/off-white-mens-arrow-fleece-closed-hem-joggers-482613#colcode=48261315,Off White Men's Arrow Fleece Closed Hem Joggers,16000,79000,79.7,8000,0,-8000,S,False,False,True
https://www.flannels.com/off-white-mens-arrow-fleece-closed-hem-joggers-482613#colcode=48261301,Off White Men's Arrow Fleece Closed Hem Joggers,16000,79000,79.7,8000,0,-8000,S,False,False,True
https://www.flannels.com/off-white-mens-closed-hem-fleece-joggers-482611#colcode=48261102,Off White Men's Closed Hem Fleece Joggers,16000,79000,79.7,12000,0,-4000,S,False,False,True
https://www.flannels.com/boss-mens-bay-logo-sliders--branding-strap-sandals-220462#colcode=22046219,"Boss Men's Bay Logo Sliders, Branding Strap Sandals",3200,15800,79.7,0,0,0,?,False,False,True
https://www.flannels.com/boss-mens-bay-logo-sliders--branding-strap-sandals-220462#colcode=22046203,"Boss Men's Bay Logo Sliders, Branding Strap Sandals",3200,15800,79.7,0,0,0,?,False,False,True
https://www.flannels.com/off-white-mens---oversized-overshirt-603525#colcode=60352599,Off White Men's - Oversized Overshirt,43800,216000,79.7,8000,0,-35800,S,False,False,True
https://www.flannels.com/off-white-mens---oversized-overshirt-603525#colcode=60352569,Off White Men's - Oversized Overshirt,43800,216000,79.7,8000,0,-35800,S,False,False,True
https://www.flannels.com/off-white-mens---overshirt-603521#colcode=60352199,Off White Men's - Overshirt,43800,216000,79.7,8500,0,-35300,S,False,False,True
https://www.flannels.com/off-white-mens---overshirt-603521#colcode=60352169,Off White Men's - Overshirt,43800,216000,79.7,8500,0,-35300,S,False,False,True
https://www.flannels.com/boss-mens-ryan-cyl-slim-fit-wool-suit-jacket-527163#colcode=52716303,Boss Men's Ryan Cyl Slim Fit Wool Suit Jacket,17000,83800,79.7,8000,0,-9000,S,False,False,True
https://www.flannels.com/boss-mens-cyl-blazer--premium-virgin-wool-527162#colcode=52716203,"Boss Men's Cyl Blazer, Premium Virgin Wool",17000,83800,79.7,8000,0,-9000,S,False,False,True
https://www.flannels.com/boss-mens-h-tie-6cm-slim-tie-756002#colcode=75600269,Boss Men's H-Tie 6cm Slim Tie,2800,13800,79.7,2500,0,-300,S,False,False,True
https://www.flannels.com/off-white-makeup-mirror-710484#colcode=71048410,Off White Makeup Mirror,8400,41400,79.7,0,0,0,?,False,False,True
https://www.flannels.com/off-white-reading-glasses-707634#colcode=70763469,Off White Reading Glasses,8400,41400,79.7,0,0,0,?,False,False,True
https://www.flannels.com/off-white-style-sun-reading-glasses-707017#colcode=70701718,Off White Style Sun Reading Glasses,8400,41400,79.7,0,0,0,?,False,False,True
https://www.flannels.com/off-white-style-sun-reading-glasses-706873#colcode=70687318,Off White Style Sun Reading Glasses,8400,41400,79.7,0,0,0,?,False,False,True
https://www.flannels.com/off-white-optical-s-reading-glasses-706585#colcode=70658518,Off White Optical S Reading Glasses,8400,41400,79.7,0,0,0,?,False,False,True
https://www.flannels.com/massimo-osti-studio-mens-alcant-structured-overshirt-603272#colcode=60327203,Massimo Osti Studio Men's Alcant Structured Overshirt,39800,196000,79.7,0,0,0,?,False,False,True
https://www.flannels.com/versace-home-versace-icon-slippers-100056#colcode=10005603,Versace Home Versace Icon Slippers,18400,90600,79.7,8000,0,-10400,S,False,False,True
https://www.flannels.com/cole-buxton-mens-wool-long-sleeve-bomber-jacket-602565#colcode=60256518,Cole Buxton Men's Wool Long Sleeve Bomber Jacket,13000,64000,79.7,12000,0,-1000,S,False,False,True
https://www.flannels.com/barena-mens-visal-linen-long-sleeve-overshirt-614360#colcode=61436004,Barena Men's Visal Linen Long Sleeve Overshirt,25800,127000,79.7,8500,0,-17300,S,False,False,True
https://www.flannels.com/vivienne-westwood-football-shirt-552915#colcode=55291501,Vivienne Westwood Football Shirt,25800,127000,79.7,0,0,0,?,False,False,True
https://www.flannels.com/gbadebo-two-tone-hoodie-554407#colcode=55440702,Gbadebo Two Tone Hoodie,15000,73800,79.7,0,0,0,?,False,False,True
https://www.flannels.com/heron-preston-graphic-hoodie-535787#colcode=53578703,Heron Preston Graphic Hoodie,15000,73800,79.7,8000,0,-7000,S,False,False,True
https://www.flannels.com/db-freya-double-breasted-cross-body-bag-713809#colcode=71380915,DB Freya Double Breasted Cross Body Bag,2400,11800,79.7,0,0,0,?,False,False,True
https://www.flannels.com/db-laptop-sleeve-713785#colcode=71378502,DB Laptop Sleeve,2400,11800,79.7,0,0,0,?,False,False,True
https://www.flannels.com/boss-mens-teebo-regular-fit-t-shirt-595506#colcode=59550601,Boss Men's Teebo Regular Fit T-Shirt,2400,11800,79.7,2500,0,100,S,False,False,True
https://www.flannels.com/sartoria-tramarossa-leonardo-slim-jeans-649305#colcode=64930584,Sartoria Tramarossa Leonardo Slim Jeans,11600,57000,79.6,8000,0,-3600,S,False,False,True
https://www.flannels.com/off-white-mens-tailored-fit-chinos-518198#colcode=51819869,Off White Men's Tailored Fit Chinos,23000,113000,79.6,8500,0,-14500,S,False,False,True
https://www.flannels.com/off-white-mens-carpenter-cargo-pocket-straight-leg-trousers-510190#colcode=51019003,Off White Men's Carpenter Cargo Pocket Straight Leg Trousers,23000,113000,79.6,8000,0,-15000,S,False,False,True
https://www.flannels.com/off-white-dice-set-711099#colcode=71109999,Off White Dice Set,6800,33400,79.6,0,0,0,?,False,False,True
https://www.flannels.com/off-white-mens-closed-hem-fleece-jogging-bottoms-482565#colcode=48256503,Off White Men's Closed Hem Fleece Jogging Bottoms,33800,166000,79.6,8000,0,-25800,S,False,False,True
https://www.flannels.com/off-white-mens-crpntr-cotton-cargo-trousers-518038#colcode=51803803,Off White Men's Crpntr Cotton Cargo Trousers,31000,152200,79.6,8000,0,-23000,S,False,False,True
https://www.flannels.com/off-white-hair-brushes-941875#colcode=94187599,Off White Hair Brushes,4400,21600,79.6,0,0,0,?,False,False,True
https://www.flannels.com/off-white-hair-brushes-941874#colcode=94187413,Off White Hair Brushes,4400,21600,79.6,0,0,0,?,False,False,True
https://www.flannels.com/off-white-mens-skate-long-sleeve-t-shirt-595019#colcode=59501901,Off White Men's Skate Long Sleeve T-Shirt,11000,54000,79.6,8000,0,-3000,S,False,False,True
https://www.flannels.com/off-white-mens---skate-long-sleeve-t-shirt-595017#colcode=59501702,Off White Men's - Skate Long Sleeve T-Shirt,11000,54000,79.6,8000,0,-3000,S,False,False,True
https://www.flannels.com/fear-of-god-essentials-mens-cable-knit-jumper-333806#colcode=33380603,Fear Of God Essentials Men's Cable Knit Jumper,8800,43200,79.6,8000,0,-800,S,False,False,True
https://www.flannels.com/boss-mens-p-larsen-short-sleeve-polo-shirt-542518#colcode=54251818,Boss Men's P Larsen Short Sleeve Polo Shirt,13000,63800,79.6,3500,0,-9500,S,False,False,True
https://www.flannels.com/moschino-mens-denim-structured-fit-jacket-600634#colcode=60063418,Moschino Men's Denim Structured Fit Jacket,43000,211000,79.6,8000,0,-35000,S,False,False,True
https://www.flannels.com/off-white-mens-exact-skate-short-sleeve-t-shirt-591804#colcode=59180424,Off White Men's Exact Skate Short Sleeve T-Shirt,21000,103000,79.6,8000,0,-13000,S,False,False,True
https://www.flannels.com/off-white-mens-low-rise-denim-shorts-640089#colcode=64008918,Off White Men's Low Rise Denim Shorts,31800,155800,79.6,8000,0,-23800,S,False,False,True
https://www.flannels.com/off-white-mens-logo-design-hoodie-532138#colcode=53213801,Off White Men's Logo Design Hoodie,19600,96000,79.6,8500,0,-11100,S,False,False,True
https://www.flannels.com/off-white-mens-slim-fit-trousers-514020#colcode=51402099,Off White Men's Slim Fit Trousers,19600,96000,79.6,12000,0,-7600,S,False,False,True
https://www.flannels.com/off-white-mens-zip-and-button-overshirt-603565#colcode=60356518,Off White Men's Zip and Button Overshirt,29000,142000,79.6,8000,0,-21000,S,False,False,True
https://www.flannels.com/off-white-mens-relaxed-fit-overshirt-603563#colcode=60356301,Off White Men's Relaxed Fit Overshirt,29000,142000,79.6,12000,0,-17000,S,False,False,True
https://www.flannels.com/fear-of-god-mens-car-coat-trench-coat-604640#colcode=60464003,Fear Of God Men's Car Coat Trench Coat,9400,46000,79.6,0,0,0,?,False,False,True
https://www.flannels.com/android-homme-propulsion-mid-camo-116756#colcode=11675603,Android Homme Propulsion Mid Camo,9400,46000,79.6,8500,0,-900,S,False,False,True
https://www.flannels.com/off-white-mens-diag-relax-straight-leg-jeans-644013#colcode=64401303,Off White Men's Diag Relax Straight Leg Jeans,29800,145800,79.6,18000,0,-11800,S,False,False,True
https://www.flannels.com/boss-mens-lompoc-bc-jeans-644507#colcode=64450718,Boss Men's Lompoc Bc Jeans,11000,53800,79.6,3500,0,-7500,S,False,False,True
https://www.flannels.com/richard-james-rivulet-tuxedo-jacket-522936#colcode=52293603,Richard James Rivulet Tuxedo Jacket,11000,53800,79.6,0,0,0,?,False,False,True
https://www.flannels.com/boss-mens-h-jasper-mm-c-formal-jacket-324331#colcode=32433118,Boss Men's H Jasper Mm C Formal Jacket,11000,53800,79.6,8000,0,-3000,S,False,False,True
https://www.flannels.com/arctic-army-mens-muskox-baffle-stitched-stand-collar-gilet-324286#colcode=32428603,Arctic Army Men's Muskox Baffle Stitched Stand Collar Gilet,27000,132000,79.5,0,0,0,?,False,False,True
https://www.flannels.com/heron-preston-fabric-sliders-222451#colcode=22245140,Heron Preston Fabric Sliders,5400,26400,79.5,8500,0,3100,S,False,False,True
https://www.flannels.com/yeezy-mens-700-mnvn-sustainability-sneakers-116912#colcode=11691227,Yeezy Men's 700 Mnvn Sustainability Sneakers,9000,44000,79.5,12000,0,3000,S,False,False,True
https://www.flannels.com/paul-and-shark-mens-fin-long-sleeve-plain-shirt-575800#colcode=57580003,Paul And Shark Men's Fin Long Sleeve Plain Shirt,12400,60600,79.5,3500,0,-8900,S,False,False,True
https://www.flannels.com/off-white-off-mirror-99-721261#colcode=72126169,Off White Makeup Mirror,17000,83000,79.5,0,0,0,?,False,False,True
https://www.flannels.com/moschino-mens-leather-belt-941800#colcode=94180003,Moschino Men's Leather Belt,8400,41000,79.5,4500,0,-3900,S,False,False,True
https://www.flannels.com/boss-mens-hutson-tailored-fit-suit-jacket-523556#colcode=52355618,Boss Men's Hutson Tailored Fit Suit Jacket,17600,85800,79.5,0,0,0,?,False,False,True
https://www.flannels.com/boss-mens-c-jaye-junior-elbow-formal-jacket-335800#colcode=33580011,Boss Men's C Jaye Junior Elbow Formal Jacket,17600,85800,79.5,0,0,0,?,False,False,True
https://www.flannels.com/boss-mens-p-hanry-formal-jacket-335794#colcode=33579403,Boss Men's P Hanry Formal Jacket,17600,85800,79.5,8000,0,-9600,S,False,False,True
https://www.flannels.com/boss-mens-formal-335734#colcode=33573403,Boss Men's Formal,17600,85800,79.5,0,0,0,?,False,False,True
https://www.flannels.com/boss-mens-p-hanry-flaps-wg-formal-jacket-335719#colcode=33571915,Boss Men's P Hanry Flaps Wg Formal Jacket,17600,85800,79.5,0,0,0,?,False,False,True
https://www.flannels.com/boss-mens-c-hanry-junior-formal-jacket-324332#colcode=32433211,Boss Men's C Hanry Junior Formal Jacket,17600,85800,79.5,0,0,0,?,False,False,True
https://www.flannels.com/off-white-mens-stitch-short-sleeve-contrast-stitch-t-shirt-618756#colcode=61875603,Off White Men's Stitch Short Sleeve Contrast Stitch T-Shirt,23800,116000,79.5,8000,0,-15800,S,False,False,True
https://www.flannels.com/off-white-mens-industrial-multi-pocket-cargo-trousers-518195#colcode=51819503,Off White Men's Industrial Multi Pocket Cargo Trousers,23800,116000,79.5,8500,0,-15300,S,False,False,True
https://www.flannels.com/off-white-mens-relaxed-fit-cargo-trousers-518194#colcode=51819403,Off White Men's Relaxed Fit Cargo Trousers,23800,116000,79.5,8000,0,-15800,S,False,False,True
https://www.flannels.com/off-white-mens-bandana-relaxed-fit-chino-shorts-316218#colcode=31621899,Off White Men's Bandana Relaxed Fit Chino Shorts,23800,116000,79.5,8500,0,-15300,S,False,False,True
https://www.flannels.com/off-white-mens-bandana-relaxed-fit-chino-shorts-316218#colcode=31621818,Off White Men's Bandana Relaxed Fit Chino Shorts,23800,116000,79.5,8500,0,-15300,S,False,False,True
https://www.flannels.com/boss-mens-c-owen-flannel-check-long-sleeve-overshirt-613686#colcode=61368625,Boss Men's C Owen Flannel Check Long Sleeve Overshirt,9400,45800,79.5,3500,0,-5900,S,False,False,True
https://www.flannels.com/boss-mens-p-lamont-short-sleeve-polo-shirt-542590#colcode=54259018,Boss Men's P Lamont Short Sleeve Polo Shirt,9400,45800,79.5,3500,0,-5900,S,False,False,True
https://www.flannels.com/boss-mens-wenten-b-straight-leg-trousers-511854#colcode=51185402,Boss Men's Wenten B Straight Leg Trousers,9400,45800,79.5,0,0,0,?,False,False,True
https://www.flannels.com/boss-mens-h-wenten-straight-leg-trousers-511805#colcode=51180502,Boss Men's H Wenten Straight Leg Trousers,9400,45800,79.5,3500,0,-5900,S,False,False,True
https://www.flannels.com/boss-mens-p-perin-plt-wg-tailored-trousers-331597#colcode=33159718,Boss Men's P Perin Plt Wg Tailored Trousers,9400,45800,79.5,0,0,0,?,False,False,True
https://www.flannels.com/boss-mens-huge-formal-vest-322807#colcode=32280703,Boss Men's Huge Formal Vest,9400,45800,79.5,0,0,0,?,False,False,True
https://www.flannels.com/boss-mens-huge-formal-vest-322807#colcode=32280702,Boss Men's Huge Formal Vest,9400,45800,79.5,0,0,0,?,False,False,True
https://www.flannels.com/lacoste-mens--lightweight-quilted-gilet-601581#colcode=60158112,Lacoste Men's  Lightweight Quilted Gilet,15600,76000,79.5,3500,0,-12100,S,False,False,True
https://www.flannels.com/off-white-mens-diag-skate-pull-over-hoodie-532975#colcode=53297503,Off White Men's Diag Skate Pull Over Hoodie,23800,115800,79.4,18000,0,-5800,S,False,False,True
https://www.flannels.com/tommy-hilfiger-mens--long-sleeve-zip-overshirt-610986#colcode=61098618,Tommy Hilfiger Men's  Long Sleeve Zip Overshirt,7400,36000,79.4,3500,0,-3900,S,False,False,True
https://www.flannels.com/calvin-klein-mens--lifestyle-cotton-long-sleeve-overshirt-606858#colcode=60685803,Calvin Klein Men's  Lifestyle Cotton Long Sleeve Overshirt,7400,36000,79.4,3500,0,-3900,S,False,False,True
https://www.flannels.com/represent-mens-structured-utility-overshirt-604790#colcode=60479018,Represent Men's Structured Utility Overshirt,7400,36000,79.4,0,0,0,?,False,False,True
https://www.flannels.com/represent-mens-structured-utility-overshirt-604790#colcode=60479013,Represent Men's Structured Utility Overshirt,7400,36000,79.4,0,0,0,?,False,False,True
https://www.flannels.com/boss-mens-l-overo-crew-neck-jumper-331582#colcode=33158205,Boss Men's L Overo Crew Neck Jumper,15600,75800,79.4,3500,0,-12100,S,False,False,True
https://www.flannels.com/boss-mens-huge-formal-jacket-326071#colcode=32607118,Boss Men's Huge Formal Jacket,15600,75800,79.4,0,0,0,?,False,False,True
https://www.flannels.com/boss-mens-huge-formal-jacket-326071#colcode=32607103,Boss Men's Huge Formal Jacket,15600,75800,79.4,0,0,0,?,False,False,True
https://www.flannels.com/off-white-pillows-758518#colcode=75851899,Off White Pillows,13000,63000,79.4,0,0,0,?,False,False,True
https://www.flannels.com/off-white-nashville-sung-square-sunglasses-758427#colcode=75842705,Off White Nashville Sung Square Sunglasses,10400,50400,79.4,0,0,0,?,False,False,True
https://www.flannels.com/fear-of-god-essentials-mens-closed-hem-tracksuit-joggers-670180#colcode=67018003,Fear Of God Essentials Mens Closed Hem Tracksuit Joggers,6400,31000,79.4,8000,0,1600,S,False,False,True
https://www.flannels.com/fear-of-god-essentials-mens-closed-hem-tracksuit-joggers-670180#colcode=67018002,Fear Of God Essentials Mens Closed Hem Tracksuit Joggers,6400,31000,79.4,8000,0,1600,S,False,False,True
https://www.flannels.com/lacoste-sf7606-zp-hd-sn99-532607#colcode=53260799,Lacoste Men's Zip Hoodie,6400,31000,79.4,3500,0,-2900,S,False,False,True
https://www.flannels.com/new-balance-nb-650-mens-117262#colcode=11726204,New Balance NB 650 Mens,6400,31000,79.4,4500,0,-1900,S,False,False,True
https://www.flannels.com/new-balance-nb-650-mens-117262#colcode=11726202,New Balance NB 650 Mens,6400,31000,79.4,4500,0,-1900,S,False,False,True
https://www.flannels.com/boss-mens-genius-tux-cotton-slim-fit-suit-trousers-579230#colcode=57923008,Boss Men's Genius Tux Cotton Slim Fit Suit Trousers,7400,35800,79.3,0,0,0,?,False,False,True
https://www.flannels.com/boss-mens-h-genius-slim-fit-trousers-514061#colcode=51406102,Boss Men's H Genius Slim Fit Trousers,7400,35800,79.3,3500,0,-3900,S,False,False,True
https://www.flannels.com/boss-p-genius-j-cw-wg-243-10266556-straight-leg-trousers-mens-511830#colcode=51183002,Boss P-Genius-J-Cw-Wg-243 10266556 Straight Leg Trousers Mens,7400,35800,79.3,0,0,0,?,False,False,True
https://www.flannels.com/boss-mens-h-genius-dtl-straight-leg-trousers-511745#colcode=51174518,Boss Men's H Genius Dtl Straight Leg Trousers,7400,35800,79.3,4500,0,-2900,S,False,False,True
https://www.flannels.com/boss-mens-p-genius-straight-leg-trousers-511736#colcode=51173611,Boss Men's P Genius Straight Leg Trousers,7400,35800,79.3,0,0,0,?,False,False,True
https://www.flannels.com/hugo-mens-straight-leg-trousers-511170#colcode=51117003,Hugo Men's Straight Leg Trousers,7400,35800,79.3,0,0,0,?,False,False,True
https://www.flannels.com/boss-mens-hadicomfort-closed-hem-fleece-joggers-480262#colcode=48026201,Boss Men's Hadicomfort Closed Hem Fleece Joggers,7400,35800,79.3,3500,0,-3900,S,False,False,True
https://www.flannels.com/cp-company-cp-company-shirts-long-sleeve-550108#colcode=55010801,CP Company Cp Company Shirts - Long Sleeve,11600,56000,79.3,4500,0,-7100,S,False,False,True
https://www.flannels.com/barena-mens-borgo-long-sleeve-harrington-jacket-614356#colcode=61435624,Barena Men's Borgo Long Sleeve Harrington Jacket,23000,111000,79.3,12000,0,-11000,S,False,False,True
https://www.flannels.com/off-white-mens-neen-graffiti-long-sleeve-shirt-550273#colcode=55027399,Off White Men's Neen Graffiti Long Sleeve Shirt,21000,101200,79.2,8000,0,-13000,S,False,False,True
https://www.flannels.com/law-flames-hoodie-515360#colcode=51536003,Heron Preston Men's Law Flames Hoodie,21000,101200,79.2,8000,0,-13000,S,False,False,True
https://www.flannels.com/billionaire-boys-club-mens-parachute-relaxed-fit-cargo-trousers-518054#colcode=51805415,Billionaire Boys Club Men's Parachute Relaxed Fit Cargo Trousers,11000,53000,79.2,8000,0,-3000,S,False,False,True
https://www.flannels.com/fear-of-god-essentials-unisex-adults-ls-tee-oversized-fit-t-shirt-597149#colcode=59714905,Fear Of God Essentials Unisex Adults Ls Tee Oversized Fit T-Shirt,3400,16200,79.0,3500,0,100,S,False,False,True
https://www.flannels.com/yeezy-mens-450-sock-style-ankle-sneakers-110548#colcode=11054813,Yeezy Men's 450 Sock-style Ankle Sneakers,9000,42000,78.6,15000,0,6000,S,False,False,True
https://www.flannels.com/off-white-mens-logo-skate-pull-over-hoodie-532979#colcode=53297901,Off White Men's Logo Skate Pull Over Hoodie,25000,115800,78.4,8500,0,-16500,S,False,False,True
https://www.flannels.com/daily-paper-circle-hoodie-532818#colcode=53281815,Daily Paper Circle Hoodie,4900,22000,77.7,8000,0,3100,S,False,False,True
https://www.flannels.com/adidas-mens-athletic-weather-resistant-overcoat-603693#colcode=60369369,adidas Men's Athletic Weather-Resistant Overcoat,22300,100000,77.7,0,0,0,?,False,False,True
https://www.flannels.com/hugo-mens-boss-red-bull-f1-short-sleeve-polo-shirt-2025-540671#colcode=54067101,Hugo Mens BOSS Red Bull F1 Short Sleeve Polo Shirt (2025),4000,17800,77.5,8500,0,4500,S,False,False,True
https://www.flannels.com/boss-mens-long-sleeve-oxford-shirt-552854#colcode=55285401,Boss Men's Long Sleeve Oxford Shirt,5800,25800,77.5,3500,0,-2300,S,False,False,True
https://www.flannels.com/hugo-visa-cash-app-red-bull-f1-2025-fleece-top-mens-552001#colcode=55200101,Hugo Visa Cash App Red Bull F1 2025 Fleece Top Mens,5800,25800,77.5,0,0,0,?,False,False,True
https://www.flannels.com/boss-mens--crigan-straight-fit-trousers-510941#colcode=51094103,Boss Men's  Crigan Straight Fit Trousers,5800,25800,77.5,0,0,0,?,False,False,True
https://www.flannels.com/boss-mens--crigan-straight-fit-trousers-510941#colcode=51094102,Boss Men's  Crigan Straight Fit Trousers,5800,25800,77.5,0,0,0,?,False,False,True
https://www.flannels.com/boss-mens-formal-jacket-335884#colcode=33588403,Boss Men's Formal Jacket,15700,69800,77.5,8000,0,-7700,S,False,False,True
https://www.flannels.com/boss-mens-slider-slippers-100114#colcode=10011405,Boss Men's Slider Slippers,15700,69800,77.5,3500,5156,-12200,S,True,False,True
https://www.flannels.com/boss-mens-h-hutson-formal-jacket-326308#colcode=32630869,Boss Men's H Hutson Formal Jacket,19300,85800,77.5,8500,0,-10800,S,False,False,True
https://www.flannels.com/boss-mens-c-hanry-formal-jacket-324190#colcode=32419011,Boss Men's C Hanry Formal Jacket,19300,85800,77.5,8000,0,-11300,S,False,False,True
https://www.flannels.com/boss-boss-gary-tenn-grhdelxl-10249655-01-low-top-trainers-mens-116870#colcode=11687001,Boss Boss Gary Tenn Grhdelxl 10249655 01 Low-Top Trainers Mens,19300,85800,77.5,0,0,0,?,False,False,True
https://www.flannels.com/off-white-mens-arrow-fleece-closed-hem-joggers-482613#colcode=48261303,Off White Men's Arrow Fleece Closed Hem Joggers,17800,79000,77.5,8000,0,-9800,S,False,False,True
https://www.flannels.com/off-white-mens-diag-skate-t-long-sleeve-t-shirt-594982#colcode=59498201,Off White Men's Diag Skate T Long Sleeve T-Shirt,20800,92000,77.4,8000,0,-12800,S,False,False,True
https://www.flannels.com/boss-mens-wes-slim-fit-jeans-644679#colcode=64467903,Hugo Men's Wes Slim Fit Jeans,9000,39800,77.4,4500,0,-4500,S,False,False,True
https://www.flannels.com/boss-mens-h-livorno-jeans-644625#colcode=64462518,Boss Men's H Livorno Jeans,9000,39800,77.4,4500,0,-4500,S,False,False,True
https://www.flannels.com/boss-mens-c-genius-straight-leg-trousers-511799#colcode=51179905,Boss Men's C Genius Straight Leg Trousers,9000,39800,77.4,0,0,0,?,False,False,True
https://www.flannels.com/off-white-mens-cloud-arrow-sketch-pull-over-hoodie-532977#colcode=53297703,Off White Men's Cloud Arrow Sketch Pull Over Hoodie,26200,115800,77.4,18000,0,-8200,S,False,False,True
https://www.flannels.com/boss-mens-h-leon-straight-leg-trousers-511809#colcode=51180918,Boss Men's H Leon Straight Leg Trousers,6300,27800,77.3,0,0,0,?,False,False,True
https://www.flannels.com/boss-mens-h-leon-straight-leg-trousers-511808#colcode=51180803,Boss Men's H Leon Straight Leg Trousers,6300,27800,77.3,0,0,0,?,False,False,True
https://www.flannels.com/hugo-mens-tailored-straight-leg-trousers-510963#colcode=51096318,Hugo Men's Tailored Straight Leg Trousers,4500,19800,77.3,0,0,0,?,False,False,True
https://www.flannels.com/mens-basic-fleece-jogging-bottoms-488042#colcode=48804220,Lacoste Men's Basic Fleece Jogging Bottoms,4500,19800,77.3,3500,0,-1000,S,False,False,True
https://www.flannels.com/missoni-mens-crew-neck-sweatshirt-523115#colcode=52311503,Missoni Men's Crew Neck Sweatshirt,22300,98000,77.2,8500,0,-13800,S,False,False,True
https://www.flannels.com/boss-mens-c-jaye-elbow-formal-332833#colcode=33283318,Boss Men's C Jaye Elbow Formal,22300,97800,77.2,0,0,0,?,False,False,True
https://www.flannels.com/off-white-mens-arrow-skate-long-sleeve-t-shirt-595013#colcode=59501303,Off White Men's Arrow Skate Long Sleeve T-Shirt,18700,82000,77.2,8500,0,-10200,S,False,False,True
https://www.flannels.com/boss-mens-slider-slippers-100115#colcode=10011503,Boss Mens Julyo Halb Laced Boot,13200,57800,77.2,0,0,0,?,False,False,True
https://www.flannels.com/boss-mens-slider-slippers-100095#colcode=10009569,Boss Men's Slider Slippers,13200,57800,77.2,3500,0,-9700,S,False,False,True
https://www.flannels.com/boss-mens-everyday-comfortable-sneakers-115538#colcode=11553819,Boss Men's Everyday Comfortable Sneakers,9100,39800,77.1,0,0,0,?,False,False,True
https://www.flannels.com/boss-mens-h-task-overcoat-602073#colcode=60207303,Boss Men's H Task Overcoat,17800,77800,77.1,0,0,0,?,False,False,True
https://www.flannels.com/boss-mens-h-hutson-formal-jacket-326308#colcode=32630818,Boss Men's H Hutson Formal Jacket,17800,77800,77.1,8500,0,-9300,S,False,False,True
https://www.flannels.com/daily-paper-mens-relaxed-fit-cargo-trousers-518117#colcode=51811718,Daily Paper Men's Relaxed Fit Cargo Trousers,5500,24000,77.1,4000,0,-1500,S,False,False,True
https://www.flannels.com/boss-mens-straight-leg-trousers-511683#colcode=51168318,Boss Men's Straight Leg Trousers,10500,45800,77.1,0,0,0,?,False,False,True
https://www.flannels.com/off-white-mens-closed-hem-fleece-joggers-482616#colcode=48261603,Off White Men's Closed Hem Fleece Joggers,17200,75000,77.1,12000,0,-5200,S,False,False,True
https://www.flannels.com/boss-mens-h-jasper-mm-c-formal-335885#colcode=33588503,Boss Men's H Jasper Mm C Formal,14200,61800,77.0,0,0,0,?,False,False,True
https://www.flannels.com/adidas-originals-originals-comfort-flex-eco-soft-boxers-2-pack-425108#colcode=42510899,adidas Originals Originals Comfort Flex Eco-Soft Boxers (2-pack),1800,7800,76.9,1500,0,-300,S,False,False,True
https://www.flannels.com/boss-mens-extreme-run-trainers--comfort-and-durability-115540#colcode=11554003,"Boss Men's Extreme Run Trainers, Comfort and Durability",7800,33800,76.9,0,0,0,?,False,False,True
https://www.flannels.com/off-white-mens-bkish-skate-t-shirt-594967#colcode=59496705,Off White Men's Bkish Skate T-Shirt,12700,55000,76.9,8500,9227,-4200,S,True,False,True
https://www.flannels.com/off-white-mens---single-arrow-t-shirt-594282#colcode=59428203,Off White Men's - Single Arrow T-Shirt,12700,55000,76.9,8000,7650,-4700,S,True,False,True
https://www.flannels.com/napapijri-mens-bisenzio-packaway-hood-windbreaker-615653#colcode=61565303,Napapijri Men's Bisenzio Packaway Hood Windbreaker,9700,42000,76.9,3500,0,-6200,S,False,False,True
https://www.flannels.com/yeezy-mens-knit-runner-pull-on-style-sneakers-116938#colcode=11693803,Yeezy Men's Knit Runner Pull-on Style Sneakers,9700,42000,76.9,8000,0,-1700,S,False,False,True
https://www.flannels.com/boss-mens-p-hank-kent-long-sleeve-oxford-shirt-552852#colcode=55285202,Boss Men's P Hank Kent Long Sleeve Oxford Shirt,5500,23800,76.9,2500,0,-3000,S,False,False,True
https://www.flannels.com/boss-mens-h-hank-kent-long-sleeve-oxford-shirt-552827#colcode=55282718,Boss Men's H Hank Kent Long Sleeve Oxford Shirt,5500,23800,76.9,2800,0,-2700,S,False,False,True
https://www.flannels.com/off-white-mens-skate-crew-sweatshirt-522654#colcode=52265401,Off White Men's Skate Crew Sweatshirt,25000,107800,76.8,8000,0,-17000,S,False,False,True
https://www.flannels.com/hugo-mens-jonah-slim-fit-jeans-644596#colcode=64459602,Hugo Men's Jonah Slim Fit Jeans,4600,19800,76.8,4500,0,-100,S,False,False,True
https://www.flannels.com/boss-mens-bold-contemporary-fit-boxers-420334#colcode=42033403,Boss Men's Bold Contemporary Fit Boxers,2100,9000,76.7,0,0,0,?,False,False,True
https://www.flannels.com/off-white-mens-brics-skate---short-sleeve-t-shirt-594963#colcode=59496303,Off White Men's Brics Skate - Short Sleeve T-Shirt,15700,67000,76.6,8500,13431,-7200,S,True,False,True
https://www.flannels.com/off-white-mens-brics-skate---short-sleeve-t-shirt-594963#colcode=59496302,Off White Men's Brics Skate - Short Sleeve T-Shirt,15700,67000,76.6,8500,0,-7200,S,True,False,True
https://www.flannels.com/off-white-mens-arrow-skate-t-shirt-594417#colcode=59441701,Off White Men's Arrow Skate T-Shirt,15700,67000,76.6,8500,0,-7200,S,False,False,True
https://www.flannels.com/off-white-mens-shred-skate-t-shirt-594402#colcode=59440201,Off White Men's Shred Skate T-Shirt,15700,67000,76.6,3500,6402,-12200,S,True,False,True
https://www.flannels.com/daily-paper-tonal-trkbtms-sn99-511011#colcode=51101105,Daily Paper Men's Tonal Closed Hem Poly Joggers,3300,14000,76.4,3500,0,200,S,False,False,True
https://www.flannels.com/yeezy-unisex-700-mnvn-honeyflux-oversized-midsole-trainers-119192#colcode=11919213,Yeezy Unisex 700 MNVN Honeyflux Oversized Midsole Trainers,10500,44000,76.1,18000,0,7500,S,False,False,True
https://www.flannels.com/yeezy-mens-500-high-top-sneakers-114740#colcode=11474041,Yeezy Men's 500 High-top Sneakers,10500,44000,76.1,12000,0,1500,S,False,False,True
https://www.flannels.com/yeezy-mens-500-high-top-sneakers-114740#colcode=11474040,Yeezy Men's 500 High-top Sneakers,10500,44000,76.1,12000,0,1500,S,False,False,True
https://www.flannels.com/yeezy-mens-500-high-top-sneakers-114740#colcode=11474012,Yeezy Men's 500 High-top Sneakers,10500,44000,76.1,12000,0,1500,S,False,False,True
https://www.flannels.com/yeezy-mens-500-adiprene--cushioning-sneakers-116911#colcode=11691104,Yeezy Men's 500 adiPRENE® Cushioning Sneakers,11000,44000,75.0,12000,0,1000,S,False,False,True
https://www.flannels.com/boss-mens-taber-ps-slim-fit-jeans-644843#colcode=64484318,Boss Men's Taber PS Slim Fit Jeans,12000,47800,74.9,4500,0,-7500,D,False,False,False
https://www.flannels.com/boss-mens-iconic-pull-over-hoodie-532960#colcode=53296018,Boss Men's Iconic Pull Over Hoodie,10000,39800,74.9,3500,0,-6500,D,False,False,False
https://www.flannels.com/boss-mens-delano-slim-fit-jeans-644837#colcode=64483718,Boss Men's Delano Slim Fit Jeans,9000,35800,74.9,8000,0,-1000,D,False,False,False
https://www.flannels.com/boss-mens-carmello-leather-belt-941099#colcode=94109905,Boss Men's Carmello Leather Belt,6000,23800,74.8,3500,0,-2500,D,True,False,False
https://www.flannels.com/boss-mens-tiburt-short-sleeve-t-shirt-542835#colcode=54283518,Boss Men's Tiburt Short Sleeve T-Shirt,6000,23800,74.8,2500,0,-3500,D,False,False,False
https://www.flannels.com/off-white-mens-big-bkish-skt-pull-over-hoodie-533287#colcode=53328718,Off White Men's Big Bkish Skt Pull Over Hoodie,25000,99000,74.7,15000,0,-10000,D,False,False,False
https://www.flannels.com/off-white-mens-round-logo-skate-pull-over-hoodie-532974#colcode=53297403,Off White Men's Round Logo Skate Pull Over Hoodie,25000,99000,74.7,15000,0,-10000,D,False,False,False
https://www.flannels.com/boss-mens-derrek-derb-buplt-derby-shoes-112418#colcode=11241803,Boss Men's Derrek Derb Buplt Derby Shoes,14600,57800,74.7,8000,0,-6600,D,False,False,False
https://www.flannels.com/boss-mens-kensington-derby-shoes-112096#colcode=11209603,Boss Men's Kensington Derby Shoes,14600,57800,74.7,8000,0,-6600,D,False,False,False
https://www.flannels.com/levis-skate-hooded-sweatshirt-299427#colcode=29942715,Levis Skate Hooded Sweatshirt,3998,14998,73.3,3500,0,-498,D,False,False,False
https://www.flannels.com/yeezy-mens-quantum-performance-ready-sneakers-110398#colcode=11039804,Yeezy Men's Quantum Performance-ready Sneakers,12000,44000,72.7,18000,0,6000,C,False,False,True
https://www.flannels.com/hugo-blake-tenn-leather-trainers-125855#colcode=12585501,Hugo Blake Tenn Leather Trainers,9600,33800,71.6,0,0,0,?,False,False,False
https://www.flannels.com/ted-baker-skinwear-2-x-200ml-eau-de-toilette-set-758258#colcode=75825818,Ted Baker Skinwear 2 x 200ml Eau De Toilette Set,3998,13998,71.4,0,0,0,?,False,False,False
https://www.flannels.com/ted-baker-womens-2-x-200ml-eau-de-toilette-gift-set-758257#colcode=75825706,Ted Baker Women's 2 x 200ml Eau De Toilette Gift Set,3998,13998,71.4,3500,0,-498,D,False,False,False
https://www.flannels.com/lacoste-natural-dyed-jersey-t-shirt-290702#colcode=29070269,Lacoste Natural Dyed Jersey T-Shirt,3998,13998,71.4,2500,0,-1498,D,False,False,False
https://www.flannels.com/gallery-dept-gallery-clean-crw-so-sn99-410152#colcode=41015213,Gallery Dept Gallery Clean Crw So Sn99,4398,14998,70.7,8000,0,3602,D,False,False,False
https://www.flannels.com/boss-owen-runn-trainers-017505#colcode=01750502,Boss Owen Runn Trainers,9998,33998,70.6,0,0,0,?,False,False,False
https://www.flannels.com/yeezy-mens-boost-700-innovative-midsole-sneakers-116989#colcode=11698902,Yeezy Men's Boost 700 Innovative Midsole Sneakers,15600,53000,70.6,8500,0,-7100,D,False,False,False
https://www.flannels.com/gallery-dept-gallery-atk-snap-bac-sn99-390054#colcode=39005403,Gallery Dept Gallery ATK Snap Bac Sn99,6198,20998,70.5,8000,0,1802,D,False,False,False
https://www.flannels.com/lacoste-crewneck-colourblock-sweatshirt-298681#colcode=29868118,Lacoste Crewneck Colourblock Sweatshirt,6798,22998,70.4,3500,0,-3298,D,False,False,False
https://www.flannels.com/boss-boss-delaware3-1f-10241224-01-319158#colcode=31915818,Boss Boss Delaware3-1f 10241224 01,9998,33798,70.4,0,0,0,?,False,False,False
https://www.flannels.com/hugo-branden-water-repellent-gilet-317495#colcode=31749524,Hugo Branden Water Repellent Gilet,15998,53998,70.4,0,0,0,?,False,False,False
https://www.flannels.com/gallery-dept-gallery-fucked-up-lg-sn99-594439#colcode=59443913,Gallery Dept Gallery Fucked Up LG Sn99,10998,36998,70.3,0,0,0,?,False,False,False
https://www.flannels.com/our-legacy-mens-duo-relaxed-fit-overshirt-615897#colcode=61589705,Our Legacy Men's Duo Relaxed Fit Overshirt,23800,80000,70.2,8500,0,-15300,D,False,False,False
https://www.flannels.com/our-legacy-mens-relaxed-fit-cargo-trousers-518983#colcode=51898305,Our Legacy Men's Relaxed Fit Cargo Trousers,23800,80000,70.2,8000,0,-15800,D,False,False,False
https://www.flannels.com/gallery-dept-gallery-intro-extro-sn99-594367#colcode=59436703,Gallery Dept Gallery Intro Extro Sn99,13398,44998,70.2,12000,0,-1398,D,False,False,False
https://www.flannels.com/gallery-dept-gallery-de-la-galeri-sn99-594362#colcode=59436203,Gallery Dept Gallery De La Galeri Sn99,13398,44998,70.2,0,0,0,?,False,False,False
https://www.flannels.com/gallery-dept-gallery-de-la-galeri-sn99-594362#colcode=59436201,Gallery Dept Gallery De La Galeri Sn99,13398,44998,70.2,0,0,0,?,False,False,False
https://www.flannels.com/cp-company-metropolis-mens-pertex-overshirt-600074#colcode=60007403,CP Company Metropolis Men's Pertex Overshirt,29800,100000,70.2,15000,0,-14800,D,False,False,False
https://www.flannels.com/off-white-mens-long-sleeve-dress-shirt-551002#colcode=55100299,Off White Men's Long Sleeve Dress Shirt,29800,100000,70.2,8000,0,-21800,D,False,False,False
https://www.flannels.com/gallery-dept-gallery-g-camo-zuma-sn99-330345#colcode=33034515,Gallery Dept Gallery G-Camo Zuma Sn99,17598,58998,70.2,0,0,0,?,False,False,False
https://www.flannels.com/gallery-dept-gallery-weed-t-shirt-sn99-594447#colcode=59444799,Gallery Dept Gallery Weed T-Shirt Sn99,18798,62998,70.2,0,0,0,?,False,False,False
https://www.flannels.com/gallery-dept-gallery-protect-your-sn99-594411#colcode=59441101,Gallery Dept Gallery Protect Your Sn99,18798,62998,70.2,0,0,0,?,False,False,False
https://www.flannels.com/gallery-dept-gallery-chateau-josu-sn99-594100#colcode=59410001,Gallery Dept Gallery Chateau Josu Sn99,18798,62998,70.2,0,0,0,?,False,False,False
https://www.flannels.com/emporio-armani-blazer-298402#colcode=29840218,Emporio Armani Blazer,39998,133998,70.2,8000,0,-31998,D,False,False,False
https://www.flannels.com/off-white-mens-straight-leg-trousers-510480#colcode=51048002,Off White Men's Straight Leg Trousers,41800,140000,70.1,15000,0,-26800,D,False,False,False
https://www.flannels.com/boss-mens-halwod-cyl-suit-jacket-527166#colcode=52716603,Boss Men's Halwod Cyl Suit Jacket,29800,99800,70.1,0,0,0,?,False,False,False
https://www.flannels.com/boss-mens-formal-jacket-324219#colcode=32421918,Boss Men's Formal Jacket,29800,99800,70.1,8000,0,-21800,D,False,False,False
https://www.flannels.com/boss-mens-h-jeckson-formal-jacket-323244#colcode=32324419,Boss Men's H Jeckson Formal Jacket,29800,99800,70.1,8000,0,-21800,D,False,False,False
https://www.flannels.com/represent-mens-s-ribbed-collar-bomber-jacket-603716#colcode=60371603,Represent Men's 's Ribbed Collar Bomber Jacket,21800,73000,70.1,8000,0,-13800,D,False,False,False
https://www.flannels.com/gallery-dept-gallery-vintage-lg-p-sn99-594426#colcode=59442615,Gallery Dept Gallery Vintage LG P Sn99,24198,80998,70.1,0,0,0,?,False,False,False
https://www.flannels.com/gallery-dept-gallery-vintage-lg-p-sn99-594426#colcode=59442608,Gallery Dept Gallery Vintage LG P Sn99,24198,80998,70.1,0,0,0,?,False,False,False
https://www.flannels.com/gallery-dept-gallery-boardwalk-t-sn99-593388#colcode=59338801,Gallery Dept Gallery Boardwalk T Sn99,24198,80998,70.1,8000,0,-16198,D,False,False,False
https://www.flannels.com/moschino-mens-loafers-111652#colcode=11165203,Moschino Men's Loafers,27800,93000,70.1,8000,0,-19800,D,False,False,False
https://www.flannels.com/gallery-dept-gallery-fucked-up-lg-sn99-532670#colcode=53267001,Gallery Dept Gallery Fucked Up LG Sn99,29598,98998,70.1,0,0,0,?,False,False,False
https://www.flannels.com/off-white-mens-hand-arrow-cotton-oversized-fit-over-the-head-hoodie-532230#colcode=53223024,Off White Men's Hand Arrow Cotton Oversized Fit Over the Head Hoodie,33800,113000,70.1,18000,0,-15800,D,False,False,False
https://www.flannels.com/lanvin-blurred-floral-print-bowling-shirt-316949#colcode=31694918,Lanvin Blurred Floral Print Bowling Shirt,33800,113000,70.1,8000,0,-25800,D,False,False,False
https://www.flannels.com/gallery-dept-gallery-90s-recyc-hd-sn99-532024#colcode=53202403,Gallery Dept Gallery 90s Recyc Hd Sn99,34998,116998,70.1,12000,0,-22998,D,False,False,False
https://www.flannels.com/gallery-dept-gallery-ventura-hd-sn99-532682#colcode=53268202,Gallery Dept Gallery Ventura Hd Sn99,37398,124998,70.1,0,0,0,?,False,False,False
https://www.flannels.com/off-white-embroidered-nylon-cargo-pants-337106#colcode=33710603,Off White Embroidered Nylon Cargo Pants,37398,124998,70.1,12000,0,-25398,D,False,False,False
https://www.flannels.com/marcelo-burlon-snake-wings-double-sleeve-t-shirt-291212#colcode=29121201,Marcelo Burlon Snake Wings Double Sleeve T-Shirt,15798,52798,70.1,8500,0,-7298,D,False,False,False
https://www.flannels.com/balenciaga-track-sandals-220066#colcode=22006699,Balenciaga Track Sandals,39800,133000,70.1,8500,0,-31300,D,False,False,False
https://www.flannels.com/hugo-t-heston-db-blazer-jacket-317678#colcode=31767801,Hugo T-Heston-DB Blazer Jacket,44598,148998,70.1,0,0,0,?,False,False,False
https://www.flannels.com/moschino-mens-short-sleeve-patterned-relaxed-fit-shirt-550469#colcode=55046903,Moschino Men's Short Sleeve Patterned Relaxed Fit Shirt,45800,153000,70.1,3500,0,-42300,D,False,False,False
https://www.flannels.com/gallery-dept-gallery-atk-graffiti-sn99-906013#colcode=90601303,Gallery Dept Gallery ATK Graffiti Sn99,2998,9998,70.0,0,0,0,?,False,False,False
https://www.flannels.com/lacoste-ultra-dry-tennis-t-shirt-337602#colcode=33760205,Lacoste Ultra-Dry Tennis T-Shirt,4198,13998,70.0,2800,0,-1398,D,False,False,False
https://www.flannels.com/hugo-las-vegas-special-artwork-t-shirt-328816#colcode=32881603,Hugo Las Vegas Special Artwork T-Shirt,4798,15998,70.0,0,0,0,?,False,False,False
https://www.flannels.com/gallery-dept-gallery-clean-crw-so-sn99-410152#colcode=41015215,Gallery Dept Gallery Clean Crw So Sn99,5398,17998,70.0,8000,0,2602,D,False,False,False
https://www.flannels.com/ted-baker-kyme-long-sleeve-ditsy-floral-shirt-293702#colcode=29370218,Ted Baker KYME Long Sleeve Ditsy Floral Shirt,5398,17998,70.0,3500,0,-1898,D,False,False,False
https://www.flannels.com/lacoste-t-shirt-338113#colcode=33811315,Lacoste T-Shirt,6598,21998,70.0,3000,0,-3598,D,False,False,False
https://www.flannels.com/lacoste-classic-fit-natural-dye-polo-shirt-315753#colcode=31575369,Lacoste Classic-Fit Natural Dye Polo Shirt,7198,23998,70.0,3500,0,-3698,D,False,False,False
https://www.flannels.com/lacoste-zip-up-stretch-tennis-sweatshirt-298764#colcode=29876415,Lacoste Zip Up Stretch Tennis Sweatshirt,7798,25998,70.0,3500,0,-4298,D,False,False,False
https://www.flannels.com/hugo-glavin241-slim-fit-cargo-trousers-337650#colcode=33765003,Hugo Glavin241 Slim Fit Cargo Trousers,8398,27998,70.0,0,0,0,?,False,False,False
https://www.flannels.com/gallery-dept-gallery-music-lives-sn99-594399#colcode=59439903,Gallery Dept Gallery Music Lives Sn99,8998,29998,70.0,0,0,0,?,False,False,False
https://www.flannels.com/gallery-dept-gallery-dirty-little-sn99-593368#colcode=59336803,Gallery Dept Gallery Dirty Little Sn99,8998,29998,70.0,0,0,0,?,False,False,False
https://www.flannels.com/gallery-dept-gallery-identity-t-sn99-592432#colcode=59243203,Gallery Dept Gallery Identity T Sn99,10798,35998,70.0,8000,0,-2798,D,False,False,False
https://www.flannels.com/gallery-dept-gallery-olg-hat-sn99-390648#colcode=39064801,Gallery Dept Gallery OLG Hat Sn99,10798,35998,70.0,8000,0,-2798,D,False,False,False
https://www.flannels.com/gallery-dept-gallery-collector-ca-sn99-390259#colcode=39025903,Gallery Dept Gallery Collector Ca Sn99,11398,37998,70.0,0,0,0,?,False,False,False
https://www.flannels.com/gallery-dept-gallery-art-that-kil-sn99-390108#colcode=39010801,Gallery Dept Gallery Art That Kil Sn99,11398,37998,70.0,0,0,0,?,False,False,False
https://www.flannels.com/lacoste-roland-garros-windbreaker-jacket-294742#colcode=29474218,Lacoste Roland Garros Windbreaker Jacket,11998,39998,70.0,8500,0,-3498,D,False,False,False
https://www.flannels.com/emporio-armani-trousers-303455#colcode=30345503,Emporio Armani Trousers,12598,41998,70.0,3500,0,-9098,D,False,False,False
https://www.flannels.com/emporio-armani-emporio-armani-pantaloni-straight-leg-trousers-mens-295937#colcode=29593701,Emporio Armani Emporio Armani Pantaloni Straight Leg Trousers Mens,12598,41998,70.0,8500,0,-4098,D,False,False,False
https://www.flannels.com/emporio-armani-t-shirt-334444#colcode=33444418,Emporio Armani T-Shirt,13198,43998,70.0,2500,0,-10698,D,False,False,False
https://www.flannels.com/emporio-armani-shirt-334433#colcode=33443303,Emporio Armani Shirt,13198,43998,70.0,3500,0,-9698,D,False,False,False
https://www.flannels.com/emporio-armani-trousers-295928#colcode=29592818,Emporio Armani Trousers,13198,43998,70.0,3500,0,-9698,D,False,False,False
https://www.flannels.com/lacoste-cable-knit-v-neck-sweater-294365#colcode=29436518,Lacoste Cable Knit V-Neck Sweater,13198,43998,70.0,3500,0,-9698,D,False,False,False
https://www.flannels.com/gallery-dept-gallery-french-t-sn99-594386#colcode=59438612,Gallery Dept Gallery French T Sn99,13798,45998,70.0,8000,0,-5798,D,False,False,False
https://www.flannels.com/emporio-armani-trousers-295907#colcode=29590702,Emporio Armani Trousers,13798,45998,70.0,3500,0,-10298,D,False,False,False
https://www.flannels.com/gallery-dept-gallery-today-t-sn99-594401#colcode=59440101,Gallery Dept Gallery Today T Sn99,15598,51998,70.0,0,0,0,?,False,False,False
https://www.flannels.com/gallery-dept-gallery-standard-t-sn99-594366#colcode=59436613,Gallery Dept Gallery Standard T Sn99,15598,51998,70.0,8000,0,-7598,D,False,False,False
https://www.flannels.com/gallery-dept-gallery-vintage-lg-t-sn99-594425#colcode=59442515,Gallery Dept Gallery Vintage LG T Sn99,16198,53998,70.0,8000,0,-8198,D,False,False,False
https://www.flannels.com/gallery-dept-gallery-de-la-galeri-sn99-587161#colcode=58716118,Gallery Dept Gallery De La Galeri Sn99,16198,53998,70.0,0,0,0,?,False,False,False
https://www.flannels.com/emporio-armani-trousers-294075#colcode=29407503,Emporio Armani Trousers,17398,57998,70.0,3500,0,-13898,D,False,False,False
https://www.flannels.com/gallery-dept-gallery-you-are-late-sn99-594457#colcode=59445701,Gallery Dept Gallery You Are Late Sn99,19198,63998,70.0,0,0,0,?,False,False,False
https://www.flannels.com/gallery-dept-gallery-whats-next-sn99-594455#colcode=59445501,Gallery Dept Gallery Whats Next Sn99,19198,63998,70.0,8000,0,-11198,D,False,False,False
https://www.flannels.com/gallery-dept-gallery-human-robot-sn99-594420#colcode=59442001,Gallery Dept Gallery Human Robot Sn99,19198,63998,70.0,0,0,0,?,False,False,False
https://www.flannels.com/gallery-dept-gallery-gd-plain-vin-sn99-594406#colcode=59440608,Gallery Dept Gallery GD Plain Vin Sn99,19198,63998,70.0,0,0,0,?,False,False,False
https://www.flannels.com/gallery-dept-gallery-la-riot-t-sn99-594395#colcode=59439501,Gallery Dept Gallery LA Riot T Sn99,19198,63998,70.0,8000,0,-11198,D,False,False,False
https://www.flannels.com/gallery-dept-gallery-follow-the-l-sn99-594390#colcode=59439001,Gallery Dept Gallery Follow the L Sn99,19198,63998,70.0,0,0,0,?,False,False,False
https://www.flannels.com/lacoste-contrast-lined-track-jacket-303518#colcode=30351803,Lacoste Contrast Lined Track Jacket,19198,63998,70.0,3500,0,-15698,D,False,False,False
https://www.flannels.com/lacoste-cropped-tracksuit-jacket-303513#colcode=30351303,Lacoste Cropped Tracksuit Jacket,19198,63998,70.0,3500,0,-15698,D,False,False,False
https://www.flannels.com/lacoste-padded-popover-hooded-jacket-294555#colcode=29455513,Lacoste Padded Popover Hooded Jacket,19198,63998,70.0,8000,0,-11198,D,False,False,False
https://www.flannels.com/emporio-armani-micro-logo-t-shirt-309404#colcode=30940415,Emporio Armani Micro Logo T-Shirt,19798,65998,70.0,3500,0,-16298,D,False,False,False
https://www.flannels.com/emporio-armani-trousers-290087#colcode=29008715,Emporio Armani Trousers,19798,65998,70.0,3500,0,-16298,D,False,False,False
https://www.flannels.com/emporio-armani-trousers-293729#colcode=29372903,Emporio Armani Trousers,20998,69998,70.0,3500,0,-17498,D,False,False,False
https://www.flannels.com/emporio-armani-trousers-293474#colcode=29347469,Emporio Armani Trousers,20998,69998,70.0,3500,0,-17498,D,False,False,False
https://www.flannels.com/gallery-dept-gallery-retouche-dam-sn99-594424#colcode=59442424,Gallery Dept Gallery Retouche dam Sn99,21598,71998,70.0,0,0,0,?,False,False,False
https://www.flannels.com/emporio-armani-quarter-zip-hooded-jacket-309320#colcode=30932069,Emporio Armani Quarter Zip Hooded Jacket,22798,75998,70.0,8500,0,-14298,D,False,False,False
https://www.flannels.com/emporio-armani-shirt-294194#colcode=29419499,Emporio Armani Shirt,23998,79998,70.0,3500,0,-20498,D,False,False,False
https://www.flannels.com/gallery-dept-gallery-vintage-lg-p-sn99-594426#colcode=59442618,Gallery Dept Gallery Vintage LG P Sn99,24598,81998,70.0,0,0,0,?,False,False,False
https://www.flannels.com/gallery-dept-gallery-grailed-t-sn99-594394#colcode=59439403,Gallery Dept Gallery Grailed T Sn99,24598,81998,70.0,0,0,0,?,False,False,False
https://www.flannels.com/gallery-dept-gallery-lg-hoody-sn99-532668#colcode=53266802,Gallery Dept Gallery LG Hoody Sn99,24598,81998,70.0,28000,0,3402,D,False,False,False
https://www.flannels.com/emporio-armani-sweatshirt-294857#colcode=29485703,Emporio Armani Sweatshirt,24598,81998,70.0,3500,0,-21098,D,False,False,False
https://www.flannels.com/emporio-armani-trousers-335513#colcode=33551303,Emporio Armani Trousers,25198,83998,70.0,3500,0,-21698,D,False,False,False
https://www.flannels.com/emporio-armani-shirt-298424#colcode=29842401,Emporio Armani Shirt,25198,83998,70.0,3500,0,-21698,D,False,False,False
https://www.flannels.com/emporio-armani-jacket-307636#colcode=30763602,Emporio Armani Jacket,26998,89998,70.0,8000,0,-18998,D,False,False,False
https://www.flannels.com/emporio-armani-sweatshirt-295971#colcode=29597118,Emporio Armani Sweatshirt,26998,89998,70.0,3500,0,-23498,D,False,False,False
https://www.flannels.com/gallery-dept-gallery-music-lives-sn99-532671#colcode=53267103,Gallery Dept Gallery Music Lives Sn99,28198,93998,70.0,0,0,0,?,False,False,False
https://www.flannels.com/emporio-armani-gilet-337310#colcode=33731003,Emporio Armani Gilet,29998,99998,70.0,5000,0,-24998,D,False,False,False
https://www.flannels.com/emporio-armani-pullover-hoodie-295934#colcode=29593418,Emporio Armani Pullover Hoodie,29998,99998,70.0,5000,0,-24998,D,False,False,False
https://www.flannels.com/emporio-armani-trousers-291197#colcode=29119703,Emporio Armani Trousers,29998,99998,70.0,3500,0,-26498,D,False,False,False
https://www.flannels.com/gallery-dept-gallery-mechanic-shr-sn99-551465#colcode=55146515,Gallery Dept Gallery Mechanic Shr Sn99,31198,103998,70.0,8000,0,-23198,D,False,False,False
https://www.flannels.com/emporio-armani-bomber-jacket-335414#colcode=33541418,Emporio Armani Bomber Jacket,32998,109998,70.0,8000,0,-24998,D,False,False,False
https://www.flannels.com/emporio-armani-pure-cashmere-jumper-301255#colcode=30125518,Emporio Armani Pure Cashmere Jumper,32998,109998,70.0,8000,0,-24998,D,False,False,False
https://www.flannels.com/off-white-pap-drill-slim-pants-337009#colcode=33700903,Off White Pap Drill Slim Pants,34798,115998,70.0,8000,0,-26798,D,False,False,False
https://www.flannels.com/tom-ford-silk-cotton-blend-button-down-shirt-312569#colcode=31256903,Tom Ford Silk Cotton Blend Button Down Shirt,34798,115998,70.0,8000,0,-26798,D,False,False,False
https://www.flannels.com/emporio-armani-bomber-jacket-335411#colcode=33541118,Emporio Armani Bomber Jacket,37798,125998,70.0,8000,0,-29798,D,False,False,False
https://www.flannels.com/gallery-dept-gallery-ken-shorts-sn99-330177#colcode=33017718,Gallery Dept Gallery Ken Shorts Sn99,37798,125998,70.0,8000,0,-29798,D,False,False,False
https://www.flannels.com/emporio-armani-emporio-armani-blouson-softshell-jacket-mens-335087#colcode=33508715,Emporio Armani Emporio Armani Blouson Softshell Jacket Mens,38998,129998,70.0,8000,0,-30998,D,False,False,False
https://www.flannels.com/emporio-armani-blazer-298377#colcode=29837718,Emporio Armani Blazer,38998,129998,70.0,8000,0,-30998,D,False,False,False
https://www.flannels.com/emporio-armani-bomber-jacket-335419#colcode=33541904,Emporio Armani Bomber Jacket,44398,147998,70.0,8000,0,-36398,D,False,False,False
https://www.flannels.com/off-white-arrow-zip-skate-denim-jacket-336874#colcode=33687403,Off White Arrow Zip Skate Denim Jacket,49798,165998,70.0,8000,0,-41798,D,False,False,False
https://www.flannels.com/flannels-metal-flask-water-bottle-920437#colcode=92043703,Flannels Metal Flask Water Bottle,1200,4000,70.0,0,0,0,?,False,False,False
https://www.flannels.com/timex-lab-collab-quartz-watch-756797#colcode=75679706,Timex Lab Collab Quartz Watch,6600,22000,70.0,0,0,0,?,False,False,False
https://www.flannels.com/represent-mens-california-uv-protection-square-sunglasses-756356#colcode=75635601,Represent Men's California UV Protection Square Sunglasses,9600,32000,70.0,0,0,0,?,False,False,False
https://www.flannels.com/common-lines-mini-cuban-superflat-754393#colcode=75439311,Common Lines Mini Cuban Superflat,8400,28000,70.0,0,0,0,?,False,False,False
https://www.flannels.com/common-lines-cuban-link-superflat-753890#colcode=75389011,Common Lines Cuban Link Superflat,9600,32000,70.0,0,0,0,?,False,False,False
https://www.flannels.com/palm-angels-malibu-rectangle-sunglasses-753102#colcode=75310203,Palm Angels Malibu Rectangle Sunglasses,15000,50000,70.0,8000,0,-7000,D,False,False,False
https://www.flannels.com/palm-angels-mens-golden-rectangle-sunglasses-752724#colcode=75272403,Palm Angels Men's Golden Rectangle Sunglasses,15000,50000,70.0,8000,0,-7000,D,False,False,False
https://www.flannels.com/palm-angels-mens-stockton-rectangle-sunglasses-752687#colcode=75268705,Palm Angels Men's Stockton Rectangle Sunglasses,15000,50000,70.0,8000,0,-7000,D,False,False,False
https://www.flannels.com/palm-angels-mens-stockton-rectangle-sunglasses-752687#colcode=75268703,Palm Angels Men's Stockton Rectangle Sunglasses,15000,50000,70.0,8000,0,-7000,D,False,False,False
https://www.flannels.com/palm-angels-mens-stockton-rectangle-sunglasses-752687#colcode=75268702,Palm Angels Men's Stockton Rectangle Sunglasses,15000,50000,70.0,8000,0,-7000,D,False,False,False
https://www.flannels.com/palm-angels-mens-salton-rectangle-sunglasses-752682#colcode=75268205,Palm Angels Men's Salton Rectangle Sunglasses,15000,50000,70.0,8000,0,-7000,D,False,False,False
https://www.flannels.com/palm-angels-mens-salton-rectangle-sunglasses-752682#colcode=75268203,Palm Angels Men's Salton Rectangle Sunglasses,15000,50000,70.0,8000,0,-7000,D,False,False,False
https://www.flannels.com/off-white-unisex-seward-cat-eye-sunglasses-722825#colcode=72282508,Off White Seward Cat Eye Sunglasses,15000,50000,70.0,0,0,0,?,False,False,False
https://www.flannels.com/balenciaga-mens-carloop-leather-belt-714330#colcode=71433003,Balenciaga Men's Carloop Leather Belt,33000,110000,70.0,12000,0,-21000,D,False,False,False
https://www.flannels.com/palm-angels-magnolia-cat-eye-sunglasses-710495#colcode=71049503,Palm Angels Magnolia Cat Eye Sunglasses,15000,50000,70.0,8500,0,-6500,D,False,False,False
https://www.flannels.com/barbour-pointer-dog-socks-gift-box-703133#colcode=70313399,Barbour Pointer Dog Socks Gift Box,1800,6000,70.0,2800,0,1000,D,False,False,False
https://www.flannels.com/represent-mens-rep-textured-cheque-pattern-long-sleeve-oversized-fit-overshirt-689949#colcode=68994918,Represent Men's Rep Textured Cheque Pattern Long Sleeve Oversized Fit Overshirt,15000,50000,70.0,2800,0,-12200,D,False,False,False
https://www.flannels.com/icecream-running-dog-denim-jeans-689532#colcode=68953218,ICECREAM Running Dog Denim Jeans,9000,30000,70.0,8000,0,-1000,D,False,False,False
https://www.flannels.com/levis-mens-skate-qkrls-wide-leg-trousers-671409#colcode=67140915,Levis Men's Skate Qkrls Wide Leg Trousers,4800,16000,70.0,3500,0,-1300,D,False,False,False
https://www.flannels.com/levis-512-slim-tapered-jeans-649221#colcode=64922154,Levis 512™ Slim Tapered Jeans,6000,20000,70.0,4800,0,-1200,D,False,False,False
https://www.flannels.com/levis-512-slim-tapered-jeans-649221#colcode=64922152,Levis 512™ Slim Tapered Jeans,6000,20000,70.0,4800,0,-1200,D,False,False,False
https://www.flannels.com/levis-512-slim-tapered-jeans-649221#colcode=64922123,Levis 512™ Slim Tapered Jeans,6000,20000,70.0,4800,0,-1200,D,False,False,False
https://www.flannels.com/levis-512-slim-tapered-jeans-649221#colcode=64922120,Levis 512™ Slim Tapered Jeans,6600,22000,70.0,4800,0,-1800,D,False,False,False
https://www.flannels.com/levis-mens-levis-mid-rise-slim-fit-jeans-644494#colcode=64449418,Levis Men's Levi's Mid-Rise Slim Fit Jeans,6600,22000,70.0,3500,0,-3100,D,False,False,False
https://www.flannels.com/levis-mens-slim-fit-jeans-644493#colcode=64449318,Levis Men's Slim Fit Jeans,6000,20000,70.0,3500,0,-2500,D,False,False,False
https://www.flannels.com/levis-mens-slim-fit-jeans-644491#colcode=64449118,Levis Men's Slim Fit Jeans,6000,20000,70.0,3500,0,-2500,D,False,False,False
https://www.flannels.com/balmain-mens-straight-leg-jeans-644451#colcode=64445118,Balmain Men's Straight Leg Jeans,39000,130000,70.0,8000,0,-31000,D,False,False,False
https://www.flannels.com/replay-replay-anbass-slm-je-sn99-644314#colcode=64431419,Replay Replay Anbass Slm Je Sn99,9000,30000,70.0,4500,0,-4500,D,False,False,False
https://www.flannels.com/replay-replay-anbass-slm-je-sn99-644314#colcode=64431418,Replay Replay Anbass Slm Je Sn99,9000,30000,70.0,4500,0,-4500,D,False,False,False
https://www.flannels.com/levis-511-slim-fit-jeans-644283#colcode=64428371,Levis 511™ Slim Fit Jeans,6000,20000,70.0,3500,0,-2500,D,False,False,False
https://www.flannels.com/levis-511-slim-fit-jeans-644283#colcode=64428357,Levis 511™ Slim Fit Jeans,6000,20000,70.0,3500,0,-2500,D,False,False,False
https://www.flannels.com/levis-511-slim-fit-jeans-644283#colcode=64428353,Levis 511™ Slim Fit Jeans,6600,22000,70.0,3500,0,-3100,D,False,False,False
https://www.flannels.com/levis-511-slim-fit-jeans-644283#colcode=64428322,Levis 511™ Slim Fit Jeans,6000,20000,70.0,3500,0,-2500,D,False,False,False
https://www.flannels.com/levis-511-slim-fit-jeans-644283#colcode=64428307,Levis 511™ Slim Fit Jeans,6000,20000,70.0,3500,0,-2500,D,False,False,False
https://www.flannels.com/cole-buxton-cole-jonny-jeans-sn99-644167#colcode=64416718,Cole Buxton Cole Jonny Jeans Sn99,21000,70000,70.0,0,0,0,?,False,False,False
https://www.flannels.com/replay-mens-anbass-slim-fit-jeans-644157#colcode=64415703,Replay Men's Anbass Slim Fit Jeans,9600,32000,70.0,4500,0,-5100,D,False,False,False
https://www.flannels.com/levis-mens-levisoriginal-lean-machine-straight-leg-jeans-642185#colcode=64218569,Levis Men's Levisoriginal Lean Machine Straight Leg Jeans,6000,20000,70.0,3500,0,-2500,D,False,False,False
https://www.flannels.com/levis-mens-levisoriginal-lean-machine-straight-leg-jeans-642185#colcode=64218520,Levis Men's Levisoriginal Lean Machine Straight Leg Jeans,6000,20000,70.0,3500,0,-2500,D,False,False,False
https://www.flannels.com/levis-mens-levisoriginal-lean-machine-straight-leg-jeans-642185#colcode=64218505,Levis Men's Levisoriginal Lean Machine Straight Leg Jeans,6000,20000,70.0,3500,0,-2500,D,False,False,False
https://www.flannels.com/levis-mens-straight-leg-jeans-642184#colcode=64218418,Levis Men's Straight Leg Jeans,6600,22000,70.0,3500,0,-3100,D,False,False,False
https://www.flannels.com/levis-mens-straight-leg-jeans-642120#colcode=64212018,Levis Men's Straight Leg Jeans,6600,22000,70.0,3500,0,-3100,D,False,False,False
https://www.flannels.com/7-for-all-mankind-mens-modern-mid-rise-straight-leg-jeans-642025#colcode=64202520,7 For All Mankind Men's Modern Mid-Rise Straight Leg Jeans,14400,48000,70.0,3500,0,-10900,D,False,False,False
https://www.flannels.com/levis-mens-original-motion-sickn-straight-leg-jeans-641848#colcode=64184805,Levis Men's original Motion Sickn Straight Leg Jeans,6000,20000,70.0,3500,0,-2500,D,False,False,False
https://www.flannels.com/levis-mens-original-bluetooth-stonewash-straight-leg-jeans-641846#colcode=64184618,Levis Men's original Bluetooth Stonewash Straight Leg Jeans,6000,20000,70.0,3500,0,-2500,D,False,False,False
https://www.flannels.com/replay-9zero1-jeans-641350#colcode=64135020,Replay 9Zero1 Jeans,9600,32000,70.0,0,0,0,?,False,False,False
https://www.flannels.com/replay-replay-grover-straig-sn99-640542#colcode=64054219,Replay Replay Grover Straig Sn99,9000,30000,70.0,0,0,0,?,False,False,False
https://www.flannels.com/replay-replay-grover-straig-sn99-640542#colcode=64054218,Replay Replay Grover Straig Sn99,9000,30000,70.0,0,0,0,?,False,False,False
https://www.flannels.com/replay-replay-grover-straig-sn99-640521#colcode=64052103,Replay Replay Grover Straig Sn99,9600,32000,70.0,0,0,0,?,False,False,False
https://www.flannels.com/mens-slimmy-straight-leg-jeans-640005#colcode=64000503,7 For All Mankind Men's Slimmy Straight Leg Jeans,9600,32000,70.0,3500,0,-6100,D,False,False,False
https://www.flannels.com/fred-perry-tape-tracksuit-bottoms-630008#colcode=63000818,Fred Perry Men's Poly Tracksuit,6600,22000,70.0,8000,0,1400,D,False,False,False
https://www.flannels.com/tom-ford-mens-check-structured-overshirt-615940#colcode=61594001,Tom Ford Men's Check Structured Overshirt,39000,130000,70.0,8000,0,-31000,D,False,False,False
https://www.flannels.com/napapijri-mens-rivalto-water-resistant-long-sleeve-rain-anorak-615654#colcode=61565403,Napapijri Men's Rivalto Water Resistant Long Sleeve Rain Anorak,21000,70000,70.0,8500,0,-12500,D,False,False,False
https://www.flannels.com/barena-mens-borgo-long-sleeve-button-harrington-jacket-614359#colcode=61435908,Barena Men's Borgo Long Sleeve Button Harrington Jacket,25800,86000,70.0,8500,0,-17300,D,False,False,False
https://www.flannels.com/napapijri-mens-aerons-goose-down-gilet-611411#colcode=61141103,Napapijri Men's Aerons Goose Down Gilet,9600,32000,70.0,8000,0,-1600,D,False,False,False
https://www.flannels.com/snow-peak-mens-takibi-rain-anorak-609204#colcode=60920403,Snow Peak Men's TAKIBI Rain Anorak,33000,110000,70.0,12000,0,-21000,D,False,False,False
https://www.flannels.com/snow-peak-mens--water-resistant-adjustable-hood-rain-anorak-609177#colcode=60917718,Snow Peak Men's  Water-Resistant Adjustable Hood Rain Anorak,15600,52000,70.0,8500,0,-7100,D,False,False,False
https://www.flannels.com/levis-mens-skate-cord-overshirt-605603#colcode=60560306,Levis Men's Skate Cord Overshirt,6000,20000,70.0,4500,0,-1500,D,False,False,False
https://www.flannels.com/levis-mens-ec-station-denim-jacket-605583#colcode=60558399,Levis Men's Ec Station Denim Jacket,7800,26000,70.0,3500,0,-4300,D,False,False,False
https://www.flannels.com/arctic-army-mens-wpc-harrington-jacket-604927#colcode=60492703,Arctic Army Men's WPC Harrington Jacket,19800,66000,70.0,0,0,0,?,False,False,False
https://www.flannels.com/arctic-army-mens-wpc-harrington-jacket-604927#colcode=60492702,Arctic Army Men's WPC Harrington Jacket,19800,66000,70.0,0,0,0,?,False,False,False
https://www.flannels.com/kenzo-mens-tiger-windbreaker-604775#colcode=60477599,Kenzo Men's Tiger Windbreaker,33000,110000,70.0,8500,0,-24500,D,False,False,False
https://www.flannels.com/mm6-maison-margiela-mens-padded-overshirt-604381#colcode=60438102,MM6 Maison Margiela Men's Padded Overshirt,45000,150000,70.0,8500,0,-36500,D,False,False,False
https://www.flannels.com/ami-paris-mens-button-tailored-fit-blazer-604087#colcode=60408702,Ami Paris Men's Button Tailored Fit Blazer,43800,146000,70.0,15000,0,-28800,D,False,False,False
https://www.flannels.com/prevu-mens-haaland-lyocell-blazer-604011#colcode=60401118,Prevu Men's Haaland Lyocell Blazer,6000,20000,70.0,0,0,0,?,False,False,False
https://www.flannels.com/represent-mens-structured-overshirt-603873#colcode=60387318,Represent Men's Structured Overshirt,15000,50000,70.0,0,0,0,?,False,False,False
https://www.flannels.com/represent-mens-two-way-zip-overshirt-603568#colcode=60356803,Represent Men's Two-Way Zip Overshirt,15000,50000,70.0,0,0,0,?,False,False,False
https://www.flannels.com/massimo-osti-studio-mens-technical-weather-resistant-bomber-jacket-602791#colcode=60279102,Massimo Osti Studio Men's Technical Weather Resistant Bomber Jacket,45000,150000,70.0,0,0,0,?,False,False,False
https://www.flannels.com/massimo-osti-studio-mens-durable-overshirt-602772#colcode=60277203,Massimo Osti Studio Men's Durable Overshirt,27000,90000,70.0,12000,0,-15000,D,False,False,False
https://www.flannels.com/axel-arigato-mens-medium-puffer-jacket-602482#colcode=60248203,Axel Arigato Men's Medium Puffer Jacket,21000,70000,70.0,8000,0,-13000,D,False,False,False
https://www.flannels.com/barena-mens-borgo-virgin-wool-long-sleeve-blazer-602466#colcode=60246604,Barena Men's Borgo Virgin Wool Long Sleeve Blazer,33000,110000,70.0,12000,0,-21000,D,False,False,False
https://www.flannels.com/kenzo-mens-futura-coach-jacket-602398#colcode=60239805,Kenzo Men's Futura Coach Jacket,33000,110000,70.0,8000,0,-25000,D,False,False,False
https://www.flannels.com/axel-arigato-mens-flow-overshirt-602261#colcode=60226104,Axel Arigato Men's Flow Overshirt,15600,52000,70.0,15000,0,-600,D,False,False,False
https://www.flannels.com/jack1t-mens-slick-weather-resistant-long-puffer-jacket-601070#colcode=60107003,Jack1t Men's Slick Weather Resistant Long Puffer Jacket,21000,70000,70.0,0,0,0,?,False,False,False
https://www.flannels.com/jack1t-mens-hooded-insulated-medium-puffer-jacket-600870#colcode=60087003,Jack1t Men's Hooded Insulated Medium Puffer Jacket,21000,70000,70.0,0,0,0,?,False,False,False
https://www.flannels.com/lacoste-croc-jogging-bottoms-595100#colcode=59510015,Lacoste Croc Jogging Bottoms,6600,22000,70.0,3500,0,-3100,D,False,False,False
https://www.flannels.com/a-cold-wall-mens-night-shift-t-shirt-594938#colcode=59493804,A-COLD-WALL Men's Night Shift T-Shirt,6000,20000,70.0,6500,0,500,D,False,False,False
https://www.flannels.com/cole-buxton-cole-distressed-cole-sn99-593302#colcode=59330203,Cole Buxton Cole Distressed Cole Sn99,9600,32000,70.0,0,0,0,?,False,False,False
https://www.flannels.com/cole-buxton-cole-design-studio-t-sn99-593284#colcode=59328403,Cole Buxton Cole Design Studio T Sn99,9600,32000,70.0,0,0,0,?,False,False,False
https://www.flannels.com/replay-mens-native-t-shirt-592916#colcode=59291603,Replay Men's Native T-Shirt,3000,10000,70.0,1500,0,-1500,D,False,False,False
https://www.flannels.com/prevu-ottoman-t-shirt-591834#colcode=59183403,Prevu Ottoman T-Shirt,2400,8000,70.0,0,0,0,?,False,False,False
https://www.flannels.com/versace-virgin-wool-jumper-591571#colcode=59157103,Versace Virgin Wool Jumper,31800,106000,70.0,8000,0,-23800,D,False,False,False
https://www.flannels.com/fear-of-god-essentials-jersey-long-sleeve-tee-587569#colcode=58756902,Fear Of God Essentials Jersey Long Sleeve Tee,4800,16000,70.0,4500,0,-300,D,False,False,False
https://www.flannels.com/summer-games-sg24-ls-tee-587108#colcode=58710803,Summer Games Men's Long-Sleeve T-Shirt,9000,30000,70.0,0,0,0,?,False,False,False
https://www.flannels.com/napapijri-coldirai-long-sleeve-t-shirt-mens-587064#colcode=58706415,Napapijri Coldirai Long Sleeve T-shirt Mens,4800,16000,70.0,2500,0,-2300,D,False,False,False
https://www.flannels.com/daily-paper-mens-logo-graphic-t-shirt-586112#colcode=58611203,Daily Paper Men's Logo Graphic T-Shirt,3600,12000,70.0,2500,0,-1100,D,False,False,False
https://www.flannels.com/off-white-mens-mirror-t-shirt-586042#colcode=58604224,Off White Men's Mirror T-Shirt,18000,60000,70.0,8000,0,-10000,D,False,False,False
https://www.flannels.com/off-white-mens-wave-swap-logo-print-slim-fit-joggers-585988#colcode=58598801,Off White Men's Wave Swap Logo Print Slim Fit Joggers,25800,86000,70.0,8500,0,-17300,D,False,False,False
https://www.flannels.com/richard-james-wilder-suit-trousers-579085#colcode=57908502,Richard James Wilder Suit Trousers,7800,26000,70.0,0,0,0,?,False,False,False
https://www.flannels.com/ted-baker-ted-prem-twill-trs-sn99-579048#colcode=57904818,Ted Baker Men's Premium Twill Suit Trousers,9000,30000,70.0,3500,0,-5500,D,False,False,False
https://www.flannels.com/pretty-green-brentwood-long-sleeve-shirt-575837#colcode=57583718,Pretty Green Men's Brentwood Long-Sleeve Plain Shirt,4800,16000,70.0,0,0,0,?,False,False,False
https://www.flannels.com/pretty-green-brentwood-long-sleeve-shirt-575837#colcode=57583715,Pretty Green Men's Brentwood Long-Sleeve Plain Shirt,4800,16000,70.0,0,0,0,?,False,False,False
https://www.flannels.com/belstaff-kelby-cardigan-560518#colcode=56051803,Belstaff Kelby Cardigan,15000,50000,70.0,12000,0,-3000,D,False,False,False
https://www.flannels.com/moschino-mens-tape-tracksuit-top-554340#colcode=55434003,Moschino Men's Tape Tracksuit Top,39000,130000,70.0,8000,0,-31000,D,False,False,False
https://www.flannels.com/fred-perry-mens-blackwatch-tape-tracksuit-top-554251#colcode=55425103,Fred Perry Men's Blackwatch Tape Tracksuit Top,8400,28000,70.0,6500,0,-1900,D,False,False,False
https://www.flannels.com/levis-mens-classic-pocket-long-sleeve-plain-shirt-553093#colcode=55309318,Levis Men's Classic Pocket Long Sleeve Plain Shirt,3600,12000,70.0,2500,0,-1100,D,False,False,False
https://www.flannels.com/lacoste-mens-checked-quilted-long-sleeve-overshirt-552102#colcode=55210299,Lacoste Men's Checked Quilted Long Sleeve Overshirt,12000,40000,70.0,8500,0,-3500,D,False,False,False
https://www.flannels.com/levis-authentic-button-down-pumice-s-551922#colcode=55192205,Levis Authentic Button Down Pumice S,3600,12000,70.0,2800,0,-800,D,False,False,False
https://www.flannels.com/barbour-mens-kenton-shirt-551788#colcode=55178899,Barbour Mens Kenton Shirt,5400,18000,70.0,3500,0,-1900,D,False,False,False
https://www.flannels.com/cp-company-short-sleeve-embroidered-logo-shirt-550119#colcode=55011901,CP Company Short Sleeve Embroidered Logo Shirt,12000,40000,70.0,8500,0,-3500,D,False,False,False
https://www.flannels.com/lacoste-logo-polo-shirt-542985#colcode=54298518,Lacoste Logo Polo Shirt,6600,22000,70.0,3500,0,-3100,D,False,False,False
https://www.flannels.com/comme-des-garcons-play-space-heart-polo-shirt-542821#colcode=54282102,Comme des Garcons PLAY Space Heart Polo Shirt,9600,32000,70.0,8000,0,-1600,D,False,False,False
https://www.flannels.com/balmain-mens-short-sleeve-polo-shirt-541532#colcode=54153203,Balmain Men's Short Sleeve Polo Shirt,27000,90000,70.0,8500,0,-18500,D,False,False,False
https://www.flannels.com/emporio-armani-mens-short-sleeve-polo-shirt-540363#colcode=54036303,Emporio Armani Men's Short-Sleeve Polo Shirt,9000,30000,70.0,3500,0,-5500,D,False,False,False
https://www.flannels.com/circle-hoodie-sn99-532959#colcode=53295918,Daily Paper Men's Circle Hoodie,6000,20000,70.0,3500,0,-2500,D,False,False,False
https://www.flannels.com/circle-hoody-sn99-532798#colcode=53279803,Daily Paper Men's Circle Hoodie,6600,22000,70.0,3500,0,-3100,D,False,False,False
https://www.flannels.com/pretty-boy-ugly-world-mens-pbuw-peace-hoodie-532640#colcode=53264015,Pretty Boy Ugly World Men's PBUW Peace Hoodie,9000,30000,70.0,0,0,0,?,False,False,False
https://www.flannels.com/pretty-boy-ugly-world-mens-pbuw-peace-hoodie-532640#colcode=53264003,Pretty Boy Ugly World Men's PBUW Peace Hoodie,9000,30000,70.0,0,0,0,?,False,False,False
https://www.flannels.com/pleasures-pleasur-symphony-hdy-sn53-532606#colcode=53260602,Pleasures Men's Pleasur Symphony Hoodie,6000,20000,70.0,5000,0,-1000,D,False,False,False
https://www.flannels.com/pretty-boy-ugly-world-the-pretty-boy-ugly-world-cotton-zip-hoodie-mens-532073#colcode=53207303,Pretty Boy Ugly World The Pretty Boy Ugly World Cotton Zip Hoodie Mens,7800,26000,70.0,0,0,0,?,False,False,False
https://www.flannels.com/god-made-mens-gm-logo-hoodie-529934#colcode=52993413,God Made Mens GM Logo Hoodie,9000,30000,70.0,0,0,0,?,False,False,False
https://www.flannels.com/fear-of-god-essentials-fleece-hoodie-529305#colcode=52930503,Fear Of God Essentials Fleece Hoodie,9000,30000,70.0,8500,0,-500,D,False,False,False
https://www.flannels.com/lacoste-flocked-fleece-sweatshirt-526664#colcode=52666418,Lacoste Flocked Fleece Sweatshirt,7800,26000,70.0,3500,0,-4300,D,False,False,False
https://www.flannels.com/replay-small-logo-crewneck-sweater-526059#colcode=52605903,Replay Small Logo Crewneck Sweater,6600,22000,70.0,8000,0,1400,D,False,False,False
https://www.flannels.com/fear-of-god-essentials-mens-crew-sweatshirt-523315#colcode=52331513,Fear Of God Essentials Men's Crew Sweatshirt,6000,20000,70.0,8500,0,2500,D,False,False,False
https://www.flannels.com/represent-mens-structured-crew-sweatshirt-523309#colcode=52330924,Represent Men's Structured Crew Sweatshirt,8400,28000,70.0,0,0,0,?,False,False,False
https://www.flannels.com/lacoste-mens-paris-crew-sweatshirt-522967#colcode=52296769,Lacoste Men's Paris Crew Sweatshirt,7800,26000,70.0,3500,0,-4300,D,False,False,False
https://www.flannels.com/barbour-international-grip-crew-neck-sweater-522881#colcode=52288119,Barbour International Grip Crew Neck Sweater,6000,20000,70.0,4500,0,-1500,D,False,False,False
https://www.flannels.com/dolce-and-gabbana-mens-crew-jumper-522722#colcode=52272203,Dolce and Gabbana Men's Crew Jumper,39000,130000,70.0,8000,0,-31000,D,False,False,False
https://www.flannels.com/erib-sweater-sn99-522630#colcode=52263018,Daily Paper Men's Erib Crew Sweatshirt,6000,20000,70.0,4500,0,-1500,D,False,False,False
https://www.flannels.com/represent-mens-crew-sweatshirt-522627#colcode=52262703,Represent Men's Crew Sweatshirt,9000,30000,70.0,28000,0,19000,A,False,False,True
https://www.flannels.com/represent-mens-crew-sweatshirt-522478#colcode=52247802,Represent Men's Crew Sweatshirt,6000,20000,70.0,28000,0,22000,S,False,False,True
https://www.flannels.com/god-made-mens-origins-cotton-long-sleeve-relaxed-fit-crew-sweatshirt-522305#colcode=52230503,God Made Men's Origins Cotton Long Sleeve Relaxed Fit Crew Sweatshirt,9000,30000,70.0,0,0,0,?,False,False,False
https://www.flannels.com/cp-company-metropolis-logo-sweatshirt-521222#colcode=52122201,CP Company Metropolis Logo Sweatshirt,12000,40000,70.0,8000,0,-4000,D,False,False,False
https://www.flannels.com/pretty-green-didsbury-trousers-518982#colcode=51898218,Pretty Green Men's Didsbury Chinos,5400,18000,70.0,3000,0,-2400,D,False,False,False
https://www.flannels.com/pretty-green-didsbury-trousers-518982#colcode=51898204,Pretty Green Men's Didsbury Chinos,5400,18000,70.0,3000,0,-2400,D,False,False,False
https://www.flannels.com/daily-paper-paper-cargo-pants-sn34-518651#colcode=51865103,Daily Paper Men's Cargo Trousers,5400,18000,70.0,0,0,0,?,False,False,False
https://www.flannels.com/gant-slim-fit-twill-chinos-518563#colcode=51856304,Gant Slim Fit Twill Chinos,6000,20000,70.0,3500,0,-2500,D,False,False,False
https://www.flannels.com/represent-mens-cotton-drawstring-cuffs-slim-fit-cargo-trousers-518559#colcode=51855903,Represent Men's Cotton Drawstring Cuffs Slim Fit Cargo Trousers,9000,30000,70.0,3500,0,-5500,D,False,False,False
https://www.flannels.com/levis-mens-chinos-518267#colcode=51826725,Levis Men's Chinos,4800,16000,70.0,2800,0,-2000,D,False,False,False
https://www.flannels.com/levis-mens-chinos-518267#colcode=51826718,Levis Men's Chinos,4800,16000,70.0,2800,0,-2000,D,False,False,False
https://www.flannels.com/levis-mens-chinos-518267#colcode=51826705,Levis Men's Chinos,4800,16000,70.0,2800,0,-2000,D,False,False,False
https://www.flannels.com/levis-mens-authentic-straight-washed-chinos-518265#colcode=51826520,Levis Men's Authentic Straight Washed Chinos,4800,16000,70.0,3500,0,-1300,D,False,False,False
https://www.flannels.com/levis-mens-chinos-518125#colcode=51812502,Levis Men's Chinos,4800,16000,70.0,2800,0,-2000,D,False,False,False
https://www.flannels.com/levis-mens-slim-fit-chinos-518089#colcode=51808904,Levis Men's Slim Fit Chinos,4800,16000,70.0,3500,0,-1300,D,False,False,False
https://www.flannels.com/ted-baker-ted-haydae-chino-sn53-518031#colcode=51803118,Ted Baker Men's Haydae Chinos,5400,18000,70.0,3500,0,-1900,D,False,False,False
https://www.flannels.com/ted-baker-ted-haydae-chino-sn53-518031#colcode=51803103,Ted Baker Men's Haydae Chinos,5400,18000,70.0,3500,0,-1900,D,False,False,False
https://www.flannels.com/daily-paper-graphic-hoodie-515357#colcode=51535703,Daily Paper Graphic Hoodie,7800,26000,70.0,4500,0,-3300,D,False,False,False
https://www.flannels.com/lacoste-crocodile-sweatshirt-515137#colcode=51513718,Lacoste Crocodile Sweatshirt,7800,26000,70.0,3500,0,-4300,D,False,False,False
https://www.flannels.com/lacoste-crocodile-sweatshirt-515137#colcode=51513708,Lacoste Crocodile Sweatshirt,7800,26000,70.0,3500,0,-4300,D,False,False,False
https://www.flannels.com/ted-baker-scopet-trousers-514196#colcode=51419618,Ted Baker Scopet Trousers,9000,30000,70.0,3500,0,-5500,D,False,False,False
https://www.flannels.com/barbour-washed-stretch-tailored-trousers-513908#colcode=51390818,Barbour Washed Stretch Tailored Trousers,5400,18000,70.0,3500,0,-1900,D,False,False,False
https://www.flannels.com/barbour-washed-stretch-tailored-trousers-513908#colcode=51390803,Barbour Washed Stretch Tailored Trousers,5400,18000,70.0,3500,0,-1900,D,False,False,False
https://www.flannels.com/represent-mens-initial-long-sleeve-crew-sweatshirt-512708#colcode=51270802,Represent Men's Initial Long Sleeve Crew Sweatshirt,8400,28000,70.0,4500,0,-3900,D,False,False,False
https://www.flannels.com/arctic-army-mens-voyager-cargo-trousers-511953#colcode=51195303,Arctic Army Men's Voyager Cargo Trousers,19800,66000,70.0,0,0,0,?,False,False,False
https://www.flannels.com/arctic-army-mens-voyager-cargo-trousers-511953#colcode=51195302,Arctic Army Men's Voyager Cargo Trousers,19800,66000,70.0,0,0,0,?,False,False,False
https://www.flannels.com/levis-mens-parachute-cargo-trousers-511896#colcode=51189615,Levis Men's Parachute Cargo Trousers,4800,16000,70.0,3500,0,-1300,D,False,False,False
https://www.flannels.com/moschino-mens-closed-hem-joggers-511353#colcode=51135303,Moschino Men's Closed Hem Joggers,39000,130000,70.0,2000,0,-37000,D,False,False,False
https://www.flannels.com/on-mens-ikon-performance-tracksuit-bottoms-511113#colcode=51111318,On Men's IKON Performance Tracksuit Bottoms,9000,30000,70.0,4500,0,-4500,D,False,False,False
https://www.flannels.com/mens-millerville-cargo-trousers-510722#colcode=51072204,Dickies Men's Millerville Cargo Trousers,4800,16000,70.0,3500,0,-1300,D,False,False,False
https://www.flannels.com/ted-baker-ted-rietij-shirt-sn99-500698#colcode=50069818,Ted Baker Men's Rietij Long-Sleeve Patterned Shirt,5400,18000,70.0,3500,0,-1900,D,False,False,False
https://www.flannels.com/lacoste-unisex-adults-closed-cuff-woven-tracksuit-joggers-490158#colcode=49015899,Lacoste Unisex Adults Closed Cuff Woven Tracksuit Joggers,9600,32000,70.0,3500,0,-6100,D,False,False,False
https://www.flannels.com/pretty-green-eclipse-paisley-tracksuit-bottoms-490100#colcode=49010018,Pretty Green Men's Eclipse Paisley Open Hem Woven Joggers,5400,18000,70.0,0,0,0,?,False,False,False
https://www.flannels.com/puma-x-pleasures-cellerator-track-pants-490017#colcode=49001702,Puma x Pleasures Cellerator Track Pants,9000,30000,70.0,6800,0,-2200,D,False,False,False
https://www.flannels.com/fred-perry-mens-blackwatch-open-hem-woven-tracksuit-joggers-490000#colcode=49000003,Fred Perry Men's Blackwatch Open Hem Woven Tracksuit Joggers,6600,22000,70.0,3500,0,-3100,D,False,False,False
https://www.flannels.com/mens-basic-fleece-jogging-bottoms-488042#colcode=48804218,Lacoste Men's Basic Fleece Jogging Bottoms,6000,20000,70.0,3500,0,-2500,D,False,False,False
https://www.flannels.com/versace-jogging-bottoms-juniors-483218#colcode=48321803,Versace Jogging Bottoms Juniors,21000,70000,70.0,3500,0,-17500,D,False,False,False
https://www.flannels.com/aries-mens-closed-hem-fleece-joggers-482717#colcode=48271703,Aries Men's Closed Hem Fleece Joggers,12000,40000,70.0,3500,0,-8500,D,False,False,False
https://www.flannels.com/summer-games-sg24-joggers-482572#colcode=48257203,Summer Games Men's Closed Hem Fleece Joggers,15600,52000,70.0,3500,0,-12100,D,False,False,False
https://www.flannels.com/represent-mens-rep-legacy-closed-hem-fleece-joggers-482401#colcode=48240103,Represent Men's Rep Legacy Closed Hem Fleece Joggers,9000,30000,70.0,3500,0,-5500,D,False,False,False
https://www.flannels.com/represent-mens-closed-hem-fleece-joggers-482376#colcode=48237615,Represent Men's Closed Hem Fleece Joggers,8400,28000,70.0,3500,0,-4900,D,False,False,False
https://www.flannels.com/golden-goose-macro-star-joggers-482288#colcode=48228803,Golden Goose Macro Star Joggers,12000,40000,70.0,8000,0,-4000,D,False,False,False
https://www.flannels.com/vivienne-westwood-mens-closed-hem-fleece-cuffed-joggers-482265#colcode=48226502,Vivienne Westwood Men's Closed Hem Fleece Cuffed Joggers,15000,50000,70.0,3500,0,-11500,D,False,False,False
https://www.flannels.com/a-cold-wall-mens-millbank-closed-hem-fleece-tapered-joggers-482147#colcode=48214704,A-COLD-WALL Men's Millbank Closed Hem Fleece Tapered Joggers,9000,30000,70.0,8000,0,-1000,D,False,False,False
https://www.flannels.com/family-first-mens-closed-hem-fleece-tapered-fit-joggers-482000#colcode=48200015,Family First Men's Closed Hem Fleece Tapered Fit Joggers,8400,28000,70.0,2800,0,-5600,D,False,False,False
https://www.flannels.com/yohji-yamamoto-mens-open-bottom-fleece-joggers-480161#colcode=48016103,Yohji Yamamoto Men's Open Bottom Fleece Joggers,14400,48000,70.0,8500,0,-5900,D,False,False,False
https://www.flannels.com/dolce-and-gabbana-mens-open-hem-fleece-joggers-480146#colcode=48014603,Dolce and Gabbana Men's Open Hem Fleece Joggers,39000,130000,70.0,8000,0,-31000,D,False,False,False
https://www.flannels.com/cole-buxton-star-tech-shorts-478836#colcode=47883613,Cole Buxton Star Tech Shorts,6600,22000,70.0,0,0,0,?,False,False,False
https://www.flannels.com/belstaff-dalesman-shorts-478790#colcode=47879018,Belstaff Dalesman Shorts,9600,32000,70.0,8000,0,-1600,D,False,False,False
https://www.flannels.com/represent-mens-multi-pocket-tailored-fit-cargo-shorts-478274#colcode=47827404,Represent Men's Multi-Pocket Tailored Fit Cargo Shorts,8400,28000,70.0,0,0,0,?,False,False,False
https://www.flannels.com/pretty-boy-ugly-world-mens-cotton-4-pockets-fleece-jogger-shorts-472007#colcode=47200703,Pretty Boy Ugly World Mens Cotton 4 Pockets Fleece Jogger Shorts,3600,12000,70.0,0,0,0,?,False,False,False
https://www.flannels.com/pleasures-x-juicy-couture-striped-shorts-430322#colcode=43032218,Pleasures X Juicy Couture Striped Shorts,5400,18000,70.0,3500,0,-1900,D,False,False,False
https://www.flannels.com/emporio-armani-mens-trunks-422025#colcode=42202599,Emporio Armani Men's Trunks,3600,12000,70.0,3500,0,-100,D,False,False,False
https://www.flannels.com/versace-icon-iconic-briefs-421211#colcode=42121103,Versace Icon Iconic Briefs,3000,10000,70.0,0,0,0,?,False,False,False
https://www.flannels.com/new-era-9twenty-water-repellent-adjustable-cap-363662#colcode=36366218,New Era Water Repellent Adjustable Baseball Cap,3600,12000,70.0,2500,0,-1100,D,False,False,False
https://www.flannels.com/dsquared2-mens-sunset-quick-dry-tailored-fit-swim-shorts-352730#colcode=35273099,DSquared2 Men's Sunset Quick Dry Tailored Fit Swim Shorts,21000,70000,70.0,8000,0,-13000,D,False,False,False
https://www.flannels.com/versace-icon-swim-shorts-352062#colcode=35206218,Versace Icon Swim Shorts,15000,50000,70.0,8000,0,-7000,D,False,False,False
https://www.flannels.com/moschino-logo-tape-swimming-shorts-350204#colcode=35020403,Moschino Logo Tape Swimming Shorts,7800,26000,70.0,3500,0,-4300,D,False,False,False
https://www.flannels.com/versace-mens-woven-tracksuit-shorts-336199#colcode=33619918,Versace Men's Woven Tracksuit Shorts,49800,166000,70.0,8000,0,-41800,D,False,False,False
https://www.flannels.com/levis-mens-loose-dblk-tapered-jeans-336192#colcode=33619218,Levis Men's Loose Dblk Tapered Jeans,6000,20000,70.0,3500,0,-2500,D,False,False,False
https://www.flannels.com/levis-mens-baggy-denim-shorts-336147#colcode=33614724,Levis Men's Baggy Denim Shorts,3600,12000,70.0,3500,0,-100,D,False,False,False
https://www.flannels.com/levis-mens-baggy-wide-leg-jeans-336146#colcode=33614602,Levis Men's Baggy Wide Leg Jeans,4800,16000,70.0,3500,0,-1300,D,True,False,False
https://www.flannels.com/levis-mens-taper-cross-the-sky-adv-tapered-jeans-336131#colcode=33613120,Levis Men's Taper Cross The Sky Adv Tapered Jeans,6000,20000,70.0,3500,0,-2500,D,False,False,False
https://www.flannels.com/levis-levis-568-stay-loose-carpenter-z8073-334982#colcode=33498205,Levis Men's Stay Loose Carpenter Wide Leg Jeans,6000,20000,70.0,4500,0,-1500,D,False,False,False
https://www.flannels.com/lacoste-logo-jumper-330485#colcode=33048502,Lacoste Men's Logo Crew Neck Jumper,7800,26000,70.0,3500,0,-4300,D,False,False,False
https://www.flannels.com/fred-perry-mens-badge-laurel-wreath-knitted-crew-neck-jumper-326957#colcode=32695718,Fred Perry Men's Badge Laurel Wreath Knitted Crew Neck Jumper,9000,30000,70.0,3500,0,-5500,D,False,False,False
https://www.flannels.com/lacoste-mens-striped-crew-neck-jumper-326651#colcode=32665118,Lacoste Men's Striped Crew Neck Jumper,7800,26000,70.0,3500,0,-4300,D,False,False,False
https://www.flannels.com/cole-buxton-mens-junior-print-denim-jacket-326533#colcode=32653318,Cole Buxton Men's Junior Print Denim Jacket,15000,50000,70.0,0,0,0,?,False,False,False
https://www.flannels.com/arctic-army-mens-lite-reflective-short-puffer-jacket-324302#colcode=32430202,Arctic Army Men's Lite Reflective Short Puffer Jacket,31800,106000,70.0,3500,0,-28300,D,False,False,False
https://www.flannels.com/emporio-armani-mens-insulated-bomber-jacket-323704#colcode=32370404,Emporio Armani Men's Insulated Bomber Jacket,27000,90000,70.0,12000,0,-15000,D,False,False,False
https://www.flannels.com/tommy-hilfiger-mens-milano-crew-neck-jumper-321896#colcode=32189603,Tommy Hilfiger Men's Milano Crew Neck Jumper,8400,28000,70.0,3500,0,-4900,D,False,False,False
https://www.flannels.com/replay-anbass-hyperflex-bio-slim-fit-jeans-297489#colcode=29748918,Replay Anbass Hyperflex Bio Slim Fit Jeans,10800,36000,70.0,3500,0,-7300,D,False,False,False
https://www.flannels.com/comme-des-garcons-play-x-converse-jack-purcell-low-top-trainers-246049#colcode=24604908,Comme des Garcons PLAY X Converse Jack Purcell Low Top Trainers,8400,28000,70.0,8500,0,100,D,False,False,False
https://www.flannels.com/nicholas-deakins-mens-deaks-hudson-canvas-trainers-246003#colcode=24600304,Deakins Men's Deaks Hudson Canvas Trainers,3600,12000,70.0,0,0,0,?,False,False,False
https://www.flannels.com/comme-des-garcons-play-single-heart-chuck-70-high-top-trainers-245042#colcode=24504203,Comme des Garcons PLAY Single Heart Chuck 70 High Top Trainers,8400,28000,70.0,12000,0,3600,D,False,False,False
https://www.flannels.com/comme-des-garcons-play-single-heart-chuck-70-high-top-trainers-245042#colcode=24504201,Comme des Garcons PLAY Single Heart Chuck 70 High Top Trainers,8400,28000,70.0,12000,0,3600,D,False,False,False
https://www.flannels.com/comme-des-garcons-play-multi-heart-high-top-trainers-245007#colcode=24500703,Comme des Garcons PLAY Multi Heart High Top Trainers,8400,28000,70.0,8000,0,-400,D,False,False,False
https://www.flannels.com/comme-des-garcons-play-multi-heart-high-top-trainers-245007#colcode=24500701,Comme des Garcons PLAY Multi Heart High Top Trainers,8400,28000,70.0,8000,0,-400,D,False,False,False
https://www.flannels.com/moschino-mens-biker-boots-232669#colcode=23266903,Moschino Men's Biker Boots,45000,150000,70.0,8500,0,-36500,D,False,False,False
https://www.flannels.com/steve-madden-mens-hudson-flat-ankle-boots-231916#colcode=23191603,Steve Madden Men's Hudson Flat Ankle Boots,9600,32000,70.0,5800,0,-3800,D,False,False,False
https://www.flannels.com/havaianas-mens-urban-basic-rubber-sole-flip-flops-222164#colcode=22216403,Havaianas Men's Urban Basic Rubber Sole Flip Flops,1800,6000,70.0,2500,0,700,D,False,False,False
https://www.flannels.com/puma-mens-voyage-nitro-running-shoes-213091#colcode=21309115,Puma Men's Voyage Nitro Running Shoes,7800,26000,70.0,5800,0,-2000,D,False,False,False
https://www.flannels.com/represent-247-mens-fast-neutral-running-shoes-212487#colcode=21248703,Represent 247 Men's Fast Neutral Running Shoes,15000,50000,70.0,8000,0,-7000,D,False,False,False
https://www.flannels.com/represent-247-mens-fast-neutral-running-shoes-212487#colcode=21248701,Represent 247 Men's Fast Neutral Running Shoes,15000,50000,70.0,8000,0,-7000,D,False,False,False
https://www.flannels.com/new-balance-nb-1000-mens-129379#colcode=12937911,New Balance NB 1000 Mens,9000,30000,70.0,8500,0,-500,D,True,False,False
https://www.flannels.com/calvin-klein-lace-up-mix-trainers-125019#colcode=12501918,Calvin Klein Lace Up Mix Trainers,6000,20000,70.0,3500,0,-2500,D,False,False,False
https://www.flannels.com/calvin-klein-lace-up-mix-trainers-125019#colcode=12501902,Calvin Klein Lace Up Mix Trainers,6000,20000,70.0,3500,0,-2500,D,False,False,False
https://www.flannels.com/calvin-klein-lace-up-mix-trainers-125019#colcode=12501901,Calvin Klein Lace Up Mix Trainers,6000,20000,70.0,3500,0,-2500,D,False,False,False
https://www.flannels.com/yeezy-mens-700-v3-safflower-rpu-cage-glow-in-dark-sneakers-117748#colcode=11774813,Yeezy Men's 700 V3 Safflower RPU Cage Glow in Dark Sneakers,12000,40000,70.0,38000,0,26000,S,False,False,True
https://www.flannels.com/balenciaga-mens-runners-116206#colcode=11620603,Balenciaga Men's Runners,45000,150000,70.0,15000,0,-30000,D,False,False,False
https://www.flannels.com/steve-madden-mens-easton-low-top-trainers-116199#colcode=11619940,Steve Madden Men's Easton Low-Top Trainers,9000,30000,70.0,0,0,0,?,False,False,False
https://www.flannels.com/new-balance-mens-bal-runners-116174#colcode=11617440,New Balance NB RC56 Mens,7800,26000,70.0,8500,0,700,D,False,False,False
https://www.flannels.com/puma-mens-low-top-trainers-115719#colcode=11571969,Puma Men's Low-Top Trainers,6000,20000,70.0,3500,0,-2500,D,False,False,False
https://www.flannels.com/new-balance-nbls-550-shoes-mens-115361#colcode=11536105,New Balance NB 550,7800,26000,70.0,6000,0,-1800,D,False,False,False
https://www.flannels.com/puma-mens-king-indoor-low-top-trainers-115040#colcode=11504003,Puma Men's King Indoor Low-Top Trainers,6000,20000,70.0,3500,0,-2500,D,False,False,False
https://www.flannels.com/comme-des-garcons-play-chuck-logo-high-top-trainers-114249#colcode=11424918,Comme des Garcons PLAY Chuck Logo High Top Trainers,8400,28000,70.0,12000,0,3600,D,False,False,False
https://www.flannels.com/comme-des-garcons-play-chuck-logo-high-top-trainers-114249#colcode=11424904,Comme des Garcons PLAY Chuck Logo High Top Trainers,8400,28000,70.0,12000,0,3600,D,False,False,False
https://www.flannels.com/comme-des-garcons-play-chuck-logo-high-top-trainers-114249#colcode=11424903,Comme des Garcons PLAY Chuck Logo High Top Trainers,8400,28000,70.0,12000,0,3600,D,False,False,False
https://www.flannels.com/new-balance-nb-wrpd-mens-112253#colcode=11225340,New Balance NB WRPD Mens,8400,28000,70.0,5500,0,-2900,D,False,False,False
https://www.flannels.com/nicholas-deakins-mens-deaks-nevis-chukka-boots-112076#colcode=11207605,Deakins Men's Deaks Nevis Chukka Boots,5400,18000,70.0,0,0,0,?,False,False,False
https://www.flannels.com/puma-x-skepta-skope-sneakers-112028#colcode=11202803,Puma X Skepta Skope Sneakers,8400,28000,70.0,8000,0,-400,D,False,False,False
https://www.flannels.com/grenson-fred-brogue-boot-110282#colcode=11028205,Grenson Fred Brogue Boot,21000,70000,70.0,18000,0,-3000,D,True,False,False
https://www.flannels.com/steve-madden-mens-lyonell-court-trainers-110248#colcode=11024803,Steve Madden Men's Lyonell Court Trainers,9600,32000,70.0,3500,0,-6100,D,False,False,False
https://www.flannels.com/new-balance-new-balance-u1500-made-in-uk-106039#colcode=10603915,New Balance NB 1500 Mens,12000,40000,70.0,8000,0,-4000,D,False,False,False
https://www.flannels.com/new-balance-mens-990v2-encap-low-top-trainers-105398#colcode=10539801,New Balance NB 990v2 Mens,12000,40000,70.0,18000,0,6000,C,False,False,True
https://www.flannels.com/boss-mens-brandon-leather-trainers--premium-construction-105324#colcode=10532403,Boss Mens BOSS Leather Trainers with Logo Detail - Premium Construction (Brandon),9000,30000,70.0,8500,0,-500,D,False,False,False
https://www.flannels.com/emporio-armani-t-shirt-304153#colcode=30415302,Emporio Armani T-Shirt,15600,51998,70.0,2500,0,-13100,D,False,False,False
https://www.flannels.com/adidas-originals-brain-dead-bag-738135#colcode=73813518,adidas Originals Brain Dead Bag,15000,49998,70.0,0,0,0,?,False,False,False
https://www.flannels.com/emporio-armani-shirt-295977#colcode=29597701,Emporio Armani Shirt,15000,49998,70.0,3500,0,-11500,D,False,False,False
https://www.flannels.com/y3-3-stripes-track-top-338206#colcode=33820603,Y3 3-Stripes Track Top,14400,47998,70.0,8500,0,-5900,D,False,False,False
https://www.flannels.com/boss-sullivan-20-hoodie-336676#colcode=33667603,Boss Sullivan 20 Hoodie,12000,39998,70.0,0,0,0,?,False,False,False
https://www.flannels.com/mallet-reebok-x-mallet-classic-trainers-019591#colcode=01959103,Mallet Reebok x Mallet Classic Trainers,12000,39998,70.0,8500,0,-3500,D,False,False,False
https://www.flannels.com/boss-c-lars-252-shirt-307976#colcode=30797618,Boss C-Lars-252 Shirt,9600,31998,70.0,0,0,0,?,False,False,False
https://www.flannels.com/boss-h-remaine-slim-fit-jeans-295389#colcode=29538918,Boss H-Re.Maine Slim-Fit Jeans,9600,31998,70.0,0,0,0,?,False,False,False
https://www.flannels.com/boss-p-genius-w-wg-253f-trousers-294691#colcode=29469118,Boss P-Genius-W-WG-253F Trousers,9600,31998,70.0,0,0,0,?,False,False,False
https://www.flannels.com/boss-p-genius-w-wg-253f-trousers-294641#colcode=29464101,Boss P-Genius-W-WG-253F Trousers,9600,31998,70.0,0,0,0,?,False,False,False
https://www.flannels.com/lacoste-straight-fit-badge-detail-suit-pants-293121#colcode=29312169,Lacoste Straight-Fit Badge Detail Suit Pants,9600,31998,70.0,4500,0,-5100,D,False,False,False
https://www.flannels.com/gant-extrafine-merino-wool-zip-cardigan-291998#colcode=29199804,Gant Extrafine Merino Wool Zip Cardigan,9600,31998,70.0,3500,0,-6100,D,False,False,False
https://www.flannels.com/off-white-england-x-off-white-1970-blackout-shirt-370587#colcode=37058703,Off White England x Off White 1970 Blackout Shirt,9000,29998,70.0,0,0,0,?,False,False,False
https://www.flannels.com/gant-cotton-cable-half-zip-fleece-303470#colcode=30347008,Gant Cotton Cable Half Zip Fleece,9000,29998,70.0,3500,0,-5500,D,False,False,False
https://www.flannels.com/boss-p-parris-07-polo-shirt-307076#colcode=30707618,Boss P-Parris 07 Polo Shirt,8400,27998,70.0,0,0,0,?,False,False,False
https://www.flannels.com/lacoste-organic-cotton-track-pants-327945#colcode=32794569,Lacoste Organic Cotton Track Pants,7800,25998,70.0,3500,0,-4300,D,False,False,False
https://www.flannels.com/lacoste-relaxed-fit-sweatpants-319566#colcode=31956603,Lacoste Relaxed-Fit Sweatpants,7800,25998,70.0,3500,0,-4300,D,False,False,False
https://www.flannels.com/lacoste-relaxed-fit-sweatpants-319533#colcode=31953308,Lacoste Relaxed-Fit Sweatpants,7800,25998,70.0,3500,0,-4300,D,False,False,False
https://www.flannels.com/lacoste-relaxed-fit-ultra-dry-bermuda-golf-shorts-290903#colcode=29090399,Lacoste Relaxed-Fit Ultra Dry Bermuda Golf Shorts,7800,25998,70.0,3500,0,-4300,D,False,False,False
https://www.flannels.com/y3-cut-line-t-shirt-338213#colcode=33821301,Y3 Cut Line T-Shirt,6600,21998,70.0,2500,0,-4100,D,False,False,False
https://www.flannels.com/fred-perry-chequerboard-tank-top-300541#colcode=30054118,Fred Perry Chequerboard Tank Top,6600,21998,70.0,3500,0,-3100,D,False,False,False
https://www.flannels.com/boss-catch-30-belt-bag-738128#colcode=73812818,Boss Catch 3.0 Belt Bag,6000,19998,70.0,0,0,0,?,False,False,False
https://www.flannels.com/lacoste-seamless-tennis-polo-shirt-337591#colcode=33759118,Lacoste Seamless Tennis Polo Shirt,6000,19998,70.0,2500,0,-3500,D,False,False,False
https://www.flannels.com/hugo-dayote-logo-print-tracksuit-bottoms-318988#colcode=31898869,Hugo Dayote Logo Print Tracksuit Bottoms,6000,19998,70.0,0,0,0,?,False,False,False
https://www.flannels.com/lacoste-regular-fit-terry-knit-paris-shorts-318169#colcode=31816969,Lacoste Regular-Fit Terry Knit Paris Shorts,6000,19998,70.0,3500,0,-2500,D,False,False,False
https://www.flannels.com/lacoste-relaxed-fit-poplin-shorts-337392#colcode=33739215,Lacoste Relaxed Fit Poplin Shorts,5400,17998,70.0,3500,0,-1900,D,False,False,False
https://www.flannels.com/boss-clori-belt-428184#colcode=42818404,Boss Clori Belt,4800,15998,70.0,0,0,0,?,False,False,False
https://www.flannels.com/lacoste-washed-effect-printed-fleece-shorts-319636#colcode=31963608,Lacoste Washed Effect Printed Fleece Shorts,4800,15998,70.0,3500,0,-1300,D,False,False,False
https://www.flannels.com/lacoste-mid-length-washed-effect-swim-trunks-319634#colcode=31963413,Lacoste Mid Length Washed Effect Swim Trunks,4800,15998,70.0,3500,0,-1300,D,False,False,False
https://www.flannels.com/lacoste-washed-effect-printed-fleece-shorts-319526#colcode=31952613,Lacoste Washed Effect Printed Fleece Shorts,4800,15998,70.0,3500,0,-1300,D,False,False,False
https://www.flannels.com/levis-alder-bomber-sweatshirt-298582#colcode=29858202,Levis Alder Bomber Sweatshirt,4800,15998,70.0,3500,0,-1300,D,False,False,False
https://www.flannels.com/lacoste-roland-garros-edition-fleece-tennis-shorts-291455#colcode=29145508,Lacoste Roland Garros Edition Fleece Tennis Shorts,4800,15998,70.0,3500,0,-1300,D,False,False,False
https://www.flannels.com/lacoste-signature-print-cotton-t-shirt-313677#colcode=31367790,Lacoste Signature Print Cotton T-Shirt,3600,11998,70.0,2500,0,-1100,D,False,False,False
https://www.flannels.com/off-white-buckle-up-shirt-337112#colcode=33711201,Off White Buckle Up Shirt,39798,132598,70.0,8000,0,-31798,D,False,False,False
https://www.flannels.com/off-white-diagonals-knit-turtleneck-sweater-337107#colcode=33710718,Off White Diagonals Knit Turtleneck Sweater,39798,132598,70.0,8000,0,-31798,D,False,False,False
https://www.flannels.com/off-white-90s-logo-linen-cargo-pants-303483#colcode=30348303,Off White 90s Logo Linen Cargo Pants,44798,149198,70.0,8000,0,-36798,D,False,False,False
https://www.flannels.com/palm-angels-mens-angel-rectangle-sunglasses-751286#colcode=75128640,Palm Angels Men's Angel Rectangle Sunglasses,20000,66600,70.0,8000,0,-12000,D,False,False,False
https://www.flannels.com/off-white-mens-hl-music-t-shirt-592992#colcode=59299299,Off White Men's Hl_Music T-Shirt,17600,58600,70.0,3500,0,-14100,D,False,False,False
https://www.flannels.com/off-white-mens-diag-arrow-2-in-1-woven-tracksuit-shorts-430048#colcode=43004803,Off White Men's Diag Arrow 2-in-1 Woven Tracksuit Shorts,17600,58600,70.0,28000,0,10400,B,False,False,True
https://www.flannels.com/off-white-3d-diagonal-knit-crewneck-sweater-337110#colcode=33711003,Off White 3D Diagonal Knit Crewneck Sweater,47598,158398,70.0,12000,0,-35598,D,False,False,False
https://www.flannels.com/off-white-embroidered-smoking-pants-336959#colcode=33695903,Off White Embroidered Smoking Pants,47598,158398,70.0,8000,0,-39598,D,False,False,False
https://www.flannels.com/dsquared2-mens-dsq-script-pull-over-hoodie-532049#colcode=53204903,DSquared2 Men's DSQ Script Pull Over Hoodie,33000,109800,69.9,12000,0,-21000,D,False,False,False
https://www.flannels.com/dsquared2-mens-dsq-heritage-pull-over-hoodie-532047#colcode=53204703,DSquared2 Men's DSQ Heritage Pull Over Hoodie,33000,109800,69.9,8000,0,-25000,D,False,False,False
https://www.flannels.com/boss-boss-jefron-cyl-10191512-01-full-suit-mens-294308#colcode=29430803,Boss Boss Jefron Cyl 10191512 01 Full Suit Mens,29998,99798,69.9,0,0,0,?,False,False,False
https://www.flannels.com/off-white-mens-grf-cp-button-front-oversize-overshirt-600894#colcode=60089403,Off White Men's Grf Cp Button-Front Oversize Overshirt,49000,163000,69.9,8000,0,-41000,D,False,False,False
https://www.flannels.com/boss-mens-hbb-t-harvers4-suit-jacket-525046#colcode=52504602,Boss Men's HBB T-Harvers4 Suit Jacket,47800,159000,69.9,0,0,0,?,False,False,False
https://www.flannels.com/off-white-linen-cargo-shorts-332257#colcode=33225704,Off White Linen Cargo Shorts,27598,91798,69.9,8500,0,-19098,D,False,False,False
https://www.flannels.com/hugo-mens-teddy-coat-603857#colcode=60385799,Hugo Men's Teddy Coat,25800,85800,69.9,8000,0,-17800,D,False,False,False
https://www.flannels.com/boss-mens-c-hanry-j-252-suit-jacket-520002#colcode=52000218,Boss Men's C-Hanry-J-252 Suit Jacket,25800,85800,69.9,8000,0,-17800,D,False,False,False
https://www.flannels.com/boss-mens-t-lorenzo-fleece-jogger-shorts-472267#colcode=47226701,Boss Men's T Lorenzo Fleece Jogger Shorts,25800,85800,69.9,3500,0,-22300,D,False,False,False
https://www.flannels.com/boss-mens-c-hanry-formal-jacket-335830#colcode=33583018,Boss Men's C Hanry Formal Jacket,25800,85800,69.9,8000,0,-17800,D,False,False,False
https://www.flannels.com/boss-mens-c-hanry-formal-jacket-333997#colcode=33399715,Boss Men's C Hanry Formal Jacket,25800,85800,69.9,8000,0,-17800,D,False,False,False
https://www.flannels.com/boss-mens-tailored-lapel-formal-jacket-331622#colcode=33162206,Boss Men's Tailored Lapel Formal Jacket,25800,85800,69.9,8000,0,-17800,D,False,False,False
https://www.flannels.com/off-white-mens-wave-off-hoodie-515291#colcode=51529103,Off White Men's Wave Off Hoodie,41800,139000,69.9,18000,0,-23800,D,False,False,False
https://www.flannels.com/off-white-embroidered-silkjer-round-shirt-294867#colcode=29486703,Off White Embroidered Silkjer Round Shirt,32598,108398,69.9,0,0,0,?,False,False,False
https://www.flannels.com/boss-boss-p-hyde-pack-222-10226198-01-overcoat-mens-296001#colcode=29600118,Boss Boss P-Hyde-Pack-222 10226198 01 Overcoat Mens,23398,77798,69.9,0,0,0,?,False,False,False
https://www.flannels.com/rick-owens-drkshdw-mens-short-sleeve-plain-shirt-552341#colcode=55234105,Rick Owens Drkshdw Men's Short Sleeve Plain Shirt,37000,123000,69.9,8000,0,-29000,D,False,False,False
https://www.flannels.com/off-white-mens-cargo-trousers-518122#colcode=51812203,Off White Men's Cargo Trousers,37000,123000,69.9,15000,0,-22000,D,False,False,False
https://www.flannels.com/palm-angels-mens-kill-bear-pull-over-hoodie-532565#colcode=53256503,Palm Angels Men's Kill Bear Pull Over Hoodie,21000,69800,69.9,8000,0,-13000,D,True,False,False
https://www.flannels.com/off-white-mens-slim-fit-t-shirt-596597#colcode=59659703,Off White Men's Slim Fit T-Shirt,18000,59800,69.9,5000,0,-13000,D,True,False,False
https://www.flannels.com/off-white-mens-t-shirt-596585#colcode=59658503,Off White Men's T-Shirt,18000,59800,69.9,8000,0,-10000,D,True,False,False
https://www.flannels.com/off-white-mens-t-shirt-596584#colcode=59658401,Off White Men's T-Shirt,18000,59800,69.9,8000,0,-10000,D,False,False,False
https://www.flannels.com/off-white-mens-skate-pull-over-hoodie-532976#colcode=53297605,Off White Men's Skate Pull Over Hoodie,29800,99000,69.9,8500,0,-21300,D,True,False,False
https://www.flannels.com/off-white-mens-overhead-hoodie-533681#colcode=53368102,Off White Men's Overhead Hoodie,35800,118800,69.9,15000,0,-20800,D,True,False,False
https://www.flannels.com/palm-angels-mens-merrill-rectangle-sunglasses-752700#colcode=75270005,Palm Angels Men's Merrill Rectangle Sunglasses,17600,58400,69.9,0,0,0,?,False,False,False
https://www.flannels.com/palm-angels-mens-merrill-rectangle-sunglasses-752700#colcode=75270003,Palm Angels Men's Merrill Rectangle Sunglasses,17600,58400,69.9,0,0,0,?,False,False,False
https://www.flannels.com/palm-angels-mens-riverside-rectangle-sunglasses-752691#colcode=75269140,Palm Angels Men's Riverside Rectangle Sunglasses,17600,58400,69.9,8000,0,-9600,D,False,False,False
https://www.flannels.com/palm-angels-mens-riverside-rectangle-sunglasses-752691#colcode=75269105,Palm Angels Men's Riverside Rectangle Sunglasses,17600,58400,69.9,8000,0,-9600,D,False,False,False
https://www.flannels.com/palm-angels-mens-riverside-rectangle-sunglasses-752691#colcode=75269103,Palm Angels Men's Riverside Rectangle Sunglasses,17600,58400,69.9,8000,0,-9600,D,False,False,False
https://www.flannels.com/boss-mens-double-breasted-regular-fit-jeans-642011#colcode=64201118,Boss Men's Double Breasted Regular Fit Jeans,12000,39800,69.8,0,0,0,?,True,False,False
https://www.flannels.com/boss-mens-skaz-rib-short-sleeve-polo-shirt-542238#colcode=54223818,Boss Men's Skaz Rib Short Sleeve Polo Shirt,12000,39800,69.8,3500,0,-8500,D,True,False,False
https://www.flannels.com/boss-mens-parkour-runners-textured-mesh-trainers-119854#colcode=11985440,Boss Men's Parkour Runners Textured Mesh Trainers,12000,39800,69.8,0,0,0,?,True,False,False
https://www.flannels.com/off-white-mens-check-plaid-cotton-long-sleeve-shirt-556840#colcode=55684069,Off White Men's Check Plaid Cotton Long Sleeve Shirt,35000,116000,69.8,8500,0,-26500,D,False,False,False
https://www.flannels.com/hugo-doland-10272808-01-532710#colcode=53271003,Hugo Doland 10272808 01,9600,31800,69.8,0,0,0,?,False,False,False
https://www.flannels.com/polo-ralph-lauren-striped-poplin-long-sleeved-shirt-573960#colcode=57396015,Polo Ralph Lauren Striped Poplin Long Sleeved Shirt,9000,29800,69.8,3500,0,-5500,D,True,False,False
https://www.flannels.com/boss-mens-hbg-commuter-slim-fit-trousers-514232#colcode=51423202,Boss Men's HBG Commuter-Slim Fit Trousers,8400,27800,69.8,0,0,0,?,True,False,False
https://www.flannels.com/boss-boss-h-kane1-10271526-01-straight-leg-trousers-mens-511933#colcode=51193369,Boss Boss H-Kane1 10271526 01 Straight Leg Trousers Mens,8400,27800,69.8,0,0,0,?,True,False,False
https://www.flannels.com/boss-boss-h-kane1-10271526-01-straight-leg-trousers-mens-511933#colcode=51193319,Boss Boss H-Kane1 10271526 01 Straight Leg Trousers Mens,8400,27800,69.8,0,0,0,?,True,False,False
https://www.flannels.com/boss-mens-hicon-active-jogging-bottoms-490161#colcode=49016103,Boss Mens Hicon Active Jogging Bottoms,8400,27800,69.8,3500,0,-4900,D,True,False,False
https://www.flannels.com/off-white-mens-brick-skate-t-long-sleeve-t-shirt-594996#colcode=59499603,Off White Men's Brick Skate T Long Sleeve T-Shirt,27800,92000,69.8,8000,0,-19800,D,True,False,False
https://www.flannels.com/off-white-style-sun-square-sunglasses-758516#colcode=75851699,Off White Style Sun Square Sunglasses,13600,45000,69.8,0,0,0,?,False,False,False
https://www.flannels.com/off-white-portland-sun-sunglasses-758421#colcode=75842199,Off White Portland Sun Sunglasses,13600,45000,69.8,0,0,0,?,False,False,False
https://www.flannels.com/off-white-atlanta-sun-square-sunglasses-758420#colcode=75842002,Off White Atlanta Sun Square Sunglasses,13600,45000,69.8,0,0,0,?,False,False,False
https://www.flannels.com/boss-mens-hbb-chal-kent-patterned-short-sleeve-shirt-575872#colcode=57587218,Boss Men's HBB CHAL Kent Patterned Short-Sleeve Shirt,7800,25800,69.8,0,0,0,?,True,False,False
https://www.flannels.com/boss-mens-batisse-e-knitted-top-324960#colcode=32496003,Boss Men's Batisse E Knitted Top,7800,25800,69.8,8000,0,200,D,True,False,False
https://www.flannels.com/off-white-andy-sun-square-sunglasses-758413#colcode=75841399,Off White Andy Sun Square Sunglasses,15000,49600,69.8,8000,0,-7000,D,False,False,False
https://www.flannels.com/off-white-aurora-sun-square-sunglasses-758485#colcode=75848515,Off White Aurora Sun Square Sunglasses,12000,39600,69.7,0,0,0,?,False,False,False
https://www.flannels.com/off-white-miramar-sun-sunglasses-758474#colcode=75847415,Off White Miramar Sun Sunglasses,12000,39600,69.7,8000,0,-4000,D,False,False,False
https://www.flannels.com/off-white-firenze-sun-sunglasses-758442#colcode=75844215,Off White Firenze Sun Sunglasses,12000,39600,69.7,0,0,0,?,False,False,False
https://www.flannels.com/off-white-amalfi-sun-sunglasses-758429#colcode=75842999,Off White Amalfi Sun Sunglasses,12000,39600,69.7,0,0,0,?,False,False,False
https://www.flannels.com/hugo-mens-giulio242-straight-leg-trousers-510990#colcode=51099003,Hugo Men's Giulio242 Straight Leg Trousers,6000,19800,69.7,0,0,0,?,True,False,False
https://www.flannels.com/boss-mens-tiburt-bubble-structure-cotton-short-sleeve-t-shirt-577659#colcode=57765903,Boss Men's Tiburt Bubble Structure Cotton Short Sleeve T-Shirt,5400,17800,69.7,2500,0,-2900,D,True,False,False
https://www.flannels.com/hugo-hbw-niero-crew-sweater-mens-529291#colcode=52929102,Hugo HBW Niero Crew Sweater Mens,5400,17800,69.7,0,0,0,?,True,False,False
https://www.flannels.com/hugo-mens-hugo-bodywear-sporty-logo-shorts-with-logo-tape-detail-473000#colcode=47300018,Hugo Mens HUGO Bodywear Sporty Logo Shorts with Logo Tape Detail,5400,17800,69.7,2500,0,-2900,D,True,False,False
https://www.flannels.com/represent-mens-initial-pullover-hoodie-538811#colcode=53881102,Represent Men's Initial Pullover Hoodie,8800,29000,69.7,9800,0,1000,D,True,False,False
https://www.flannels.com/neil-barrett-thunderbolt-t-shirt-591976#colcode=59197601,Neil Barrett Thunderbolt T-Shirt,17000,56000,69.6,2500,0,-14500,D,True,False,False
https://www.flannels.com/palm-angels-mens-curve-zip-tracksuit-top-554263#colcode=55426302,Palm Angels Men's Curve Zip Tracksuit Top,21800,71800,69.6,8000,0,-13800,D,True,False,False
https://www.flannels.com/ted-baker-mens-jacquard-short-sleeve-polo-shirt-541093#colcode=54109318,Ted Baker Men's Jacquard Short-Sleeve Polo Shirt,4800,15800,69.6,3500,0,-1300,D,True,False,False
https://www.flannels.com/mki-miyuki-zoku-sherpa-hoodie-533346#colcode=53334603,MKI MIYUKI ZOKU Sherpa Hoodie,4800,15800,69.6,8500,0,3700,D,True,False,False
https://www.flannels.com/a-cold-wall-mens-invert-long-sleeve-t-shirt-587134#colcode=58713418,A-COLD-WALL Men's Invert Long Sleeve T-Shirt,7600,25000,69.6,8500,0,900,D,True,False,False
https://www.flannels.com/mens-basic-full-zip-fleece-top-528669#colcode=52866902,Lacoste Men's Basic Full Zip Fleece Top,7600,25000,69.6,3500,0,-4100,D,True,False,False
https://www.flannels.com/off-white-mens-glove-breathable-mesh-slip-on-low-top-trainers-115222#colcode=11522201,Off White Men's Glove Breathable Mesh Slip On Low-Top Trainers,35000,114998,69.6,8000,0,-27000,D,True,False,False
https://www.flannels.com/new-era-core-9forty-cap-385420#colcode=38542003,New Era Core 9FORTY Cap,1400,4598,69.6,3500,0,2100,D,True,False,False
https://www.flannels.com/boss-x-beckham-cargo-trousers-511576#colcode=51157618,Boss x BECKHAM Cargo Trousers,16400,53800,69.5,0,0,0,?,True,False,False
https://www.flannels.com/napapijri-tapered-trousers-mens-370176#colcode=37017615,Napapijri Tapered Trousers Mens,5800,19000,69.5,3500,0,-2300,D,True,False,False
https://www.flannels.com/palm-angels-mens-classic-track-side-stripe-relaxed-fit-tracksuit-top-554262#colcode=55426203,Palm Angels Men's Classic Track Side Stripe Relaxed Fit Tracksuit Top,27800,91000,69.5,8500,0,-19300,D,True,False,False
https://www.flannels.com/represent-mens-owners-club-luxury-aesthetics-sliders-sandals-220109#colcode=22010918,Represent Men's Owners Club Luxury Aesthetics Sliders Sandals,5200,17000,69.4,0,0,0,?,True,False,False
https://www.flannels.com/boss-mens-mixmatch-long-sleeve-t-shirt--embroidered-logo-323295#colcode=32329503,"Boss Men's MixMatch Long-Sleeve T-Shirt, Embroidered Logo",3000,9800,69.4,2500,0,-500,D,False,False,False
https://www.flannels.com/versace-icon-swim-shorts-352062#colcode=35206203,Versace Icon Swim Shorts,19000,62000,69.4,8000,0,-11000,D,True,False,False
https://www.flannels.com/off-white-style-sun-sunglasses-758505#colcode=75850518,Off White Style Sun Sunglasses,11600,37800,69.3,0,0,0,?,False,False,False
https://www.flannels.com/off-white-joan-sun-square-sunglasses-758410#colcode=75841099,Off White Joan Sun Square Sunglasses,11600,37800,69.3,0,0,0,?,False,False,False
https://www.flannels.com/montblanc-mens-round-case-card-holder-705759#colcode=70575918,Montblanc Men's Round Case Card Holder,21800,71000,69.3,0,0,0,?,False,False,False
https://www.flannels.com/rains-mens-lohja-insulated-waterproof-hooded-rain-anorak-613775#colcode=61377511,Rains Mens Lohja Insulated Waterproof Jacket,11000,35800,69.3,8500,0,-2500,D,True,False,False
https://www.flannels.com/boss-mens-baldemar-e-hybrid-jacket-605362#colcode=60536202,Boss Mens BOSS wool Full Zip Sweatshirt,11000,35800,69.3,8000,0,-3000,D,True,False,False
https://www.flannels.com/marc-jacobs-mens-round-sunglasses-758159#colcode=75815905,Marc Jacobs Men's Round Sunglasses,12000,39000,69.2,3500,0,-8500,D,False,False,False
https://www.flannels.com/boss-mens-maine3-slim-fit-jeans-644455#colcode=64445518,Boss Men's Maine3 Slim Fit Jeans,10400,33800,69.2,3500,0,-6900,D,True,False,False
https://www.flannels.com/boss-mens-boss-black-premium-shirt-liam-551454#colcode=55145404,Boss Mens BOSS Black Premium Shirt (Liam),10400,33800,69.2,3500,0,-6900,D,True,False,False
https://www.flannels.com/boss-mens-octopus-swim-shorts-with-bold--branding-352990#colcode=35299003,Boss Men's Octopus Swim Shorts with Bold  Branding,4000,13000,69.2,0,0,0,?,True,False,False
https://www.flannels.com/represent-mens-initial-leather-lace-up-low-top-trainers-118501#colcode=11850103,Represent Men's Initial Leather Lace Up Low-Top Trainers,12000,39000,69.2,8000,0,-4000,D,True,False,False
https://www.flannels.com/mens-icelin-runners-106021#colcode=10602102,Hugo Men's Icelin Runners,10400,33800,69.2,0,0,0,?,True,False,False
https://www.flannels.com/stone-island-compass-patch-knit-polo-shirt-574539#colcode=57453918,Stone Island Compass Patch Knit Polo Shirt,25000,81000,69.1,8000,0,-17000,D,True,False,False
https://www.flannels.com/off-white-mens-arrow-slim-t-shirt-594320#colcode=59432001,Off White Men's Arrow Slim T-Shirt,17000,55000,69.1,8500,0,-8500,D,False,False,False
https://www.flannels.com/barbour-frensham-striped-t-shirt-594093#colcode=59409369,Barbour Frensham Striped T-Shirt,3400,11000,69.1,3500,0,100,D,True,False,False
https://www.flannels.com/off-white-mens-bookish-slim-t-shirt-593642#colcode=59364202,Off White Men's Bookish Slim T-Shirt,17000,55000,69.1,8000,0,-9000,D,True,False,False
https://www.flannels.com/replay-back-jeans-t-shirt-591093#colcode=59109303,Replay Back Jeans T-Shirt,3400,11000,69.1,1500,0,-1900,D,True,False,False
https://www.flannels.com/off-white-tokyo-sun-sunglasses-758447#colcode=75844799,Off White Tokyo Sun Sunglasses,15600,50400,69.0,8000,0,-7600,D,False,False,False
https://www.flannels.com/off-white-nashville-sung-square-sunglasses-758426#colcode=75842699,Off White Nashville Sung Square Sunglasses,15600,50400,69.0,0,0,0,?,False,False,False
https://www.flannels.com/hugo-mens-3-pack-cotton-logo-briefs-422249#colcode=42224918,Hugo Men's 3-Pack Cotton Logo Briefs,2600,8400,69.0,2500,0,-100,D,True,False,False
https://www.flannels.com/off-white-mens-long-sleeve-t-shirt-587173#colcode=58717303,Off White Men's Long Sleeve T-Shirt,21000,67600,68.9,8000,0,-13000,D,False,False,False
https://www.flannels.com/boss-mens-phank-long-sleeve-shirt-575871#colcode=57587118,Boss Men's PHANK Long Sleeve Shirt,7400,23800,68.9,3500,0,-3900,D,True,False,False
https://www.flannels.com/hugo-mens-delastcrew-short-sleeve-polo-shirt-542818#colcode=54281815,Hugo Mens Delastcrew Crew Sweater,7400,23800,68.9,2500,0,-4900,D,True,False,False
https://www.flannels.com/belstaff-scale-shirt-552660#colcode=55266003,Belstaff Scale Shirt,8400,27000,68.9,8000,0,-400,D,True,False,False
https://www.flannels.com/boss-mens-boss-bodywear-logo-waistband-briefs-420173#colcode=42017301,Boss Mens BOSS Bodywear Logo Waistband Briefs,2800,9000,68.9,2500,0,-300,D,True,False,False
https://www.flannels.com/palm-angels-mens-harmony-rectangle-sunglasses-752720#colcode=75272003,Palm Angels Men's Harmony Rectangle Sunglasses,13000,41600,68.8,8000,0,-5000,D,False,False,False
https://www.flannels.com/palm-angels-mens-fairfield-rectangle-sunglasses-752674#colcode=75267405,Palm Angels Men's Fairfield Rectangle Sunglasses,13000,41600,68.8,8000,0,-5000,D,False,False,False
https://www.flannels.com/palm-angels-mens-fairfield-rectangle-sunglasses-752674#colcode=75267403,Palm Angels Men's Fairfield Rectangle Sunglasses,13000,41600,68.8,8000,0,-5000,D,False,False,False
https://www.flannels.com/palm-angels-mens-dorris-rectangle-sunglasses-752622#colcode=75262205,Palm Angels Men's Dorris Rectangle Sunglasses,13000,41600,68.8,0,0,0,?,False,False,False
https://www.flannels.com/palm-angels-mens-yosemite-rectangle-sunglasses-752535#colcode=75253505,Palm Angels Men's Yosemite Rectangle Sunglasses,13000,41600,68.8,8000,0,-5000,D,False,False,False
https://www.flannels.com/palm-angels-mens-yosemite-rectangle-sunglasses-752535#colcode=75253503,Palm Angels Men's Yosemite Rectangle Sunglasses,13000,41600,68.8,8000,0,-5000,D,False,False,False
https://www.flannels.com/palm-angels-mens-yreka-rectangle-sunglasses-752429#colcode=75242903,Palm Angels Men's Yreka Rectangle Sunglasses,13000,41600,68.8,8000,0,-5000,D,True,False,False
https://www.flannels.com/palm-angels-mens-yreka-rectangle-sunglasses-752429#colcode=75242901,Palm Angels Men's Yreka Rectangle Sunglasses,13000,41600,68.8,8000,0,-5000,D,False,False,False
https://www.flannels.com/palm-angels-mens-rectangle-sunglasses-751191#colcode=75119103,Palm Angels Men's Rectangle Sunglasses,13000,41600,68.8,8000,0,-5000,D,True,False,False
https://www.flannels.com/palm-angels-miracle-cat-eye-sunglasses-710527#colcode=71052703,Palm Angels Miracle Cat Eye Sunglasses,13000,41600,68.8,12000,0,-1000,D,True,False,False
https://www.flannels.com/palm-angels-claire-cat-eye-sunglasses-710507#colcode=71050703,Palm Angels Claire Cat Eye Sunglasses,13000,41600,68.8,8000,0,-5000,D,True,False,False
https://www.flannels.com/off-white-mens-arrow-skate-graphic-t-shirt-594966#colcode=59496605,Off White Men's Arrow Skate Graphic T-Shirt,21000,67000,68.7,3500,0,-17500,D,True,False,False
https://www.flannels.com/off-white-mens---stripe-skate-horizontal-stripe-t-shirt-594440#colcode=59444001,Off White Men's - Stripe Skate Horizontal Stripe T-Shirt,21000,67000,68.7,8000,0,-13000,D,True,False,False
https://www.flannels.com/off-white-mens-diags-skate-t-shirt-594438#colcode=59443803,Off White Men's Diags Skate T-Shirt,21000,67000,68.7,8500,0,-12500,D,True,False,False
https://www.flannels.com/off-white-mens---flower-skate-t-shirt-594387#colcode=59438703,Off White Men's - Flower Skate T-Shirt,21000,67000,68.7,3500,0,-17500,D,True,False,False
https://www.flannels.com/off-white-mens-spray-arrow-arrow-logo-print-t-shirt-594373#colcode=59437305,Off White Men's Spray Arrow Arrow Logo Print T-Shirt,21000,67000,68.7,8000,0,-13000,D,False,False,False
https://www.flannels.com/off-white-mens-spray-arrow-arrow-logo-print-t-shirt-594373#colcode=59437301,Off White Men's Spray Arrow Arrow Logo Print T-Shirt,21000,67000,68.7,8000,0,-13000,D,True,False,False
https://www.flannels.com/off-white-mens-arrow-slim-fit-t-shirt-592840#colcode=59284003,Off White Men's Arrow Slim Fit T-Shirt,21000,67000,68.7,8500,0,-12500,D,True,False,False
https://www.flannels.com/off-white-style-sun-sunglasses-758514#colcode=75851418,Off White Style Sun Sunglasses,13000,41400,68.6,0,0,0,?,False,False,False
https://www.flannels.com/palm-angels-noah-rectangle-sunglasses-753110#colcode=75311003,Palm Angels Noah Rectangle Sunglasses,11000,35000,68.6,8000,0,-3000,D,False,False,False
https://www.flannels.com/palm-angels-mens-pixley-rectangle-sunglasses-751679#colcode=75167905,Palm Angels Men's Pixley Rectangle Sunglasses,11000,35000,68.6,8000,0,-3000,D,True,False,False
https://www.flannels.com/palm-angels-mens-auberry-rectangle-sunglasses-751595#colcode=75159505,Palm Angels Men's Auberry Rectangle Sunglasses,11000,35000,68.6,8000,0,-3000,D,True,False,False
https://www.flannels.com/mens-slim-fit-work-trousers-512788#colcode=51278804,Dickies Men's Slim Fit Work Trousers,4400,14000,68.6,3500,0,-900,D,True,False,False
https://www.flannels.com/prevu-mens-neymarr-tailored-fit-chino-shorts-478049#colcode=47804918,Prevu Men's Neymarr Tailored Fit Chino Shorts,4400,14000,68.6,0,0,0,?,True,False,False
https://www.flannels.com/ted-baker-mens-chino-shorts-336065#colcode=33606518,Ted Baker Mens Chino Shorts,4400,14000,68.6,3500,0,-900,D,True,False,False
https://www.flannels.com/ted-baker-mens-chino-shorts-336065#colcode=33606503,Ted Baker Mens Chino Shorts,4400,14000,68.6,3500,0,-900,D,True,False,False
https://www.flannels.com/fred-perry-new-flannels-box-small-021432#colcode=02143215,Fred Perry New Flannels Box Small,11000,34998,68.6,3500,0,-7500,D,True,False,False
https://www.flannels.com/boss-mens-connio-leather-belt-945101#colcode=94510190,Boss Men's Connio Leather Belt,4400,13800,68.1,3500,0,-900,D,True,False,False
https://www.flannels.com/boss-mens--bodywear-whale-swim-shorts--chlorine-resistant-352992#colcode=35299203,"Boss Men's  Bodywear Whale Swim Shorts, Chlorine-resistant",4400,13800,68.1,0,0,0,?,True,False,False
https://www.flannels.com/barbour-mens-fairisle-crew-socks-410562#colcode=41056218,Barbour Mens Fairisle Crew Socks,2400,7400,67.6,1500,0,-900,D,True,False,False
https://www.flannels.com/ted-baker-mens-formal-crew-socks-413165#colcode=41316503,Ted Baker Men's Formal Crew Socks,1600,4800,66.7,1500,0,-100,D,True,False,False
https://www.flannels.com/yeezy-unisex-boost-350-v2-mx-rock-cushioning-sneakers-118583#colcode=11858303,Yeezy Unisex Boost 350 V2 MX Rock Cushioning Sneakers,17000,48000,64.6,12000,0,-5000,D,True,False,False
https://www.flannels.com/nike-strike-short-sleeve-football-top-adults-683039#colcode=68303920,Nike Strike Short-Sleeve Football Top Adults,2800,7598,63.1,2500,0,-300,D,True,False,False
https://www.flannels.com/calvin-klein-large-logo-swim-shorts-352033#colcode=35203317,Calvin Klein Large Logo Swim Shorts,3700,10000,63.0,3500,0,-200,D,False,False,False
https://www.flannels.com/j-lindeberg-mens-junior-lind-lymn-knitted-crew-neck-jumper-360026#colcode=36002618,J Lindeberg Men's Junior.Lind Lymn Knitted Crew Neck Jumper,9700,25998,62.7,0,0,0,?,True,False,False
https://www.flannels.com/mens-canvas-low-top-trainers-246240#colcode=24624003,Lacoste Men's Canvas Low-Top Trainers,4500,12000,62.5,4500,0,0,D,True,False,False
https://www.flannels.com/hugo-donos-polo-shirt-mens-543598#colcode=54359817,Hugo Donos Polo Shirt Mens,6700,17800,62.4,0,0,0,?,True,False,False
https://www.flannels.com/boss-mens-hbg-long-t-shirt-with-iconic-logo-587050#colcode=58705004,Boss Mens BOSS GREEN Long Sleeve T-Shirt with Iconic Logo Detail,5200,13800,62.3,2500,0,-2700,D,True,False,False
https://www.flannels.com/boss-jonah-runn-knsd-10260591-01-low-top-trainers-mens-112576#colcode=11257605,Boss Jonah Runn Knsd 10260591 01 Low-Top Trainers Mens,15000,39800,62.3,0,0,0,?,True,False,False
https://www.flannels.com/off-white-mens-barber-skate-t-shirt-594422#colcode=59442203,Off White Men's Barber Skate T-Shirt,25300,67000,62.2,8000,0,-17300,D,True,False,False
https://www.flannels.com/boss-mens-enlight-tenn-classic-low-top-trainers-120123#colcode=12012303,Boss Men's Enlight Tenn Classic Low-Top Trainers,10500,27800,62.2,0,0,0,?,True,False,False
https://www.flannels.com/boss-mens-enlight-tenn-classic-low-top-trainers-120123#colcode=12012301,Boss Men's Enlight Tenn Classic Low-Top Trainers,10500,27800,62.2,0,0,0,?,True,False,False
https://www.flannels.com/hugo-mens-dyer-classic-low-top-trainers-120107#colcode=12010705,Hugo Men's Dyer Classic Low-Top Trainers,9000,23800,62.2,3500,0,-5500,D,True,False,False
https://www.flannels.com/boss-mens-h-joe-kent-long-sleeve-oxford-shirt-552972#colcode=55297201,Boss Men's H Joe Kent Long Sleeve Oxford Shirt,7500,19800,62.1,3500,0,-4000,D,False,False,False
https://www.flannels.com/boss-mens-nalves-short-sleeve-polo-shirt-541928#colcode=54192801,Hugo Men's Nalves Short Sleeve Polo Shirt,7500,19800,62.1,3500,0,-4000,D,True,False,False
https://www.flannels.com/nike-multiplier-running-no-show-socks-2-pairs-415841#colcode=41584101,Nike Multiplier Running No-Show Socks (2 Pairs),1600,4198,61.9,800,0,-800,D,True,False,False
https://www.flannels.com/mens-basic-full-zip-fleece-top-528669#colcode=52866969,Lacoste Men's Basic Full Zip Fleece Top,9700,25000,61.2,3500,0,-6200,D,True,False,False
https://www.flannels.com/replay-deryck-regular-fit-jeans-300187#colcode=30018718,Replay Deryck Regular-Fit Jeans,11998,29998,60.0,3500,0,-8498,D,True,False,False
https://www.flannels.com/hugo-mens-hugo-bodywear-cotton-terry-tracksuit-bottoms-481209#colcode=48120903,Hugo Mens HUGO Bodywear Cotton-terry Tracksuit Bottoms,7500,17800,57.9,3500,0,-4000,D,True,False,False
https://www.flannels.com/hugo-hbw-niero-crew-sweater-mens-529291#colcode=52929121,Hugo HBW Niero Crew Sweater Mens,8000,17800,55.1,0,0,0,?,True,False,False
https://www.flannels.com/hugo-chaffle-waffle-beach-shirt-294208#colcode=29420803,Hugo Chaffle Waffle Beach Shirt,9398,20798,54.8,0,0,0,?,False,False,False
https://www.flannels.com/emporio-armani-chest-logo-t-shirt-421182#colcode=42118222,Emporio Armani Chest Logo T Shirt,2200,4600,52.2,3500,0,1300,D,True,False,False
https://www.flannels.com/boss-unique-stretch-cotton-pyjama-t-shirt-300331#colcode=30033102,Boss Unique Stretch Cotton Pyjama T-Shirt,5398,10998,50.9,2800,0,-2598,D,True,False,False
https://www.flannels.com/dsquared2-mens-round-sunglasses-758336#colcode=75833605,DSquared2 Men's Round Sunglasses,21800,43800,50.2,8000,0,-13800,D,False,False,False
https://www.flannels.com/marc-jacobs-mens-round-sunglasses-758060#colcode=75806003,Marc Jacobs Men's Round Sunglasses,21800,43800,50.2,3500,0,-18300,D,False,False,False
https://www.flannels.com/ami-paris-mens-embossed-harrington-jacket-603485#colcode=60348503,Ami Paris Men's Embossed Harrington Jacket,43800,88000,50.2,12000,0,-31800,D,True,False,False
https://www.flannels.com/gant-sunfaded-short-sleeves-t-shirt-292337#colcode=29233718,Gant Sunfaded Short Sleeves T-Shirt,5998,11998,50.0,2500,0,-3498,D,True,False,False
https://www.flannels.com/gant-regular-fit-classic-short-sleeves-oxford-shirt-303464#colcode=30346415,Gant Regular-Fit Classic Short Sleeves Oxford Shirt,8998,17998,50.0,3500,0,-5498,D,True,False,False
https://www.flannels.com/dsquared2-mens-round-sunglasses-758354#colcode=75835411,DSquared2 Men's Round Sunglasses,17000,34000,50.0,8000,0,-9000,D,False,False,False
https://www.flannels.com/off-white-mens-reno-rectangle-sunglasses-758001#colcode=75800103,Off White Men's Reno Rectangle Sunglasses,21800,43600,50.0,0,0,0,?,False,False,False
https://www.flannels.com/hugo-mens-round-sunglasses-757175#colcode=75717599,Hugo Men's Round Sunglasses,15000,30000,50.0,0,0,0,?,False,False,False
https://www.flannels.com/palm-angels-mens-westport-rectangle-sunglasses-752731#colcode=75273103,Palm Angels Men's Westport Rectangle Sunglasses,25000,50000,50.0,8000,0,-17000,D,False,False,False
https://www.flannels.com/palm-angels-mens-hollywood-rectangle-sunglasses-752727#colcode=75272703,Palm Angels Men's Hollywood Rectangle Sunglasses,25000,50000,50.0,12000,0,-13000,D,False,False,False
https://www.flannels.com/palm-angels-mens-milford-rectangle-sunglasses-751583#colcode=75158303,Palm Angels Men's Milford Rectangle Sunglasses,25000,50000,50.0,8000,0,-17000,D,True,False,False
https://www.flannels.com/palm-angels-mens-hinkley-rectangle-sunglasses-751479#colcode=75147905,Palm Angels Men's Hinkley Rectangle Sunglasses,25000,50000,50.0,8000,0,-17000,D,True,False,False
https://www.flannels.com/palm-angels-mens-hinkley-rectangle-sunglasses-751479#colcode=75147903,Palm Angels Men's Hinkley Rectangle Sunglasses,25000,50000,50.0,8000,0,-17000,D,True,False,False
https://www.flannels.com/off-white-unisex-arthur-acetate-full-rim-rectangle-sunglasses-722864#colcode=72286499,Off White Arthur Acetate Full Rim Rectangle Sunglasses,21000,42000,50.0,12000,0,-9000,D,False,False,False
https://www.flannels.com/off-white-unisex-richfield-53mm-geometric-rectangle-sunglasses-722828#colcode=72282811,Off White Richfield 53mm Geometric Rectangle Sunglasses,25000,50000,50.0,8000,0,-17000,D,False,False,False
https://www.flannels.com/off-white-unisex-kimball-53-rectangle-sunglasses-722826#colcode=72282615,Off White Kimball 53 Rectangle Sunglasses,25000,50000,50.0,8000,0,-17000,D,False,False,False
https://www.flannels.com/montblanc-mens-metal-and-acetate-full-rim-round-sunglasses-716988#colcode=71698811,Montblanc Men's Metal and Acetate Full Rim Round Sunglasses,35000,70000,50.0,8000,0,-27000,D,False,False,False
https://www.flannels.com/montblanc-mens-metal-dark-tinted-round-sunglasses-716987#colcode=71698703,Montblanc Men's Metal Dark Tinted Round Sunglasses,29000,58000,50.0,0,0,0,?,False,False,False
https://www.flannels.com/levis-555-relaxed-straight-jeans-689928#colcode=68992818,Levis 555 Relaxed Straight Jeans,10000,20000,50.0,3500,0,-6500,D,True,False,False
https://www.flannels.com/stone-island-mens-denim-research-straight-jeans-644474#colcode=64447403,Stone Island Mens Denim Research Straight Jeans,33000,66000,50.0,8500,0,-24500,D,True,False,False
https://www.flannels.com/levis-502-jeans-644279#colcode=64427920,Levis 502™ Jeans,8000,16000,50.0,3500,0,-4500,D,True,False,False
https://www.flannels.com/levis-mens-straight-leg-jeans-642196#colcode=64219618,Levis Men's Straight Leg Jeans,10000,20000,50.0,3500,0,-6500,D,False,False,False
https://www.flannels.com/levis-501-original-straight-jeans-640086#colcode=64008691,Levis 501® Original Straight Jeans,10000,20000,50.0,3500,0,-6500,D,True,False,False
https://www.flannels.com/mens-regular-fit-pima-t-shirt-602887#colcode=60288773,Polo Ralph Lauren Men's Regular Fit Pima T-Shirt,9000,18000,50.0,2800,0,-6200,D,True,False,False
https://www.flannels.com/y3-mens-wire-t-shirt-595707#colcode=59570703,Y3 Men's Wire T-Shirt,16000,32000,50.0,8000,0,-8000,D,True,False,False
https://www.flannels.com/prevu-ottoman-t-shirt-591834#colcode=59183401,Prevu Ottoman T-Shirt,4000,8000,50.0,0,0,0,?,True,False,False
https://www.flannels.com/casablanca-mens-blades-t-shirt-590616#colcode=59061618,Casablanca Men's Blades T-Shirt,23000,46000,50.0,3500,0,-19500,D,True,False,False
https://www.flannels.com/represent-mens-owners-oversized-t-shirt-590570#colcode=59057001,Represent Mens Owners Club Oversized T-Shirt,9000,18000,50.0,3500,0,-5500,D,True,False,False
https://www.flannels.com/dickies-mens-icon-cotton-short-sleeve-t-shirt-584642#colcode=58464203,Dickies Men's Icon Cotton Short Sleeve T-Shirt,3000,6000,50.0,1200,0,-1800,D,True,False,False
https://www.flannels.com/hybrid-performance-mens-performance-gym-vest-580304#colcode=58030403,Hybrid Performance Men's Performance Gym Vest,5000,10000,50.0,0,0,0,?,True,False,False
https://www.flannels.com/tommy-hilfiger-mens-cotton-linen-terry-short-sleeve-polo-shirt-576051#colcode=57605118,Tommy Hilfiger Men's Cotton Linen Terry Short Sleeve Polo Shirt,9000,18000,50.0,2500,0,-6500,D,True,False,False
https://www.flannels.com/barbour-mens-patterned-short-sleeve-shirt-551785#colcode=55178504,Barbour Men's Patterned Short Sleeve Shirt,7000,14000,50.0,3500,0,-3500,D,True,False,False
https://www.flannels.com/barbour-mens-kidd-tailored-shirt-551777#colcode=55177715,Barbour Mens Kidd Tailored Shirt,7000,14000,50.0,3500,0,-3500,D,True,False,False
https://www.flannels.com/hugo-mens-dayono-relaxed-fit-logo-print-tailored-shorts-550269#colcode=55026902,Hugo Hugo Dayono 10249110 01 Tailored Short Mens,8000,16000,50.0,0,0,0,?,True,False,False
https://www.flannels.com/mens-sports-polo-shirt-543242#colcode=54324225,Barbour Men's Sports Polo Shirt,5000,10000,50.0,3500,0,-1500,D,True,False,False
https://www.flannels.com/fred-perry-plain-polo-shirt-543022#colcode=54302227,Fred Perry Plain Polo Shirt,8000,16000,50.0,2500,0,-5500,D,False,False,False
https://www.flannels.com/givenchy-mens-giv-pocket-logo-short-sleeve-polo-shirt-541524#colcode=54152418,GIVENCHY Men's GIV Pocket Logo Short Sleeve Polo Shirt,47000,94000,50.0,8000,0,-39000,D,True,False,False
https://www.flannels.com/mki-miyuki-zoku-script-oth-hoodie-532788#colcode=53278803,MKI MIYUKI ZOKU Script Oth Hoodie,9000,18000,50.0,8500,0,-500,D,True,False,False
https://www.flannels.com/fear-of-god-essentials-fleece-hoodie-530377#colcode=53037715,Fear Of God Essentials Fleece Hoodie,15000,30000,50.0,8500,0,-6500,D,True,False,False
https://www.flannels.com/fear-of-god-essentials-fleece-hoodie-530377#colcode=53037702,Fear Of God Essentials Fleece Hoodie,15000,30000,50.0,8500,0,-6500,D,True,False,False
https://www.flannels.com/emporio-armani-mens-straight-leg-trousers-511511#colcode=51151118,Emporio Armani Men's Straight Leg Trousers,20000,40000,50.0,8500,0,-11500,D,True,False,False
https://www.flannels.com/fear-of-god-essentials-fleece-essential-sweatpants-488626#colcode=48862602,Fear Of God Essentials Fleece Essential Sweatpants,13000,26000,50.0,8500,0,-4500,D,True,False,False
https://www.flannels.com/represent-mens-stepped-open-hem-fleece-joggers-480200#colcode=48020069,Represent Men's Stepped Open Hem Fleece Joggers,14000,28000,50.0,3500,0,-10500,D,True,False,False
https://www.flannels.com/hugo-mens-qs-iconic-cc-trainer-ankle-socks-426188#colcode=42618803,Hugo Men's Qs Iconic Cc Trainer Ankle Socks,2400,4800,50.0,0,0,0,?,True,False,False
https://www.flannels.com/versace-icon-two-pack-greca-waistband-trunks-422119#colcode=42211940,Versace Icon Two Pack Greca Waistband Trunks,11000,22000,50.0,4500,0,-6500,D,True,False,False
https://www.flannels.com/hugo-mens-3-pack-trunks-422093#colcode=42209318,Hugo Men's 3 Pack Trunks,4400,8800,50.0,0,0,0,?,True,False,False
https://www.flannels.com/tom-ford-mens-cotton-boxers-420307#colcode=42030719,Tom Ford Men's Cotton Boxers,6000,12000,50.0,0,0,0,?,True,False,False
https://www.flannels.com/burberry-check-swim-shorts-356196#colcode=35619618,Burberry Check Swim Shorts,39000,78000,50.0,8000,0,-31000,D,True,False,False
https://www.flannels.com/calvin-klein-large-logo-swim-shorts-352033#colcode=35203369,Calvin Klein Large Logo Swim Shorts,5000,10000,50.0,3500,0,-1500,D,True,False,False
https://www.flannels.com/pretty-boy-ugly-world-the-pretty-boy-ugly-world-swim-shorts-mens-350078#colcode=35007803,Pretty Boy Ugly World The Pretty Boy Ugly World Swim Shorts Mens,6000,12000,50.0,0,0,0,?,True,False,False
https://www.flannels.com/emporio-armani-mens-crew-neck-jumper-334300#colcode=33430018,Emporio Armani Men's Crew Neck Jumper,20000,40000,50.0,4500,0,-15500,D,True,False,False
https://www.flannels.com/levis-578-baggy-8am-in-charlotte-324880#colcode=32488019,Levis Men's Baggy Wide Leg Jeans,9000,18000,50.0,3500,0,-5500,D,True,False,False
