url,name,price,was_price,discount,expected_price,mercari_price,profit,grade,is_new,is_price_down,notified
https://www.flannels.com/off-white-mens-body-scan-dnm-pant-skeleton-graphic-jeans-667329#colcode=66732918,Off White Men's Body Scan Dnm Pant Skeleton Graphic Jeans,39800,399800,90.0,8000,0,-31800,S,False,False,True
https://www.flannels.com/boss-mens-icebreaker-full-zip-jacket-551733#colcode=55173302,Boss Men's Icebreaker Full Zip Jacket,25800,259000,90.0,0,1910,0,?,True,False,True
https://www.flannels.com/boss-mens-hal-trench-coat-603989#colcode=60398904,Boss Men's Hal Trench Coat,35800,359000,90.0,15000,13504,-20800,S,True,False,True
https://www.flannels.com/ted-baker-ted-navy-fleck-trs-sn99-579033#colcode=57903318,Ted Baker Men's Navy Fleck Suit Trousers,2800,28000,90.0,3000,0,200,S,False,False,True
https://www.flannels.com/richard-james-rivulet-tailored-fit-waistcoat-561782#colcode=56178203,Richard James Rivulet Tailored Fit Waistcoat,2800,28000,90.0,0,0,0,?,False,False,True
https://www.flannels.com/richard-james-wilder-tailored-fit-wool-waistcoat-560524#colcode=56052418,Richard James Wilder Tailored Fit Wool Waistcoat,2800,28000,90.0,8000,0,5200,S,False,False,True
https://www.flannels.com/richard-james-wilder-tailored-fit-birdseye-waistcoat-560509#colcode=56050918,Richard James Wilder Tailored Fit Birdseye Waistcoat,2800,28000,90.0,0,0,0,?,False,False,True
https://www.flannels.com/richard-james-rivulet-tuxedo-jacket-520085#colcode=52008518,Richard James Rivulet Tuxedo Jacket,6980,69800,90.0,0,0,0,?,False,False,True
https://www.flannels.com/boss-mens-kaito-slim-fit-chinos-trousers-518631#colcode=51863116,Boss Men's Kaito Slim Fit Chinos Trousers,2580,25800,90.0,3500,0,920,S,False,False,True
https://www.flannels.com/off-white-mens---multiple-pocket-cargo-trousers-518202#colcode=51820203,Off White Men's - Multiple Pocket Cargo Trousers,11600,116000,90.0,15000,0,3400,S,False,False,True
https://www.flannels.com/mens-slim-fit-work-trousers-512788#colcode=51278802,Dickies Men's Slim Fit Work Trousers,1400,14000,90.0,3500,2314,2100,S,True,False,True
https://www.flannels.com/missoni-missoni-cord-bucket-sn63-373356#colcode=37335669,Missoni Missoni Cord Bucket Sn63,4400,44000,90.0,0,0,0,?,True,False,True
https://www.flannels.com/boss-mens-baldebert-e-turtle-neck-jumper-335750#colcode=33575041,Boss Men's Baldebert E Turtle Neck Jumper,3180,31800,90.0,0,2012,0,?,True,False,True
https://www.flannels.com/printed-jumper-330416#colcode=33041618,Lacoste Men's Printed Crew Neck Jumper,2600,26000,90.0,3500,0,900,S,False,True,True
https://www.flannels.com/yeezy-mens-basketball-sneakers--sock-like-feel-114754#colcode=11475499,"Yeezy Men's Basketball Sneakers, Sock-like Feel",6000,60000,90.0,0,0,0,?,False,False,True
https://www.flannels.com/yeezy-mens-basketball-sneakers--sock-like-feel-114754#colcode=11475403,"Yeezy Men's Basketball Sneakers, Sock-like Feel",6000,60000,90.0,0,0,0,?,False,False,True
https://www.flannels.com/gbadebo-mens-patchwork-workwear-organic-cotton-long-sleeve-oversized-fit-field-jacket-642700#colcode=64270018,Gbadebo Men's Patchwork Workwear Organic Cotton Long Sleeve Oversized Fit Field Jacket,15600,155800,90.0,0,0,0,?,False,False,True
https://www.flannels.com/boss-mens-ryan-cyl-slim-fit-wool-suit-jacket-527163#colcode=52716302,Boss Men's Ryan Cyl Slim Fit Wool Suit Jacket,8400,83800,90.0,8000,0,-400,S,False,False,True
https://www.flannels.com/boss-mens-p-larsen-short-sleeve-polo-shirt-542518#colcode=54251818,Boss Men's P Larsen Short Sleeve Polo Shirt,6400,63800,90.0,3500,0,-2900,S,False,False,True
https://www.flannels.com/richard-james-wilder-tailored-fit-blue-birdseye-suit-jacket-520529#colcode=52052918,Richard James Wilder Tailored Fit Blue Birdseye Suit Jacket,5400,53800,90.0,8000,0,2600,S,False,False,True
https://www.flannels.com/boss-mens-tailored-fit-performance-waistcoat-566008#colcode=56600818,Boss Men's Tailored Fit Performance Waistcoat,4800,47800,90.0,0,0,0,?,False,False,True
https://www.flannels.com/boss-mens-huge-waistcoat-566006#colcode=56600606,Boss Men's Huge Waistcoat,4000,39800,89.9,0,0,0,?,False,False,True
https://www.flannels.com/boss-mens-h-lenon-straight-leg-trousers-510358#colcode=51035802,Boss Men's H Lenon Straight Leg Trousers,3800,37800,89.9,3500,0,-300,S,False,False,True
https://www.flannels.com/boss-mens-heston-structured-shoulders-tailored-fit-single-breasted-formal-jacket-331697#colcode=33169705,Boss Men's Heston Structured Shoulders Tailored Fit Single-Breasted Formal Jacket,19000,189000,89.9,8000,0,-11000,S,False,False,True
https://www.flannels.com/off-white-mens-body-scan-dnm-pant-skeleton-graphic-jeans-667329#colcode=66732901,Off White Men's Body Scan Dnm Pant Skeleton Graphic Jeans,31800,316000,89.9,8000,0,-23800,S,False,False,True
https://www.flannels.com/boss-mens-c-genius-dtl-243f-tailored-fit-straight-leg-trousers-510947#colcode=51094701,Boss Men's C-Genius-Dtl-243f Tailored Fit Straight Leg Trousers,2800,27800,89.9,0,0,0,?,False,False,True
https://www.flannels.com/boss-mens-ace-formal-jacket-335826#colcode=33582605,Boss Men's Ace Formal Jacket,13000,129000,89.9,8000,0,-5000,S,False,True,True
https://www.flannels.com/lacoste-fleece-tracksuit-bottoms-481751#colcode=48175107,Lacoste Fleece Tracksuit Bottoms,2000,19800,89.9,2500,0,500,S,False,True,True
https://www.flannels.com/off-white-mens---waterproof-ski-trousers-400536#colcode=40053606,Off White Men's - Waterproof Ski Trousers,33800,333000,89.8,12000,0,-21800,S,False,False,True
https://www.flannels.com/gbadebo-asymmetric-dungarees-580214#colcode=58021418,Gbadebo Asymmetric Dungarees,18000,177000,89.8,0,0,0,?,False,False,True
https://www.flannels.com/off-white-arrows-skate-and-skateboard-part-758520#colcode=75852003,Off White Arrows Skate and Skateboard Part,1400,13600,89.7,0,0,0,?,False,False,True
https://www.flannels.com/off-white-mens-urban-streetwear-face-mask-751783#colcode=75178399,Off White Men's Urban Streetwear Face Mask,2400,23000,89.6,0,0,0,?,False,False,True
https://www.flannels.com/off-white-mens-contemporary-mask-751775#colcode=75177599,Off White Men's Contemporary Mask,2400,23000,89.6,0,0,0,?,False,False,True
https://www.flannels.com/yeezy-mens-quantum-performance-ready-sneakers-110398#colcode=11039819,Yeezy Men's Quantum Performance-ready Sneakers,4600,44000,89.5,18000,0,13400,S,False,False,True
https://www.flannels.com/off-white-off-meteor-mirror-99-721223#colcode=72122399,Off White Makeup Mirror,4400,42000,89.5,0,0,0,?,False,False,True
https://www.flannels.com/off-white-off-logo-brush-99-721219#colcode=72121908,Off White Makeup Mirror,4400,42000,89.5,0,0,0,?,False,False,True
https://www.flannels.com/yeezy-mens-sneakers--boost-cushioning-110499#colcode=11049903,"Yeezy Men's Sneakers, Boost Cushioning",5600,53000,89.4,8000,0,2400,S,False,False,True
https://www.flannels.com/off-white-off-skate-grip-99-756042#colcode=75604203,Off White Skateboard Parts,1400,13000,89.2,0,0,0,?,False,False,True
https://www.flannels.com/adidas-mens-athletics-junior-short-sleeve-performance-t-shirt-637033#colcode=63703301,adidas Men's Athletics Junior Short Sleeve Performance T-Shirt,10500,70000,85.0,2500,0,-8000,S,False,False,True
https://www.flannels.com/yeezy-mens-500-boots-with-adiprene--cushioning-114731#colcode=11473104,Yeezy Men's 500 Boots with adiPRENE+ Cushioning,9000,60000,85.0,18000,0,9000,S,False,False,True
https://www.flannels.com/boss-mens-formal-jacket-335889#colcode=33588918,Boss Men's Formal Jacket,10500,69800,85.0,8000,0,-2500,S,False,False,True
https://www.flannels.com/boss-mens-long-sleeve-oxford-shirt-552713#colcode=55271301,Boss Men's Long Sleeve Oxford Shirt,5100,33800,84.9,3500,0,-1600,S,False,False,True
https://www.flannels.com/off-white-mens-closed-hem-fleece-joggers-482615#colcode=48261503,Off White Men's Closed Hem Fleece Joggers,12000,79000,84.8,12000,0,0,S,False,False,True
https://www.flannels.com/yeezy-mens-sneakers--primeknit-upper-240072#colcode=24007213,"Yeezy Men's Sneakers, Primeknit Upper",6700,44000,84.8,8000,0,1300,S,False,False,True
https://www.flannels.com/yeezy-mens-500-high-top-sneakers-114740#colcode=11474099,Yeezy Men's 500 High-top Sneakers,6700,44000,84.8,12000,0,5300,S,False,False,True
https://www.flannels.com/boss-mens-p-genius-straight-leg-trousers-511870#colcode=51187018,Boss Men's P Genius Straight Leg Trousers,5500,35800,84.6,0,0,0,?,False,False,True
https://www.flannels.com/boss-mens-p-genius-straight-leg-trousers-511736#colcode=51173611,Boss Men's P Genius Straight Leg Trousers,5500,35800,84.6,0,0,0,?,False,False,True
https://www.flannels.com/boss-mens-c-pepe-pl-straight-leg-trousers-511697#colcode=51169708,Boss Men's C Pepe Pl Straight Leg Trousers,5500,35800,84.6,4500,0,-1000,S,False,False,True
https://www.flannels.com/boss-mens-straight-leg-trousers-511689#colcode=51168918,Boss Men's Straight Leg Trousers,5500,35800,84.6,0,0,0,?,False,False,True
https://www.flannels.com/boss-mens-c-jaye-junior-elbow-formal-jacket-335800#colcode=33580011,Boss Men's C Jaye Junior Elbow Formal Jacket,13200,85800,84.6,0,0,0,?,False,False,True
https://www.flannels.com/yeezy-unisex-99-boost-cushioning-sneakers-118363#colcode=11836312,Yeezy Unisex 99 Boost Cushioning Sneakers,8200,53000,84.5,8500,0,300,S,False,False,True
https://www.flannels.com/adidas-athletics-86-sn99-151351#colcode=15135169,adidas Men's Athletics 86 Basketball Trainers,5600,36000,84.4,8500,0,2900,S,False,False,True
https://www.flannels.com/yeezy-mens-500-high-top-sneakers-114740#colcode=11474069,Yeezy Men's 500 High-top Sneakers,7000,44000,84.1,12000,0,5000,S,False,False,True
https://www.flannels.com/yeezy-mens-500-boots-with-adiprene--cushioning-114731#colcode=11473103,Yeezy Men's 500 Boots with adiPRENE+ Cushioning,10000,60000,83.3,18000,0,8000,S,False,False,True
https://www.flannels.com/tommy-hilfiger-mens-breathable-crew-socks-416740#colcode=41674012,Tommy Hilfiger Men's Breathable Crew Socks,500,2600,80.8,800,0,300,S,False,False,True
https://www.flannels.com/barena-mens-borgo-virgin-wool-long-sleeve-blazer-602466#colcode=60246604,Barena Men's Borgo Virgin Wool Long Sleeve Blazer,21800,110000,80.2,12000,0,-9800,S,False,False,True
https://www.flannels.com/emporio-armani-overshirt-299646#colcode=29964604,Emporio Armani Overshirt,23800,119998,80.2,6500,0,-17300,S,False,False,True
https://www.flannels.com/dolce-and-gabbana-mens-open-hem-fleece-relaxed-fit-joggers-480141#colcode=48014103,Dolce and Gabbana Men's Open Hem Fleece Relaxed Fit Joggers,25800,130000,80.2,4800,0,-21000,S,True,False,True
https://www.flannels.com/arctic-army-mens--long-weather-resistant-overcoat-324293#colcode=32429303,Arctic Army Men's  Long Weather-Resistant Overcoat,31800,160000,80.1,0,0,0,?,False,False,True
https://www.flannels.com/moschino-mens-closed-hem-fleece-jogging-bottoms-482649#colcode=48264903,Moschino Men's Closed Hem Fleece Jogging Bottoms,33800,170000,80.1,3500,0,-30300,S,False,False,True
https://www.flannels.com/ambush-printed-short-sleeved-shirt-590943#colcode=59094313,Ambush Printed Short Sleeved Shirt,21800,109600,80.1,8000,0,-13800,S,False,False,True
https://www.flannels.com/dsquared2-mens-easy-cotton-kaban-cotton-long-sleeve-overshirt-615874#colcode=61587403,DSquared2 Men's Easy Cotton Kaban Cotton Long Sleeve Overshirt,37800,190000,80.1,8000,0,-29800,S,False,False,True
https://www.flannels.com/represent-mens-structured-fit-bomber-jacket-603745#colcode=60374504,Represent Men's Structured Fit Bomber Jacket,39800,200000,80.1,8000,0,-31800,S,False,False,True
https://www.flannels.com/represent-mens-structured-fit-bomber-jacket-603745#colcode=60374503,Represent Men's Structured Fit Bomber Jacket,39800,200000,80.1,8000,0,-31800,S,False,False,True
https://www.flannels.com/boss-mens-durrien-structured-shoulders-precision-cut-formal-coat-604060#colcode=60406004,Boss Men's Durrien Structured Shoulders Precision-Cut Formal Coat,43800,220000,80.1,0,0,0,?,False,False,True
https://www.flannels.com/alexander-mcqueen-mens-rugby-contrasting-collar-polo-shirt-535003#colcode=53500303,Alexander McQueen Men's Rugby Contrasting Collar Polo Shirt,43800,220000,80.1,8000,0,-35800,S,False,False,True
https://www.flannels.com/boss-mens-heston-tailored-fit-formal-jacket-331701#colcode=33170104,Boss Men's Heston Tailored Fit Formal Jacket,43800,220000,80.1,0,0,0,?,False,False,True
https://www.flannels.com/valentino-pleat-detail-tapered-trousers-513874#colcode=51387418,Valentino Pleat Detail Tapered Trousers,45800,230000,80.1,8000,8866,-37800,S,True,False,True
https://www.flannels.com/off-white-mens-eyelet-cotton-long-sleeve-hoodie-537931#colcode=53793103,Off White Men's Eyelet Cotton Long Sleeve Hoodie,49800,250000,80.1,8000,0,-41800,S,False,False,True
https://www.flannels.com/givenchy-monogram-jacquard-trousers-510697#colcode=51069702,GIVENCHY Monogram Jacquard Trousers,49800,250000,80.1,18000,0,-31800,S,False,False,True
https://www.flannels.com/ambush-mens--mountain-colour-block-weather-resistant-parka-600779#colcode=60077918,Ambush Men's  Mountain Colour Block Weather-Resistant Parka,33800,169200,80.0,12000,0,-21800,S,False,False,True
https://www.flannels.com/off-white-mens-diag-tie-dye-long-sleeve-hoodie-532270#colcode=53227003,Off White Men's Diag Tie Dye Long Sleeve Hoodie,33800,169200,80.0,8500,0,-25300,S,False,False,True
https://www.flannels.com/boss-t-hesam2-blazer-jacket-334033#colcode=33403318,Boss T-Hesam2 Blazer Jacket,23798,118998,80.0,0,0,0,?,False,False,True
https://www.flannels.com/arctic-army-mens-polar-grip-fleece-glove-990797#colcode=99079703,Arctic Army Men's Polar Grip Fleece Glove,2600,13000,80.0,0,0,0,?,False,False,True
https://www.flannels.com/societe-noir-mens-woven-patch-ribbed-knit-beanie-906189#colcode=90618918,Societe Noir Men's Woven Patch Ribbed Knit Beanie,1400,7000,80.0,0,0,0,?,False,False,True
https://www.flannels.com/arctic-army-mens-winter-knitted-scarf-900734#colcode=90073403,Arctic Army Men's Winter Knitted Scarf,4000,20000,80.0,2800,0,-1200,S,False,False,True
https://www.flannels.com/fornasetti-printed-face-mask-864302#colcode=86430204,Fornasetti Printed Face Mask,2400,12000,80.0,0,0,0,?,False,False,True
https://www.flannels.com/fornasetti-printed-face-mask-864302#colcode=86430203,Fornasetti Printed Face Mask,2400,12000,80.0,0,0,0,?,False,False,True
https://www.flannels.com/fornasetti-printed-face-mask-864302#colcode=86430201,Fornasetti Printed Face Mask,2400,12000,80.0,0,0,0,?,False,False,True
https://www.flannels.com/off-white-style-sun-square-sunglasses-758516#colcode=75851699,Off White Style Sun Square Sunglasses,9000,45000,80.0,0,0,0,?,False,False,True
https://www.flannels.com/off-white-atlanta-sun-square-sunglasses-758420#colcode=75842002,Off White Atlanta Sun Square Sunglasses,9000,45000,80.0,0,0,0,?,False,False,True
https://www.flannels.com/common-lines-cable-chain-silver-754404#colcode=75440411,Common Lines Cable Chain Silver,5600,28000,80.0,0,0,0,?,False,False,True
https://www.flannels.com/off-white-mens-diagonal-stripe-adjustable-face-mask-751728#colcode=75172803,Off White Men's Diagonal Stripe Adjustable Face Mask,2200,11000,80.0,0,0,0,?,False,False,True
https://www.flannels.com/off-white-mens-mask-751722#colcode=75172299,Off White Men's Mask,2600,13000,80.0,0,0,0,?,False,False,True
https://www.flannels.com/off-white-mens-masks-750905#colcode=75090599,Off White Men's Masks,2600,13000,80.0,0,0,0,?,False,False,True
https://www.flannels.com/fornasetti-printed-face-mask-739074#colcode=73907469,Fornasetti Printed Face Mask,2400,12000,80.0,0,0,0,?,False,False,True
https://www.flannels.com/thomas-sabo-unisex-compass-solitaire-ring-720672#colcode=72067203,Thomas Sabo Compass Solitaire Ring,10000,50000,80.0,0,0,0,?,False,False,True
https://www.flannels.com/off-white-makeup-mirror-710489#colcode=71048913,Off White Makeup Mirror,9000,45000,80.0,0,0,0,?,False,False,True
https://www.flannels.com/off-white-style-sun-reading-glasses-707184#colcode=70718418,Off White Style Sun Reading Glasses,9000,45000,80.0,0,0,0,?,False,False,True
https://www.flannels.com/off-white-unisex---reading-glasses-706817#colcode=70681719,Off White Reading Glasses,8400,42000,80.0,0,0,0,?,False,False,True
https://www.flannels.com/off-white-unisex-reading-glasses-706183#colcode=70618318,Off White Reading Glasses,8400,42000,80.0,0,0,0,?,False,False,True
https://www.flannels.com/7-for-all-mankind-mens-stretch-tapered-jeans-649048#colcode=64904803,7 For All Mankind Men's Stretch Tapered Jeans,8800,44000,80.0,3500,0,-5300,S,False,False,True
https://www.flannels.com/7-for-all-mankind-mens-paxtyn-mid-rise-stretch-tapered-jeans-649047#colcode=64904718,7 For All Mankind Men's Paxtyn Mid-Rise Stretch Tapered Jeans,8000,40000,80.0,3500,0,-4500,S,False,False,True
https://www.flannels.com/levis-mens-denim-mid-rise-slim-fit-jeans-644489#colcode=64448918,Levis Men's Denim Mid-Rise Slim Fit Jeans,4400,22000,80.0,3500,0,-900,S,False,False,True
https://www.flannels.com/levis-mens-skinny-jeans-644422#colcode=64442218,Levis Men's Skinny Jeans,4400,22000,80.0,3500,0,-900,S,False,False,True
https://www.flannels.com/represent-mens-straight-leg-jeans-644335#colcode=64433502,Represent Men's Straight Leg Jeans,5800,29000,80.0,12000,0,6200,S,False,False,True
https://www.flannels.com/off-white-mens-diag-relax-relaxed-straight-leg-jeans-644012#colcode=64401218,Off White Men's Diag Relax Relaxed Straight Leg Jeans,33000,165000,80.0,18000,0,-15000,S,False,False,True
https://www.flannels.com/boss-mens-c-henry-suit-632288#colcode=63228869,Boss Men's C Henry Suit,25800,129000,80.0,15000,0,-10800,S,False,False,True
https://www.flannels.com/boss-mens-c-huge-suits-631725#colcode=63172502,Boss Men's C Huge Suits,35800,179000,80.0,0,0,0,?,False,False,True
https://www.flannels.com/off-white-mens---embroidered-wool-long-sleeve-blazer-625581#colcode=62558103,Off White Men's - Embroidered Wool Long Sleeve Blazer,49800,249000,80.0,25000,0,-24800,S,False,False,True
https://www.flannels.com/albam-mens-clarence-weather-resistant-harrington-jacket-609062#colcode=60906218,Albam Men's Clarence Weather-Resistant Harrington Jacket,7800,39000,80.0,8000,0,200,S,False,False,True
https://www.flannels.com/albam-mens-clarence-weather-resistant-harrington-jacket-609062#colcode=60906204,Albam Men's Clarence Weather-Resistant Harrington Jacket,7800,39000,80.0,8000,0,200,S,False,False,True
https://www.flannels.com/boss-mens-ciro-weather-resistant-softshell-jacket-608070#colcode=60807008,Boss Men's Ciro Weather Resistant Softshell Jacket,25800,129000,80.0,0,0,0,?,False,False,True
https://www.flannels.com/boss-mens-p-cielo-formal-coat-605451#colcode=60545118,Boss Men's P Cielo Formal Coat,25800,129000,80.0,0,0,0,?,False,False,True
https://www.flannels.com/albam-mens-fairfax-tailored-fit-blazer-604840#colcode=60484004,Albam Men's Fairfax Tailored Fit Blazer,7000,35000,80.0,0,0,0,?,False,False,True
https://www.flannels.com/arctic-army-mens-cryoshell-insulated-heavyweight-gilet-604644#colcode=60464418,Arctic Army Men's Cryoshell Insulated Heavyweight Gilet,27800,139000,80.0,0,0,0,?,False,False,True
https://www.flannels.com/arctic-army-mens-cryoshell-insulated-heavyweight-gilet-604644#colcode=60464405,Arctic Army Men's Cryoshell Insulated Heavyweight Gilet,27800,139000,80.0,0,0,0,?,False,False,True
https://www.flannels.com/boss-mens-t-harvers-tux-blazer-604206#colcode=60420604,Boss Men's T Harvers Tux Blazer,29800,149000,80.0,0,0,0,?,False,False,True
https://www.flannels.com/prevu-mens-fairfax-seersucker-cotton-blazer-604015#colcode=60401503,Prevu Men's Fairfax Seersucker Cotton Blazer,3800,19000,80.0,0,0,0,?,False,False,True
https://www.flannels.com/represent-mens-overshirt-603898#colcode=60389805,Represent Men's Overshirt,7400,37000,80.0,0,5456,0,?,True,False,True
https://www.flannels.com/represent-mens-two-way-zip-overshirt-603568#colcode=60356803,Represent Men's Two-Way Zip Overshirt,10000,50000,80.0,0,10230,0,?,False,True,True
https://www.flannels.com/boss-mens-t-harvers-tailored-fit-blazer-602875#colcode=60287518,Boss Men's T-Harvers Tailored Fit Blazer,25800,129000,80.0,8000,0,-17800,S,False,False,True
https://www.flannels.com/kenzo-mens-knzo-weave-kimono-overshirt-602578#colcode=60257815,Kenzo Men's KNZO Weave Kimono Overshirt,37000,185000,80.0,8000,0,-29000,S,False,False,True
https://www.flannels.com/arctic-army-mens-narvik-hooded-long-sleeve-overshirt-600350#colcode=60035003,Arctic Army Men's Narvik Hooded Long Sleeve Overshirt,20000,100000,80.0,0,0,0,?,False,False,True
https://www.flannels.com/arctic-army-mens-narvik-long-sleeve-2-pocket-overshirt-600326#colcode=60032603,Arctic Army Men's Narvik Long Sleeve 2 Pocket Overshirt,16000,80000,80.0,0,0,0,?,False,False,True
https://www.flannels.com/lacoste-tracksuit-bottoms-595037#colcode=59503703,Lacoste Men's Slim Fit Joggers,4800,24000,80.0,3500,0,-1300,S,False,False,True
https://www.flannels.com/off-white-mens-diags-skate-long-sleeve-t-shirt-594989#colcode=59498903,Off White Men's Diags Skate Long Sleeve T-Shirt,18400,92000,80.0,8500,0,-9900,S,False,False,True
https://www.flannels.com/off-white-mens-diag-skate-diagonal-graphic-long-sleeve-t-shirt-594985#colcode=59498503,Off White Men's Diag Skate Diagonal Graphic Long Sleeve T-Shirt,16400,82000,80.0,8500,0,-7900,S,False,False,True
https://www.flannels.com/lacoste-mens-short-sleeve-t-shirt-594937#colcode=59493718,Lacoste Men's Short Sleeve T-Shirt,2800,14000,80.0,2500,0,-300,S,False,False,True
https://www.flannels.com/ambush-mens-waist-pocket-t-shirt-591990#colcode=59199069,Ambush Men's Waist Pocket T-Shirt,11000,55000,80.0,8000,0,-3000,S,False,False,True
https://www.flannels.com/ambush-ambush-trtlnk-jrsy-t-sn99-587009#colcode=58700901,Ambush Men's Long-Sleeve T-Shirt,7400,37000,80.0,8000,0,600,S,False,False,True
https://www.flannels.com/richard-james-wilder-navy-tailored-fit-suit-trousers-579079#colcode=57907918,Richard James Wilder Navy Tailored Fit Suit Trousers,5200,26000,80.0,8500,0,3300,S,False,False,True
https://www.flannels.com/ted-baker-ted-text-rst-chk-trs-sn99-579049#colcode=57904918,Ted Baker Men's Suit Trouser,5600,28000,80.0,2500,0,-3100,S,False,False,True
https://www.flannels.com/ted-baker-ted-heritage-chk-trs-sn99-579029#colcode=57902902,Ted Baker Men's Heritage Check Suit Trousers,5600,28000,80.0,3500,0,-2100,S,False,False,True
https://www.flannels.com/ted-baker-ted-burgundy-pwl-trs-sn99-579021#colcode=57902108,Ted Baker Men's Burgundy Suit Trousers,5600,28000,80.0,0,0,0,?,False,False,True
https://www.flannels.com/represent-mens-cropped-wool-long-sleeve-oversized-fit-overshirt-567138#colcode=56713802,Represent Men's Cropped Wool Long Sleeve Oversized Fit Overshirt,8000,40000,80.0,8500,0,500,S,False,False,True
https://www.flannels.com/alexander-mcqueen-brad-pitt-shirt-557048#colcode=55704801,Alexander McQueen Brad Pitt Shirt,14000,70000,80.0,0,0,0,?,False,False,True
https://www.flannels.com/palm-angels-curve-track-jacket-554189#colcode=55418903,Palm Angels Curve Track Jacket,15000,75000,80.0,18000,23796,3000,S,True,False,True
https://www.flannels.com/boss-mens-carper-knitted-full-zip-fleece-551735#colcode=55173503,Boss Men's Carper Knitted Full-Zip Fleece,25800,129000,80.0,5800,0,-20000,S,False,False,True
https://www.flannels.com/family-first-mens-long-sleeve-patterned-shirt-551355#colcode=55135599,Family First Men's Long Sleeve Patterned Shirt,7800,39000,80.0,0,0,0,?,False,False,True
https://www.flannels.com/lacoste-trousers-sn00-551187#colcode=55118770,Lacoste Trousers Sn00,5000,25000,80.0,0,0,0,?,False,False,True
https://www.flannels.com/lacoste-trousers-sn00-551187#colcode=55118740,Lacoste Trousers Sn00,5000,25000,80.0,0,0,0,?,False,False,True
https://www.flannels.com/lacoste-trousers-sn00-551187#colcode=55118728,Lacoste Trousers Sn00,5000,25000,80.0,0,0,0,?,False,False,True
https://www.flannels.com/lacoste-trousers-sn00-551187#colcode=55118717,Lacoste Trousers Sn00,5000,25000,80.0,0,0,0,?,False,False,True
https://www.flannels.com/albam-mens-herringbone-tailored-shorts-550357#colcode=55035715,Albam Men's Herringbone Tailored Shorts,4600,23000,80.0,0,0,0,?,False,False,True
https://www.flannels.com/albam-mens-long-sleeve-plain-shirt-550169#colcode=55016915,Albam Men's Long Sleeve Plain Shirt,4600,23000,80.0,3500,0,-1100,S,False,False,True
https://www.flannels.com/ted-baker-famblin-quarter-zip-top-535236#colcode=53523612,Ted Baker Men's Short-Sleeve Zipped Polo Shirt,3600,18000,80.0,2800,0,-800,S,True,False,True
https://www.flannels.com/over-the-head-hoodie-532767#colcode=53276702,Lacoste Men's Over-the-Head Hoodie,5400,27000,80.0,4500,3028,-900,S,True,False,True
https://www.flannels.com/fear-of-god-essentials-mens-crew-sweatshirt-523311#colcode=52331113,Fear Of God Essentials Men's Crew Sweatshirt,3800,19000,80.0,8500,0,4700,S,False,False,True
https://www.flannels.com/fear-of-god-essentials-mens-crew-sweatshirt-523311#colcode=52331112,Fear Of God Essentials Men's Crew Sweatshirt,3800,19000,80.0,8500,0,4700,S,False,False,True
https://www.flannels.com/represent-mens-crew-neck-ribbed-crew-sweatshirt-523061#colcode=52306115,Represent Men's Crew-Neck Ribbed Crew Sweatshirt,7400,37000,80.0,3500,0,-3900,S,False,False,True
https://www.flannels.com/boss-boss-norwin4-jacket-sn99-520367#colcode=52036718,Boss Men's Suit Jacket,23000,115000,80.0,8500,0,-14500,S,False,False,True
https://www.flannels.com/aries-walking-trousers-518909#colcode=51890903,Aries Walking Trousers,7600,38000,80.0,0,11532,0,?,True,False,True
https://www.flannels.com/lacoste-crocodile-sweatshirt-515137#colcode=51513706,Lacoste Crocodile Sweatshirt,5200,26000,80.0,3500,0,-1700,S,False,False,True
https://www.flannels.com/lacoste-vintage-style-sweatshirt-515136#colcode=51513618,Lacoste Vintage Style Sweatshirt,5000,25000,80.0,3500,0,-1500,S,False,False,True
https://www.flannels.com/boss-mens-fiva-ski-straight-leg-trousers-511775#colcode=51177503,Boss Men's Fiva Ski Straight Leg Trousers,21000,105000,80.0,0,0,0,?,False,False,True
https://www.flannels.com/boss-mens-fiva-ski-straight-leg-trousers-511775#colcode=51177501,Boss Men's Fiva Ski Straight Leg Trousers,21000,105000,80.0,0,0,0,?,False,False,True
https://www.flannels.com/fear-of-god-essentials-mens-straight-leg-trousers-511552#colcode=51155205,Fear Of God Essentials Men's Straight Leg Trousers,4600,23000,80.0,8500,0,3900,S,False,False,True
https://www.flannels.com/cole-buxton-combat-trousers-510757#colcode=51075703,Cole Buxton Combat Trousers,6600,33000,80.0,8000,0,1400,S,False,False,True
https://www.flannels.com/albam-mens-judd-closed-hem-jersey-joggers-488122#colcode=48812218,Albam Men's Judd Closed Hem Jersey Joggers,5000,25000,80.0,3500,0,-1500,S,False,False,True
https://www.flannels.com/lacoste-tape-joggers-488020#colcode=48802005,Lacoste Tape Joggers,4600,23000,80.0,3500,0,-1100,S,False,False,True
https://www.flannels.com/lacoste-mens-logo-closed-hem-fleece-joggers-483300#colcode=48330015,Lacoste Men's Logo Closed Hem Fleece Joggers,5200,26000,80.0,3500,0,-1700,S,False,False,True
https://www.flannels.com/lacoste-mens-logo-fleece-joggers-483298#colcode=48329818,Lacoste Men's Logo Fleece Joggers,4600,23000,80.0,3500,0,-1100,S,False,False,True
https://www.flannels.com/lacoste-jogging-bottoms-482990#colcode=48299006,Lacoste Jogging Bottoms,5200,26000,80.0,3500,0,-1700,S,False,False,True
https://www.flannels.com/lacoste-jogging-bottoms-482740#colcode=48274006,Lacoste Men's Closed Hem Fleece Joggers,5800,29000,80.0,3500,0,-2300,S,False,False,True
https://www.flannels.com/off-white-mens-closed-hem-fleece-joggers-482616#colcode=48261602,Off White Men's Closed Hem Fleece Joggers,15000,75000,80.0,12000,0,-3000,S,False,False,True
https://www.flannels.com/lacoste-active-joggers-mens-482590#colcode=48259025,Lacoste Active Joggers Mens,4800,24000,80.0,3500,0,-1300,S,False,False,True
https://www.flannels.com/lacoste-mens-closed-cuff-fleece-tapered-joggers-482378#colcode=48237806,Lacoste Men's Closed Cuff Fleece Tapered Joggers,5800,29000,80.0,3500,0,-2300,S,False,False,True
https://www.flannels.com/represent-mens-closed-hem-fleece-joggers-482376#colcode=48237624,Represent Men's Closed Hem Fleece Joggers,5600,28000,80.0,3500,0,-2100,S,False,False,True
https://www.flannels.com/lacoste-lacoste-embroidered-joggers-482355#colcode=48235599,Lacoste Men's Embroidered Closed Hem Fleece Joggers,5600,28000,80.0,3500,0,-2100,S,False,False,True
https://www.flannels.com/vivienne-westwood-mens-closed-hem-fleece-cuffed-joggers-482265#colcode=48226502,Vivienne Westwood Men's Closed Hem Fleece Cuffed Joggers,10000,50000,80.0,3500,5255,-6500,S,True,False,True
https://www.flannels.com/philipp-plein-jogging-bottoms-482170#colcode=48217003,Philipp Plein Jogging Bottoms,13600,68000,80.0,8000,0,-5600,S,False,False,True
https://www.flannels.com/fear-of-god-essentials-mens-open-hem-fleece-jogging-bottoms-480238#colcode=48023802,Fear Of God Essentials Men's Open Hem Fleece Jogging Bottoms,4800,24000,80.0,8500,0,3700,S,False,False,True
https://www.flannels.com/casablanca-mens-tailored-chino-shorts-478967#colcode=47896704,Casablanca Men's Tailored Chino Shorts,19000,95000,80.0,8500,0,-10500,S,False,False,True
https://www.flannels.com/ted-baker-ted-alscot-chinoshrt-sn53-478215#colcode=47821519,Ted Baker Men's Alscot Chino Shorts,2800,14000,80.0,2800,0,0,S,False,False,True
https://www.flannels.com/fear-of-god-mens-fog-thltics-performance-running-tights-450932#colcode=45093202,Fear Of God Men's FOG thltics Performance Running Tights,6400,32000,80.0,8000,0,1600,S,False,False,True
https://www.flannels.com/boss-mens-ski-trousers-430933#colcode=43093304,Boss Men's Ski Trousers,47800,239000,80.0,0,0,0,?,False,False,True
https://www.flannels.com/boss-mens-ski-trousers-430922#colcode=43092203,Boss Men's Ski Trousers,21000,105000,80.0,0,0,0,?,False,False,True
https://www.flannels.com/represent-mens-cotton-woven-tracksuit-shorts-430704#colcode=43070403,Represent Men's Cotton Woven Tracksuit Shorts,7000,35000,80.0,3500,0,-3500,S,False,False,True
https://www.flannels.com/cole-buxton-dyed-carpenter-shorts-430341#colcode=43034103,Cole Buxton Dyed Carpenter Shorts,6600,33000,80.0,5500,0,-1100,S,False,False,True
https://www.flannels.com/pleasures-x-juicy-couture-striped-shorts-430322#colcode=43032218,Pleasures X Juicy Couture Striped Shorts,3600,18000,80.0,3500,0,-100,S,False,True,True
https://www.flannels.com/boss-mens-soft-fabric-logo-detail-trunks-426714#colcode=42671499,Boss Men's Soft Fabric Logo Detail Trunks,1800,9000,80.0,2500,0,700,S,True,False,True
https://www.flannels.com/ted-baker-mens-formal-crew-socks-411656#colcode=41165603,Ted Baker Men's Formal Crew Socks,1400,7000,80.0,1500,0,100,S,False,False,True
https://www.flannels.com/heron-preston-logo-patch-swim-shorts-352860#colcode=35286012,Heron Preston Logo Patch Swim Shorts,7600,38000,80.0,8500,0,900,S,False,False,True
https://www.flannels.com/boss-mens-cris-double-breasted-formal-jacket-335824#colcode=33582402,Boss Men's Cris Double Breasted Formal Jacket,21800,109000,80.0,0,0,0,?,False,False,True
https://www.flannels.com/boss-mens-h-hutson-formal-jacket-335733#colcode=33573301,Boss Men's H Hutson Formal Jacket,25800,129000,80.0,8500,0,-17300,S,False,False,True
https://www.flannels.com/fear-of-god-essentials-mens-knitted-sweater-vest-335159#colcode=33515914,Fear Of God Essentials Men's Knitted Sweater Vest,3200,16000,80.0,8000,0,4800,S,False,False,True
https://www.flannels.com/fear-of-god-essentials-mens-knitted-sweater-vest-335159#colcode=33515913,Fear Of God Essentials Men's Knitted Sweater Vest,3200,16000,80.0,8000,0,4800,S,False,False,True
https://www.flannels.com/fear-of-god-essentials-mens-knitted-sweater-vest-335159#colcode=33515905,Fear Of God Essentials Men's Knitted Sweater Vest,3200,16000,80.0,8000,0,4800,S,False,False,True
https://www.flannels.com/fear-of-god-essentials-mens-knitted-sweater-vest-335159#colcode=33515903,Fear Of God Essentials Men's Knitted Sweater Vest,3200,16000,80.0,8000,0,4800,S,False,False,True
https://www.flannels.com/barena-mens-ameo-granato-tailored-fit-tailored-trousers-333027#colcode=33302704,Barena Men's Ameo Granato Tailored Fit Tailored Trousers,15000,75000,80.0,0,0,0,?,False,False,True
https://www.flannels.com/boss-mens-ski-pants-331802#colcode=33180203,Boss Men's Ski Pants,25800,129000,80.0,0,0,0,?,False,False,True
https://www.flannels.com/boss-mens--ftype-knitted-tops-331787#colcode=33178712,Boss Men's  Ftype Knitted Tops,21000,105000,80.0,0,0,0,?,False,False,True
https://www.flannels.com/boss-mens-heston-formal-jacket-331624#colcode=33162404,Boss Men's Heston Formal Jacket,37800,189000,80.0,8000,0,-29800,S,False,False,True
https://www.flannels.com/boss-mens-heston-lp-formal-jacket-331605#colcode=33160518,Boss Men's Heston Lp Formal Jacket,37800,189000,80.0,8000,0,-29800,S,False,False,True
https://www.flannels.com/off-white-mens-knitted-top-330941#colcode=33094199,Off White Men's Knitted Top,25000,125000,80.0,8000,0,-17000,S,False,False,True
https://www.flannels.com/lacoste-logo-jumper-330485#colcode=33048502,Lacoste Men's Logo Crew Neck Jumper,5200,26000,80.0,3500,3796,-1700,S,False,True,True
https://www.flannels.com/lacoste-sf7261-jmpr-sn99-330407#colcode=33040718,Lacoste Men's Crew Neck Jumper,6000,30000,80.0,3500,0,-2500,S,False,False,True
https://www.flannels.com/lacoste-sf7261-jmpr-sn99-330407#colcode=33040715,Lacoste Men's Crew Neck Jumper,6000,30000,80.0,3500,0,-2500,S,False,False,True
https://www.flannels.com/lacoste-mens-long-moisture-wicking-leggings-329991#colcode=32999103,Lacoste Men's Long Moisture Wicking Leggings,4400,22000,80.0,2800,0,-1600,S,False,False,True
https://www.flannels.com/cole-buxton-carpenter-trousers-327551#colcode=32755103,Cole Buxton Carpenter Trousers,7000,35000,80.0,0,0,0,?,False,False,True
https://www.flannels.com/cole-buxton-monogram-knit-trousers-327526#colcode=32752618,Cole Buxton Monogram Knit Trousers,9400,47000,80.0,8500,0,-900,S,False,False,True
https://www.flannels.com/cole-buxton-alpaca-shorts-327518#colcode=32751818,Cole Buxton Alpaca Shorts,9800,49000,80.0,0,0,0,?,False,False,True
https://www.flannels.com/cole-buxton-alpaca-shorts-327518#colcode=32751815,Cole Buxton Alpaca Shorts,9800,49000,80.0,0,0,0,?,False,False,True
https://www.flannels.com/dolce-and-gabbana-mens-short-sleeve-turtleneck-knitted-top-325143#colcode=32514301,Dolce and Gabbana Men's Short Sleeve Turtleneck Knitted Top,31800,159000,80.0,8000,0,-23800,S,False,False,True
https://www.flannels.com/boss-mens-h-hutson-formal-jacket-321924#colcode=32192408,Boss Men's H Hutson Formal Jacket,25800,129000,80.0,8500,0,-17300,S,False,False,True
https://www.flannels.com/represent-mens-open-gauge-knitted-lightweight-crew-neck-jumper-320125#colcode=32012501,Represent Men's Open Gauge Knitted Lightweight Crew Neck Jumper,6800,34000,80.0,3500,0,-3300,S,False,False,True
https://www.flannels.com/simon-carter-window-pane-check-regular-suit-jacket-312085#colcode=31208518,Simon Carter Window pane check regular suit jacket,11200,56000,80.0,0,0,0,?,False,False,True
https://www.flannels.com/simon-carter-textured-regular-fit-suit-jacket-309904#colcode=30990418,Simon Carter Textured regular fit suit jacket,10600,53000,80.0,8000,0,-2600,S,False,False,True
https://www.flannels.com/moschino-mens-flat-ankle-boots-232668#colcode=23266824,Moschino Men's Flat Ankle Boots,17000,85000,80.0,8500,0,-8500,S,False,False,True
https://www.flannels.com/nicholas-deakins-mens-deaks-chad-biker-boots-231543#colcode=23154305,Deakins Men's Deaks Chad Biker Boots,3200,16000,80.0,0,0,0,?,False,False,True
https://www.flannels.com/nicholas-deakins-mens-deaks-chad-biker-boots-231543#colcode=23154303,Deakins Men's Deaks Chad Biker Boots,3200,16000,80.0,0,0,0,?,False,False,True
https://www.flannels.com/moschino-mens-court-trainers-111657#colcode=11165703,Moschino Men's Court Trainers,10000,50000,80.0,8000,0,-2000,S,False,False,True
https://www.flannels.com/nicholas-deakins-mens-deaks-trigger-brogue-boots-111560#colcode=11156005,Deakins Men's Deaks Trigger Brogue Boots,3000,15000,80.0,0,0,0,?,False,False,True
https://www.flannels.com/adidas-originals-by-wales-bonner-superstar-shoes-110652#colcode=11065205,adidas Originals By Wales Bonner Superstar Shoes,9600,48000,80.0,12000,0,2400,S,False,False,True
https://www.flannels.com/adidas-originals-by-wales-bonner-superstar-shoes-110263#colcode=11026369,adidas Originals By Wales Bonner Superstar Shoes,9600,48000,80.0,12000,0,2400,S,False,False,True
https://www.flannels.com/off-white-embroidered-tailor-pants-300220#colcode=30022003,Off White Embroidered Tailor Pants,25000,124998,80.0,8500,0,-16500,S,False,False,True
https://www.flannels.com/emporio-armani-trousers-296315#colcode=29631518,Emporio Armani Trousers,20000,99998,80.0,3500,0,-16500,S,False,False,True
https://www.flannels.com/emporio-armani-trousers-295890#colcode=29589004,Emporio Armani Trousers,20000,99998,80.0,3500,0,-16500,S,False,False,True
https://www.flannels.com/emporio-armani-trousers-334451#colcode=33445118,Emporio Armani Trousers,19600,97998,80.0,3500,0,-16100,S,False,False,True
https://www.flannels.com/emporio-armani-knit-sweater-337305#colcode=33730518,Emporio Armani Knit Sweater,18400,91998,80.0,8000,0,-10400,S,False,False,True
https://www.flannels.com/emporio-armani-knit-sweatshirt-315120#colcode=31512099,Emporio Armani Knit Sweatshirt,18400,91998,80.0,3500,0,-14900,S,False,False,True
https://www.flannels.com/emporio-armani-v-neck-sweater-335665#colcode=33566518,Emporio Armani V-Neck Sweater,18000,89998,80.0,3500,0,-14500,S,False,False,True
https://www.flannels.com/emporio-armani-trousers-334443#colcode=33444302,Emporio Armani Trousers,18000,89998,80.0,3500,0,-14500,S,False,False,True
https://www.flannels.com/emporio-armani-shirt-334453#colcode=33445315,Emporio Armani Shirt,16000,79998,80.0,3500,0,-12500,S,False,False,True
https://www.flannels.com/emporio-armani-shirt-334452#colcode=33445269,Emporio Armani Shirt,16000,79998,80.0,3500,0,-12500,S,False,False,True
https://www.flannels.com/emporio-armani-trousers-334436#colcode=33443618,Emporio Armani Trousers,16000,79998,80.0,3500,0,-12500,S,False,False,True
https://www.flannels.com/emporio-armani-trousers-297454#colcode=29745418,Emporio Armani Trousers,16000,79998,80.0,3500,0,-12500,S,False,False,True
https://www.flannels.com/emporio-armani-trousers-295929#colcode=29592901,Emporio Armani Trousers,15600,77998,80.0,3500,6213,-12100,S,True,False,True
https://www.flannels.com/emporio-armani-trousers-292681#colcode=29268118,Emporio Armani Trousers,15600,77998,80.0,3500,0,-12100,S,False,False,True
https://www.flannels.com/emporio-armani-shirt-334557#colcode=33455715,Emporio Armani Shirt,14000,69998,80.0,3500,0,-10500,S,False,False,True
https://www.flannels.com/emporio-armani-shirt-334466#colcode=33446669,Emporio Armani Shirt,14000,69998,80.0,3500,0,-10500,S,False,False,True
https://www.flannels.com/emporio-armani-abstract-print-long-sleeve-shirt-334450#colcode=33445018,Emporio Armani Abstract Print Long Sleeve Shirt,14000,69998,80.0,3500,0,-10500,S,False,False,True
https://www.flannels.com/emporio-armani-abstract-print-long-sleeve-shirt-334360#colcode=33436099,Emporio Armani Abstract Print Long Sleeve Shirt,14000,69998,80.0,3500,0,-10500,S,False,False,True
https://www.flannels.com/emporio-armani-shirt-299742#colcode=29974215,Emporio Armani Shirt,10000,49998,80.0,3500,0,-6500,S,False,False,True
https://www.flannels.com/boss-pocket-square-017128#colcode=01712808,Boss Pocket Square,1800,8998,80.0,0,0,0,?,False,False,True
https://www.flannels.com/boss-mens-h-reymond-formal-jacket-335868#colcode=33586802,Boss Men's H Reymond Formal Jacket,20000,99800,80.0,8000,0,-12000,S,False,False,True
https://www.flannels.com/boss-mens-gee-tux-camel-suit-trousers-579291#colcode=57929103,Boss Men's Gee Tux Camel Suit Trousers,19600,97800,80.0,8000,0,-11600,S,False,False,True
https://www.flannels.com/boss-mens-hutson-double-breasted-formal-jacket-335839#colcode=33583902,Boss Men's Hutson Double Breasted Formal Jacket,19600,97800,80.0,0,0,0,?,False,False,True
https://www.flannels.com/boss-mens-h-hutson-elbow-formal-jacket-335713#colcode=33571315,Boss Men's H Hutson Elbow Formal Jacket,19600,97800,80.0,8000,0,-11600,S,False,False,True
https://www.flannels.com/boss-mens-c-cris-double-breasted-formal-jacket-333291#colcode=33329169,Boss Men's C Cris Double Breasted Formal Jacket,19600,97800,80.0,8000,0,-11600,S,False,False,True
https://www.flannels.com/boss-mens-p-hanry-inpad-formal-jacket-331705#colcode=33170518,Boss Men's P Hanry Inpad Formal Jacket,19600,97800,80.0,0,0,0,?,False,False,True
https://www.flannels.com/boss-mens-c-hanry-junior-double-breasted-formal-jacket-328484#colcode=32848418,Boss Men's C Hanry Junior Double Breasted Formal Jacket,19600,97800,80.0,8000,0,-11600,S,False,False,True
https://www.flannels.com/boss-mens-h-hutson-formal-jacket-325540#colcode=32554018,Boss Men's H Hutson Formal Jacket,19600,97800,80.0,8500,0,-11100,S,False,False,True
https://www.flannels.com/boss-mens-hbc-bernardo-luxuriant-cashmere-jumper-312377#colcode=31237708,Boss Men's HBC Bernardo Luxuriant Cashmere Jumper,19600,97800,80.0,0,0,0,?,False,False,True
https://www.flannels.com/off-white-mens-skate-relaxed-fit-crew-sweatshirt-523091#colcode=52309115,Off White Men's Skate Relaxed Fit Crew Sweatshirt,16400,81800,80.0,8000,0,-8400,S,False,False,True
https://www.flannels.com/boss-mens-anderson-straight-leg-jeans-642161#colcode=64216103,Boss Men's Anderson Straight Leg Jeans,15600,77800,79.9,3500,0,-12100,S,False,False,True
https://www.flannels.com/boss-mens-suit-jacket-520833#colcode=52083318,Boss Men's Suit Jacket,15600,77800,79.9,8500,0,-7100,S,False,False,True
https://www.flannels.com/boss-mens-formal-jacket-335735#colcode=33573501,Boss Men's Formal Jacket,15600,77800,79.9,8000,0,-7600,S,False,False,True
https://www.flannels.com/boss-mens-p-hanry-formal-jacket-335724#colcode=33572401,Boss Men's P Hanry Formal Jacket,15600,77800,79.9,8000,0,-7600,S,False,False,True
https://www.flannels.com/boss-mens-p-hanry-junior-formal-335721#colcode=33572103,Boss Men's P Hanry Junior Formal,15600,77800,79.9,0,0,0,?,False,False,True
https://www.flannels.com/boss-mens-maguno-knitwear-jumper-331659#colcode=33165904,Boss Men's Maguno Knitwear Jumper,15600,77800,79.9,0,0,0,?,False,False,True
https://www.flannels.com/boss-mens-formal-jacket-327128#colcode=32712818,Boss Men's Formal Jacket,15600,77800,79.9,8000,0,-7600,S,False,False,True
https://www.flannels.com/boss-mens-p-henry-junior-formal-jacket-327066#colcode=32706608,Boss Men's P Henry Junior Formal Jacket,15600,77800,79.9,0,0,0,?,False,False,True
https://www.flannels.com/boss-mens-formal-jacket-326431#colcode=32643118,Boss Men's Formal Jacket,15600,77800,79.9,8000,0,-7600,S,False,False,True
https://www.flannels.com/boss-mens-carper-coach-p-formal-326405#colcode=32640515,Boss Men's Carper Coach P Formal,15600,77800,79.9,0,0,0,?,False,False,True
https://www.flannels.com/boss-mens-formal-jacket-326389#colcode=32638915,Boss Men's Formal Jacket,15600,77800,79.9,8000,0,-7600,S,False,False,True
https://www.flannels.com/boss-mens-formal-jacket-326192#colcode=32619218,Boss Men's Formal Jacket,15600,77800,79.9,8000,0,-7600,S,False,False,True
https://www.flannels.com/boss-jeckson-blazer-jacket-318197#colcode=31819702,Boss Jeckson Blazer Jacket,14400,71798,79.9,0,0,0,?,False,False,True
https://www.flannels.com/boss-mens-formal-jacket-335892#colcode=33589202,Boss Men's Formal Jacket,14000,69800,79.9,8000,0,-6000,S,False,False,True
https://www.flannels.com/boss-mens-formal-jacket-335891#colcode=33589118,Boss Men's Formal Jacket,14000,69800,79.9,8000,0,-6000,S,False,False,True
https://www.flannels.com/boss-mens-formal-jacket-335883#colcode=33588303,Boss Men's Formal Jacket,14000,69800,79.9,8000,0,-6000,S,False,False,True
https://www.flannels.com/boss-mens-h-huge-s-formal-335754#colcode=33575419,Boss Men's H Huge S Formal,14000,69800,79.9,0,0,0,?,False,False,True
https://www.flannels.com/boss-mens-h-huge-s-formal-335754#colcode=33575402,Boss Men's H Huge S Formal,14000,69800,79.9,0,0,0,?,False,False,True
https://www.flannels.com/boss-mens-formal-jacket-335753#colcode=33575319,Boss Men's Formal Jacket,14000,69800,79.9,8000,0,-6000,S,False,False,True
https://www.flannels.com/boss-mens-formal-jacket-335753#colcode=33575303,Boss Men's Formal Jacket,14000,69800,79.9,8000,0,-6000,S,False,False,True
https://www.flannels.com/boss-mens-formal-jacket-335753#colcode=33575302,Boss Men's Formal Jacket,14000,69800,79.9,8000,0,-6000,S,False,False,True
https://www.flannels.com/boss-mens-ski-midlayer-331798#colcode=33179803,Boss Men's Ski Midlayer,14000,69800,79.9,0,0,0,?,False,False,True
https://www.flannels.com/boss-mens-formal-jacket-321901#colcode=32190120,Boss Men's Formal Jacket,14000,69800,79.9,8000,0,-6000,S,False,False,True
https://www.flannels.com/boss-mens-formal-jacket-321901#colcode=32190102,Boss Men's Formal Jacket,14000,69800,79.9,8000,0,-6000,S,False,False,True
https://www.flannels.com/boss-t-lone-lc-trousers-334039#colcode=33403918,Boss T-Lone LC Trousers,11998,59798,79.9,0,0,0,?,False,False,True
https://www.flannels.com/boss-t-lone-lc-trousers-334006#colcode=33400603,Boss T-Lone LC Trousers,11998,59798,79.9,0,0,0,?,False,False,True
https://www.flannels.com/boss-mens-h-jasper-mm-c-formal-jacket-335886#colcode=33588603,Boss Men's H Jasper Mm C Formal Jacket,12400,61800,79.9,8000,0,-4400,S,False,False,True
https://www.flannels.com/boss-mens-jasper-mm-formal-jacket-335781#colcode=33578102,Boss Men's Jasper Mm Formal Jacket,12400,61800,79.9,8000,0,-4400,S,False,False,True
https://www.flannels.com/hugo-mens-formal-jacket-326002#colcode=32600204,Hugo Men's Formal Jacket,12400,61800,79.9,8000,0,-4400,S,False,False,True
https://www.flannels.com/boss-mens-millenium-1-4-zip-fleece-551714#colcode=55171415,Boss Men's Millenium 1/4 Zip Fleece,11600,57800,79.9,3500,0,-8100,S,False,False,True
https://www.flannels.com/boss-mens-slim-fit-stretch-trousers-514066#colcode=51406603,Boss Men's Slim Fit Stretch Trousers,11600,57800,79.9,0,0,0,?,False,False,True
https://www.flannels.com/boss-mens-closed-hem-jersey-joggers-488116#colcode=48811601,Boss Men's Closed Hem Jersey Joggers,11600,57800,79.9,3500,0,-8100,S,False,False,True
https://www.flannels.com/boss-mens-schiller-closed-hem-fleece-jogging-bottoms-482237#colcode=48223705,Boss Men's Schiller Closed Hem Fleece Jogging Bottoms,11600,57800,79.9,3500,0,-8100,S,True,False,True
https://www.flannels.com/boss-mens--ski-midlayers-331799#colcode=33179912,Boss Men's  Ski Midlayers,11600,57800,79.9,0,0,0,?,False,False,True
https://www.flannels.com/boss-mens-l-peet-pleat-tailored-trousers-331633#colcode=33163311,Boss Men's L Peet Pleat Tailored Trousers,11600,57800,79.9,3500,0,-8100,S,False,False,True
https://www.flannels.com/boss-mens-jamie-knitted-hoodie-329358#colcode=32935806,Boss Men's Jamie Knitted Hoodie,11600,57800,79.9,8000,0,-3600,S,False,False,True
https://www.flannels.com/hugo-mens-juliano242-d-formal-jacket-328261#colcode=32826101,Hugo Men's Juliano242 D Formal Jacket,11600,57800,79.9,0,0,0,?,False,False,True
https://www.flannels.com/boss-mens-carper-formal-jacket-326052#colcode=32605203,Boss Men's Carper Formal Jacket,11600,57800,79.9,8000,0,-3600,S,False,False,True
https://www.flannels.com/boss-t-glover3-trousers-334171#colcode=33417118,Boss T-Glover3 Trousers,10798,53798,79.9,0,0,0,?,False,False,True
https://www.flannels.com/ted-baker-ted-puppytooth-jkt-sn99-520250#colcode=52025018,Ted Baker Men's Puppytooth Suit Jacket,10400,51800,79.9,8000,0,-2400,S,False,False,True
https://www.flannels.com/ted-baker-ted-heritage-chk-jkt-sn99-520239#colcode=52023902,Ted Baker Men's Heritage Check Suit Jacket,10400,51800,79.9,8000,0,-2400,S,False,False,True
https://www.flannels.com/boss-mens-taber-edge-straight-leg-jeans-642148#colcode=64214818,Boss Men's Taber Edge Straight Leg Jeans,9600,47800,79.9,6500,0,-3100,S,False,False,True
https://www.flannels.com/boss-mens-lamont-ps-t-shirt-595139#colcode=59513915,Boss Men's Lamont Ps T-Shirt,9600,47800,79.9,3500,0,-6100,S,False,False,True
https://www.flannels.com/boss-x-beckham-striped-pleat-front-trousers-579051#colcode=57905105,Boss x BECKHAM Striped Pleat-Front Trousers,9600,47800,79.9,0,0,0,?,False,False,True
https://www.flannels.com/boss-mens-t-gee-d-straight-leg-trousers-511146#colcode=51114608,Boss Men's T Gee D Straight Leg Trousers,9600,47800,79.9,3500,0,-6100,S,False,False,True
https://www.flannels.com/boss-mens-front-pleated-trousers-331691#colcode=33169105,Boss Men's Front Pleated Trousers,9600,47800,79.9,0,0,0,?,False,False,True
https://www.flannels.com/boss-mens-jim-kent-long-sleeve-plain-shirt-331615#colcode=33161504,Boss Men's Jim Kent Long Sleeve Plain Shirt,9600,47800,79.9,3500,0,-6100,S,False,False,True
https://www.flannels.com/off-white-umbrellas-780111#colcode=78011118,Off White Umbrellas,9400,46800,79.9,0,0,0,?,False,False,True
https://www.flannels.com/versace-informal-trousers-514024#colcode=51402402,Versace Informal Trousers,43000,214000,79.9,8000,0,-35000,S,False,False,True
https://www.flannels.com/buddha-to-buddha-katja-xs-ring-black-rhodium-shine-gold-14kt-941058#colcode=94105803,Buddha To Buddha Katja Xs Ring Black Rhodium Shine Gold 14kt,8000,39800,79.9,0,0,0,?,False,False,True
https://www.flannels.com/boss-mens-khaby-wide-leg-trousers-671081#colcode=67108112,Boss Men's Khaby Wide Leg Trousers,8000,39800,79.9,0,0,0,?,False,False,True
https://www.flannels.com/family-first-mens-straight-leg-jeans-644439#colcode=64443918,Family First Men's Straight Leg Jeans,8000,39800,79.9,0,0,0,?,False,False,True
https://www.flannels.com/boss-mens-h-genius-tux-slim-fit-suit-trousers-578089#colcode=57808915,Boss Men's H-Genius-Tux Slim Fit Suit Trousers,8000,39800,79.9,0,0,0,?,False,False,True
https://www.flannels.com/boss-mens-netstat-long-sleeve-oxford-shirt-552744#colcode=55274405,Boss Men's Netstat Long Sleeve Oxford Shirt,8000,39800,79.9,3500,0,-4500,S,False,False,True
https://www.flannels.com/boss-mens-josh-oxford-long-sleeve-shirt-551263#colcode=55126315,Boss Men's Josh Oxford Long Sleeve Shirt,8000,39800,79.9,3500,0,-4500,S,False,False,True
https://www.flannels.com/boss-mens-cortski-short-sleeve-polo-shirt-542649#colcode=54264903,Boss Men's CortSki Short Sleeve Polo Shirt,8000,39800,79.9,3500,0,-4500,S,False,False,True
https://www.flannels.com/boss-mens-p-lamont-short-sleeve-polo-shirt-542526#colcode=54252608,Boss Men's P Lamont Short Sleeve Polo Shirt,8000,39800,79.9,3500,0,-4500,S,False,False,True
https://www.flannels.com/boss-mens-p-lamont-short-sleeve-polo-shirt-542526#colcode=54252603,Boss Men's P Lamont Short Sleeve Polo Shirt,8000,39800,79.9,3500,0,-4500,S,False,False,True
https://www.flannels.com/boss-mens-perin-pl-straight-leg-trousers-511767#colcode=51176701,Boss Men's Perin Pl Straight Leg Trousers,8000,39800,79.9,0,0,0,?,False,False,True
https://www.flannels.com/boss-mens-h-genius-straight-leg-trousers-511634#colcode=51163418,Boss Men's H Genius Straight Leg Trousers,8000,39800,79.9,0,0,0,?,False,False,True
https://www.flannels.com/boss-mens-tailored-straight-leg-trousers-511311#colcode=51131104,Boss Men's Tailored Straight Leg Trousers,8000,39800,79.9,0,0,0,?,False,False,True
https://www.flannels.com/boss-mens-double-breasted-pant-oversized-fit-shorts-488029#colcode=48802911,Boss Men's Double Breasted Pant Oversized Fit Shorts,8000,39800,79.9,0,0,0,?,False,False,True
https://www.flannels.com/boss-mens-lamont-closed-hem-fleece-joggers-482236#colcode=48223603,Boss Men's Lamont Closed Hem Fleece Joggers,8000,39800,79.9,4500,4570,-3500,S,True,False,True
https://www.flannels.com/boss-mens-tolli-knitted-top-332262#colcode=33226201,Boss Men's Tolli Knitted Top,8000,39800,79.9,0,0,0,?,False,False,True
https://www.flannels.com/boss-mens-perin-pleated-trousers-331703#colcode=33170304,Boss Men's Perin Pleated Trousers,8000,39800,79.9,0,0,0,?,False,False,True
https://www.flannels.com/boss-mens-knitted-t-shirt-325323#colcode=32532304,Boss Men's Knitted T-Shirt,8000,39800,79.9,3500,0,-4500,S,False,False,True
https://www.flannels.com/boss-mens-knitted-t-shirt-325323#colcode=32532303,Boss Men's Knitted T-Shirt,8000,39800,79.9,3500,0,-4500,S,False,False,True
https://www.flannels.com/valentino-knit-turtleneck-jumper-332472#colcode=33247203,Valentino Knit Turtleneck Jumper,39800,198000,79.9,8000,0,-31800,S,False,False,True
https://www.flannels.com/off-white-style-sun-sunglasses-758505#colcode=75850518,Off White Style Sun Sunglasses,7600,37800,79.9,0,0,0,?,False,False,True
https://www.flannels.com/off-white-style-sun-square-sunglasses-758502#colcode=75850299,Off White Style Sun Square Sunglasses,7600,37800,79.9,0,0,0,?,False,False,True
https://www.flannels.com/off-white-reading-glasses-707445#colcode=70744569,Off White Reading Glasses,7600,37800,79.9,0,0,0,?,False,False,True
https://www.flannels.com/off-white-reading-glasses-707384#colcode=70738469,Off White Reading Glasses,7600,37800,79.9,0,0,0,?,False,False,True
https://www.flannels.com/off-white-reading-glasses-707332#colcode=70733269,Off White Reading Glasses,7600,37800,79.9,0,0,0,?,False,False,True
https://www.flannels.com/off-white-reading-glasses-707319#colcode=70731969,Off White Reading Glasses,7600,37800,79.9,0,0,0,?,False,False,True
https://www.flannels.com/off-white-style-sun-reading-glasses-706759#colcode=70675918,Off White Style Sun Reading Glasses,7600,37800,79.9,0,0,0,?,False,False,True
https://www.flannels.com/off-white-style-sun-reading-glasses-706745#colcode=70674518,Off White Style Sun Reading Glasses,7600,37800,79.9,0,0,0,?,False,False,True
https://www.flannels.com/off-white-optical-s-reading-glasses-706559#colcode=70655999,Off White Optical S Reading Glasses,7600,37800,79.9,0,0,0,?,False,False,True
https://www.flannels.com/off-white-reading-glasses-706554#colcode=70655418,Off White Reading Glasses,7600,37800,79.9,0,0,0,?,False,False,True
https://www.flannels.com/boss-mens-h-genius-slim-fit-trousers-514007#colcode=51400718,Boss Men's H Genius Slim Fit Trousers,7600,37800,79.9,3500,0,-4100,S,False,False,True
https://www.flannels.com/boss-mens-c-genius-straight-leg-trousers-511869#colcode=51186918,Boss Men's C Genius Straight Leg Trousers,7600,37800,79.9,0,0,0,?,False,False,True
https://www.flannels.com/boss-mens-p-genius-straight-leg-trousers-511706#colcode=51170608,Boss Men's P Genius Straight Leg Trousers,7600,37800,79.9,0,0,0,?,False,False,True
https://www.flannels.com/boss-mens-p-genius-cw-straight-leg-trousers-511684#colcode=51168402,Boss Men's P Genius Cw Straight Leg Trousers,7600,37800,79.9,3500,0,-4100,S,False,False,True
https://www.flannels.com/boss-mens-straight-leg-trousers-511656#colcode=51165601,Boss Men's Straight Leg Trousers,7600,37800,79.9,0,0,0,?,False,False,True
https://www.flannels.com/boss-mens-p-genius-rdspck-straight-leg-trousers-511565#colcode=51156518,Boss Men's P Genius Rdspck Straight Leg Trousers,7600,37800,79.9,0,0,0,?,False,False,True
https://www.flannels.com/boss-mens-h-lenon-straight-leg-trousers-510493#colcode=51049302,Boss Men's H Lenon Straight Leg Trousers,7600,37800,79.9,3500,0,-4100,S,False,False,True
https://www.flannels.com/boss-mens--closed-hem-fleece-jogging-bottoms-481177#colcode=48117718,Boss Mens BOSS Closed Hem Fleece Jogging Bottoms,7600,37800,79.9,3500,0,-4100,S,False,False,True
https://www.flannels.com/boss-h-genius-trousers-298632#colcode=29863205,Boss H-Genius Trousers,7600,37798,79.9,0,0,0,?,False,False,True
https://www.flannels.com/givenchy-mens-open-cuff-jersey-joggers-510672#colcode=51067203,GIVENCHY Men's Open Cuff Jersey Joggers,35800,178000,79.9,8000,0,-27800,S,False,False,True
https://www.flannels.com/givenchy-track-shorts-430491#colcode=43049103,GIVENCHY Track Shorts,35800,178000,79.9,8000,0,-27800,S,False,False,True
https://www.flannels.com/db-double-breasted-freya-backpack-716834#colcode=71683404,DB Double Breasted Freya Backpack,6800,33800,79.9,0,0,0,?,False,False,True
https://www.flannels.com/boss-mens-h-joe-spread-long-sleeve-oxford-shirt-553006#colcode=55300601,Boss Men's H Joe Spread Long Sleeve Oxford Shirt,6800,33800,79.9,3500,0,-3300,S,False,False,True
https://www.flannels.com/boss-mens-p-hank-kent-long-sleeve-oxford-shirt-552752#colcode=55275218,Boss Men's P Hank Kent Long Sleeve Oxford Shirt,6800,33800,79.9,2500,0,-4300,S,False,False,True
https://www.flannels.com/boss-mens-lancione-long-sleeve-polo-544042#colcode=54404218,Boss Men's Lancione Long-Sleeve Polo,6800,33800,79.9,3500,0,-3300,S,False,False,True
https://www.flannels.com/boss-mens-musso-p-crew-sweatshirt-523197#colcode=52319728,Boss Men's Musso P Crew Sweatshirt,6800,33800,79.9,3500,0,-3300,S,False,False,True
https://www.flannels.com/boss-mens-musso-p-crew-sweatshirt-523197#colcode=52319716,Boss Men's Musso P Crew Sweatshirt,6800,33800,79.9,3500,0,-3300,S,False,False,True
https://www.flannels.com/boss-mens-musso-p-crew-sweatshirt-523197#colcode=52319709,Boss Men's Musso P Crew Sweatshirt,6800,33800,79.9,3500,0,-3300,S,False,False,True
https://www.flannels.com/boss-mens-musso-p-crew-sweatshirt-523197#colcode=52319701,Boss Men's Musso P Crew Sweatshirt,6800,33800,79.9,3500,0,-3300,S,False,False,True
https://www.flannels.com/boss-mens-c-perin-cargo-straight-leg-trousers-511713#colcode=51171369,Boss Men's C Perin Cargo Straight Leg Trousers,6800,33800,79.9,0,0,0,?,False,False,True
https://www.flannels.com/boss-mens-p-kaiton1-zipped-straight-leg-trousers-511650#colcode=51165018,Boss Men's P Kaiton1 Zipped Straight Leg Trousers,6800,33800,79.9,0,0,0,?,False,False,True
https://www.flannels.com/boss-mens-perin-straight-leg-trouser-511184#colcode=51118418,Boss Men's Perin Straight Leg Trouser,6800,33800,79.9,4500,0,-2300,S,False,False,True
https://www.flannels.com/boss-mens-c-perin-straight-trousers-511145#colcode=51114518,Boss Men's C-Perin Straight Trousers,6800,33800,79.9,0,0,0,?,False,False,True
https://www.flannels.com/boss-mens-p-perin-straight-trousers-511118#colcode=51111818,Boss Men's P-Perin Straight Trousers,6800,33800,79.9,0,0,0,?,False,False,True
https://www.flannels.com/dries-van-noten-mens-blunton-cotton-long-sleeve-blazer-615933#colcode=61593318,Dries Van Noten Men's Blunton Cotton Long Sleeve Blazer,33800,168000,79.9,18000,0,-15800,S,False,False,True
https://www.flannels.com/boss-mens-hbb-kato-sustainable-organic-cotton-trousers-514368#colcode=51436818,Boss Men's HBB Kato Sustainable Organic Cotton Trousers,6400,31800,79.9,0,0,0,?,False,False,True
https://www.flannels.com/boss-mens-kane-slim-fit-trousers-514063#colcode=51406305,Boss Men's Kane Slim Fit Trousers,6400,31800,79.9,0,0,0,?,False,False,True
https://www.flannels.com/boss-mens-kaito1-slim-fit-trousers-514053#colcode=51405318,Boss Men's Kaito1 Slim Fit Trousers,6400,31800,79.9,0,0,0,?,False,False,True
https://www.flannels.com/boss-mens-h-kane-straight-leg-trousers-511691#colcode=51169103,Boss Men's H Kane Straight Leg Trousers,6400,31800,79.9,0,0,0,?,False,False,True
https://www.flannels.com/boss-mens-h-genius-s-straight-leg-trousers-511669#colcode=51166919,Boss Men's H Genius S Straight Leg Trousers,6400,31800,79.9,3500,0,-2900,S,False,False,True
https://www.flannels.com/boss-mens-h-genius-s-straight-leg-trousers-511669#colcode=51166918,Boss Men's H Genius S Straight Leg Trousers,6400,31800,79.9,3500,0,-2900,S,False,False,True
https://www.flannels.com/boss-mens-h-genius-s-straight-leg-trousers-511669#colcode=51166902,Boss Men's H Genius S Straight Leg Trousers,6400,31800,79.9,3500,0,-2900,S,False,False,True
https://www.flannels.com/boss-mens-p-re-maine5-straight-leg-trouser-511627#colcode=51162718,Boss Men's P Re.Maine5 Straight Leg Trouser,6400,31800,79.9,0,0,0,?,False,False,True
https://www.flannels.com/hugo-mens-felix242-d-straight-leg-trousers-511571#colcode=51157101,Hugo Men's Felix242 D Straight Leg Trousers,6400,31800,79.9,0,0,0,?,False,False,True
https://www.flannels.com/boss-mens-h-genius-mm-straight-leg-trousers-510735#colcode=51073520,Boss Men's H Genius Mm Straight Leg Trousers,6400,31800,79.9,3500,0,-2900,S,False,False,True
https://www.flannels.com/boss-mens-h-genius-mm-straight-leg-trousers-510735#colcode=51073518,Boss Men's H Genius Mm Straight Leg Trousers,6400,31800,79.9,3500,0,-2900,S,False,False,True
https://www.flannels.com/boss-mens-h-genius-mm-straight-leg-trousers-510735#colcode=51073502,Boss Men's H Genius Mm Straight Leg Trousers,6400,31800,79.9,3500,0,-2900,S,False,False,True
https://www.flannels.com/boss-mens-hadiko-diamond-diamond-textured-closed-hem-jersey-joggers-480278#colcode=48027808,Boss Men's Hadiko Diamond Diamond-Textured Closed Hem Jersey Joggers,6400,31800,79.9,0,0,0,?,False,False,True
https://www.flannels.com/hugo-mens-closed-hem-fleece-joggers-480253#colcode=48025303,Hugo Men's Closed Hem Fleece Joggers,6400,31800,79.9,3500,3683,-2900,S,True,False,True
https://www.flannels.com/boss-mens-melba-p-knitted-top-330229#colcode=33022903,Boss Men's Melba P Knitted Top,6400,31800,79.9,3500,0,-2900,S,False,False,True
https://www.flannels.com/boss-mens-melba-p-knitted-top-330229#colcode=33022902,Boss Men's Melba P Knitted Top,6400,31800,79.9,3500,0,-2900,S,False,False,True
https://www.flannels.com/maison-margiela-mens-knitted-top-327558#colcode=32755818,Maison Margiela Men's Knitted Top,31800,158000,79.9,15000,61837,-16800,S,True,False,True
https://www.flannels.com/emporio-armani-bomber-jacket-335417#colcode=33541715,Emporio Armani Bomber Jacket,31800,157998,79.9,8000,0,-23800,S,False,False,True
https://www.flannels.com/off-white-mens-oversized-fit-cotton-short-sleeve-point-collar-shirt-556218#colcode=55621818,Off White Men's Oversized Fit Cotton Short Sleeve Point Collar Shirt,23800,118200,79.9,8000,0,-15800,S,False,False,True
https://www.flannels.com/off-white-mens--slim-fit-trousers-with-signature-paperclip-detail-514010#colcode=51401001,Off White Men's  Slim Fit Trousers with Signature Paperclip Detail,23800,118200,79.9,8000,0,-15800,S,False,False,True
https://www.flannels.com/emporio-armani-overshirt-334432#colcode=33443203,Emporio Armani Overshirt,29800,147998,79.9,6500,0,-23300,S,False,False,True
https://www.flannels.com/db-double-breasted-roamer-duffel-backpack-731167#colcode=73116718,DB Double Breasted Roamer Duffel Backpack,5600,27800,79.9,0,0,0,?,False,False,True
https://www.flannels.com/boss-mens-h-leon-tailored-fit-suit-trousers-579610#colcode=57961004,Boss Men's H Leon Tailored Fit Suit Trousers,5600,27800,79.9,0,0,0,?,False,False,True
https://www.flannels.com/boss-mens-h-genius-suit-trousers-579412#colcode=57941218,Boss Men's H-Genius Suit Trousers,5600,27800,79.9,0,0,0,?,False,False,True
https://www.flannels.com/boss-mens-black-cotton-slim-fit-trousers-579243#colcode=57924308,Boss Men's Black Cotton Slim Fit Trousers,5600,27800,79.9,3500,0,-2100,S,False,False,True
https://www.flannels.com/boss-mens-hbb-jasper-slim-fit-waistcoat-566050#colcode=56605002,Boss Men's HBB Jasper Slim-fit Waistcoat,5600,27800,79.9,0,0,0,?,False,False,True
https://www.flannels.com/boss-mens-hbb-hankkent-patterned-long-sleeve-shirt-551868#colcode=55186804,Boss Men's HBB HankKent Patterned Long-Sleeve Shirt,5600,27800,79.9,0,0,0,?,False,False,True
https://www.flannels.com/boss-mens-lightweight-short-sleeve-shirt-550356#colcode=55035615,Boss Men's Lightweight Short Sleeve Shirt,5600,27800,79.9,0,0,0,?,False,False,True
https://www.flannels.com/boss-mens-c-thompson-ps-short-sleeve-polo-shirt-542355#colcode=54235501,Boss Men's C Thompson Ps Short Sleeve Polo Shirt,5600,27800,79.9,3000,0,-2600,S,False,False,True
https://www.flannels.com/boss-mens-se-logoraw-short-sleeve-polo-shirt-542081#colcode=54208105,Boss Men's Se logoraw Short Sleeve Polo Shirt,5600,27800,79.9,3500,0,-2100,S,False,False,True
https://www.flannels.com/boss-mens-lamont-short-sleeve-polo-shirt-540575#colcode=54057518,Boss Men's Lamont Short Sleeve Polo Shirt,5600,27800,79.9,3500,0,-2100,S,False,False,True
https://www.flannels.com/boss-mens-hbg-commuter-slim-fit-trousers-514232#colcode=51423215,Boss Men's HBG Commuter-Slim Fit Trousers,5600,27800,79.9,0,0,0,?,False,False,True
https://www.flannels.com/boss-mens-kaito1--black-mid-rise-zip-fly-slim-fit-trousers-514113#colcode=51411303,Boss Men's Kaito1  Black Mid Rise Zip Fly Slim Fit Trousers,5600,27800,79.9,4500,0,-1100,S,False,False,True
https://www.flannels.com/boss-mens-randy243-straight-leg-trousers-511727#colcode=51172702,Hugo Men's Randy243 Straight Leg Trousers,5600,27800,79.9,0,0,0,?,False,False,True
https://www.flannels.com/boss-mens-straight-leg-trousers-511723#colcode=51172318,Boss Men's Straight Leg Trousers,5600,27800,79.9,0,0,0,?,False,False,True
https://www.flannels.com/boss-mens-kane-straight-leg-trousers-511166#colcode=51116618,Boss Men's Kane Straight Leg Trousers,5600,27800,79.9,0,0,0,?,False,False,True
https://www.flannels.com/boss-mens-leno-knit-jumper--soft-virgin-wool-323693#colcode=32369315,"Boss Men's Leno Knit Jumper, Soft Virgin Wool",5600,27800,79.9,8500,0,2900,S,False,False,True
https://www.flannels.com/emporio-armani-bomber-jacket-335415#colcode=33541569,Emporio Armani Bomber Jacket,27000,133998,79.9,8000,0,-19000,S,False,False,True
https://www.flannels.com/heron-preston-mens-hooded-insulated-short-puffer-jacket-600513#colcode=60051303,Heron Preston Men's Hooded Insulated Short Puffer Jacket,41800,207400,79.8,15000,0,-26800,S,False,False,True
https://www.flannels.com/boss-mens-hbb-chal-kent-patterned-short-sleeve-shirt-575872#colcode=57587201,Boss Men's HBB CHAL Kent Patterned Short-Sleeve Shirt,5200,25800,79.8,0,0,0,?,False,False,True
https://www.flannels.com/hugo-mens-s-tailored-waistcoat-566003#colcode=56600318,Hugo Men's 's Tailored Waistcoat,5200,25800,79.8,0,0,0,?,False,False,True
https://www.flannels.com/boss-mens-c-thompson-t-shirt--luxurious-soft-fabric-527410#colcode=52741018,"Boss Men's C-Thompson T-Shirt, Luxurious Soft Fabric",5200,25800,79.8,3500,0,-1700,S,False,False,True
https://www.flannels.com/boss-mens-kaito1-slim-fit-trousers-514047#colcode=51404719,Boss Men's Kaito1 Slim Fit Trousers,5200,25800,79.8,0,4951,0,?,True,False,True
https://www.flannels.com/ambush-nylon-track-pants-511127#colcode=51112703,Ambush Men's Closed Hem Poly Joggers,15600,77400,79.8,8000,0,-7600,S,False,False,True
https://www.flannels.com/boss-mens-sliceshort-chino-shorts-478205#colcode=47820518,Boss Men's Sliceshort Chino Shorts,5200,25800,79.8,3500,0,-1700,S,False,False,True
https://www.flannels.com/off-white-andy-sun-square-sunglasses-758413#colcode=75841399,Off White Andy Sun Square Sunglasses,10000,49600,79.8,8000,0,-2000,S,False,False,True
https://www.flannels.com/off-white-post-archive-faction-t-shirt-337015#colcode=33701501,Off White Post Archive Faction T-Shirt,20000,99198,79.8,8000,0,-12000,S,False,False,True
https://www.flannels.com/dsquared2-neo-icon-trousers-670959#colcode=67095903,DSquared2 Neo Icon Trousers,29000,143800,79.8,8500,0,-20500,S,False,False,True
https://www.flannels.com/off-white-mens-arrow-face-mask-701579#colcode=70157903,Off White Men's Arrow Face Mask,4800,23800,79.8,8000,0,3200,S,False,False,True
https://www.flannels.com/boss-mens-h-genius-mmc224-tailored-suit-trousers-579404#colcode=57940418,Boss Men's H-Genius-MMC224 Tailored Suit Trousers,4800,23800,79.8,0,0,0,?,False,False,True
https://www.flannels.com/boss-mens-p-hank-s-kent-long-sleeve-oxford-shirt-552494#colcode=55249418,Boss Men's P Hank S Kent Long Sleeve Oxford Shirt,4800,23800,79.8,3500,2728,-1300,S,True,False,True
https://www.flannels.com/boss-mens-c-thompson-short-sleeve-polo-shirt-542336#colcode=54233619,Boss Men's C Thompson Short Sleeve Polo Shirt,4800,23800,79.8,3500,0,-1300,S,False,False,True
https://www.flannels.com/boss-mens-c-thompson-short-sleeve-polo-shirt-542336#colcode=54233618,Boss Men's C Thompson Short Sleeve Polo Shirt,4800,23800,79.8,3500,0,-1300,S,False,False,True
https://www.flannels.com/boss-mens-hadiko-short-sleeve-polo-shirt-542079#colcode=54207918,Boss Men's Hadiko Short-Sleeve Polo Shirt,4800,23800,79.8,3500,0,-1300,S,False,False,True
https://www.flannels.com/boss-mens-hadiko-short-sleeve-polo-shirt-542079#colcode=54207904,Boss Men's Hadiko Short-Sleeve Polo Shirt,4800,23800,79.8,3500,0,-1300,S,False,False,True
https://www.flannels.com/boss-mens-rice1-d-straight-leg-trousers-510659#colcode=51065904,Boss Men's Rice1 D Straight Leg Trousers,4800,23800,79.8,3500,0,-1300,S,False,False,True
https://www.flannels.com/boss-mens-crigan2-d-straight-leg-trousers-510633#colcode=51063318,Boss Men's Crigan2 D Straight Leg Trousers,4800,23800,79.8,0,0,0,?,False,False,True
https://www.flannels.com/hugo-dajama-joggers-483343#colcode=48334304,Hugo Dajama Joggers,4800,23800,79.8,0,0,0,?,False,False,True
https://www.flannels.com/boss-mens-karlos-ds-jersey-fabric-shorts-472299#colcode=47229918,Boss Men's Karlos-Ds Jersey Fabric Shorts,4800,23800,79.8,3500,0,-1300,S,False,False,True
https://www.flannels.com/boss-x-russell-athletic-neck-pouch-409488#colcode=40948808,Boss x Russell Athletic Neck Pouch,4800,23798,79.8,0,0,0,?,False,False,True
https://www.flannels.com/boss-x-russell-athletic-neck-pouch-408748#colcode=40874818,Boss x Russell Athletic Neck Pouch,4800,23798,79.8,0,0,0,?,False,False,True
https://www.flannels.com/boss-floggy-scarf-407945#colcode=40794512,Boss Floggy Scarf,4800,23798,79.8,0,0,0,?,False,False,True
https://www.flannels.com/off-white-makeup-mirror-711039#colcode=71103969,Off White Makeup Mirror,18000,89200,79.8,0,0,0,?,False,False,True
https://www.flannels.com/off-white-mens-knitted-crew-sweatshirt-520035#colcode=52003599,Off White Men's Knitted Crew Sweatshirt,18000,89200,79.8,8000,0,-10000,S,False,False,True
https://www.flannels.com/off-white-mens-closed-cuff-fleece-tapered-joggers-482530#colcode=48253001,Off White Men's Closed Cuff Fleece Tapered Joggers,21800,108000,79.8,8000,0,-13800,S,False,False,True
https://www.flannels.com/marcelo-burlon-paisley-swimming-shorts-317387#colcode=31738708,Marcelo Burlon Paisley Swimming Shorts,8398,41598,79.8,8000,0,-398,S,False,False,True
https://www.flannels.com/boss-mens-gioli-fleece-gloves-991707#colcode=99170703,Boss Men's Gioli Fleece Gloves,4000,19800,79.8,3500,0,-500,S,False,False,True
https://www.flannels.com/off-white-amalfi-sun-sunglasses-758429#colcode=75842999,Off White Amalfi Sun Sunglasses,8000,39600,79.8,0,0,0,?,False,False,True
https://www.flannels.com/off-white-mens-skate-crewneck-sweatshirt-523085#colcode=52308515,Off White Men's Skate Crewneck Sweatshirt,20000,99000,79.8,8000,0,-12000,S,False,False,True
https://www.flannels.com/lacoste-fleece-tracksuit-bottoms-481751#colcode=48175169,Lacoste Fleece Tracksuit Bottoms,4000,19800,79.8,2500,0,-1500,S,False,False,True
https://www.flannels.com/boss-mens-cashmere-crew-socks-430803#colcode=43080304,Boss Men's Cashmere Crew Socks,4000,19800,79.8,2500,0,-1500,S,False,False,True
https://www.flannels.com/boss-mens-titanium-r-rubber-water-friendly-pool-sliders-124022#colcode=12402208,Boss Men's Titanium-R Rubber Water-Friendly Pool Sliders,4000,19800,79.8,0,0,0,?,False,False,True
https://www.flannels.com/off-white-wave-off-raw-slim-t-shirt-337032#colcode=33703201,Off White Wave Off Raw Slim T-Shirt,16000,79198,79.8,3500,0,-12500,S,False,False,True
https://www.flannels.com/emporio-armani-jacket-334472#colcode=33447218,Emporio Armani Jacket,19000,93998,79.8,8000,0,-11000,S,False,False,True
https://www.flannels.com/off-white-mens-skate-crewneck-sweatshirt-522614#colcode=52261403,Off White Men's Skate Crewneck Sweatshirt,21800,107800,79.8,8000,0,-13800,S,False,False,True
https://www.flannels.com/off-white-mens-cornly-diag-crew-sweatshirt-522510#colcode=52251003,Off White Men's Cornly Diag Crew Sweatshirt,21800,107800,79.8,18000,0,-3800,S,False,False,True
https://www.flannels.com/off-white-mens-skate-crew-sweatshirt-522160#colcode=52216001,Off White Men's Skate Crew Sweatshirt,21800,107800,79.8,8000,0,-13800,S,False,False,True
https://www.flannels.com/boss-mens-hainz-me-fleece-gloves-990994#colcode=99099405,Boss Men's Hainz Me Fleece Gloves,3600,17800,79.8,0,0,0,?,False,False,True
https://www.flannels.com/missoni-mens-chevron-straight-leg-trousers-510667#colcode=51066799,Missoni Men's Chevron Straight Leg Trousers,17000,84000,79.8,8000,0,-9000,S,False,False,True
https://www.flannels.com/boss-mens-albas-midweight-scarf-902056#colcode=90205618,Boss Men's Albas Midweight Scarf,3200,15800,79.7,3500,0,300,S,False,False,True
https://www.flannels.com/boss-mens-albas-midweight-scarf-902056#colcode=90205601,Boss Men's Albas Midweight Scarf,3200,15800,79.7,3500,0,300,S,False,False,True
https://www.flannels.com/marine-serre-graphic-regen-t-shirt-598727#colcode=59872703,Marine Serre Graphic Regen T-Shirt,16000,79000,79.7,3500,0,-12500,S,False,False,True
https://www.flannels.com/mki-miyuki-zoku-sherpa-hoodie-533346#colcode=53334602,MKI MIYUKI ZOKU Sherpa Hoodie,3200,15800,79.7,8500,1650,5300,S,True,False,True
https://www.flannels.com/off-white-mens-arrow-fleece-closed-hem-joggers-482613#colcode=48261315,Off White Men's Arrow Fleece Closed Hem Joggers,16000,79000,79.7,8000,0,-8000,S,False,False,True
https://www.flannels.com/off-white-mens-arrow-fleece-closed-hem-joggers-482613#colcode=48261301,Off White Men's Arrow Fleece Closed Hem Joggers,16000,79000,79.7,8000,0,-8000,S,False,False,True
https://www.flannels.com/off-white-mens-closed-hem-fleece-joggers-482611#colcode=48261102,Off White Men's Closed Hem Fleece Joggers,16000,79000,79.7,12000,0,-4000,S,False,False,True
https://www.flannels.com/boss-mens-bay-logo-sliders--branding-strap-sandals-220462#colcode=22046219,"Boss Men's Bay Logo Sliders, Branding Strap Sandals",3200,15800,79.7,0,0,0,?,False,False,True
https://www.flannels.com/boss-mens-bay-logo-sliders--branding-strap-sandals-220462#colcode=22046203,"Boss Men's Bay Logo Sliders, Branding Strap Sandals",3200,15800,79.7,0,0,0,?,False,False,True
https://www.flannels.com/vivienne-westwood-sang-trousers-349548#colcode=34954818,Vivienne Westwood Sang Trousers,31800,157000,79.7,8500,0,-23300,S,False,False,True
https://www.flannels.com/rains-mens-weather-resistant-short-puffer-jacket-612636#colcode=61263602,Rains Men's Weather-Resistant Short Puffer Jacket,19000,93800,79.7,8000,10230,-11000,S,True,False,True
https://www.flannels.com/off-white-mens---oversized-overshirt-603525#colcode=60352599,Off White Men's - Oversized Overshirt,43800,216000,79.7,8000,0,-35800,S,False,False,True
https://www.flannels.com/off-white-mens---oversized-overshirt-603525#colcode=60352569,Off White Men's - Oversized Overshirt,43800,216000,79.7,8000,0,-35800,S,False,False,True
https://www.flannels.com/off-white-mens---overshirt-603521#colcode=60352199,Off White Men's - Overshirt,43800,216000,79.7,8500,0,-35300,S,False,False,True
https://www.flannels.com/off-white-mens---overshirt-603521#colcode=60352169,Off White Men's - Overshirt,43800,216000,79.7,8500,0,-35300,S,False,False,True
https://www.flannels.com/off-white-mens---technical-weather-resistant-field-jacket-603070#colcode=60307099,Off White Men's - Technical Weather Resistant Field Jacket,43800,216000,79.7,18000,0,-25800,S,True,False,True
https://www.flannels.com/boss-mens-h-hutson-formal-jacket-326308#colcode=32630805,Boss Men's H Hutson Formal Jacket,17400,85800,79.7,8500,0,-8900,S,False,False,True
https://www.flannels.com/boss-mens-ryan-cyl-slim-fit-wool-suit-jacket-527163#colcode=52716303,Boss Men's Ryan Cyl Slim Fit Wool Suit Jacket,17000,83800,79.7,8000,0,-9000,S,False,False,True
https://www.flannels.com/boss-mens-cyl-blazer--premium-virgin-wool-527162#colcode=52716203,"Boss Men's Cyl Blazer, Premium Virgin Wool",17000,83800,79.7,8000,0,-9000,S,False,False,True
https://www.flannels.com/boss-mens-h-tie-6cm-slim-tie-756002#colcode=75600269,Boss Men's H-Tie 6cm Slim Tie,2800,13800,79.7,2500,0,-300,S,False,False,True
https://www.flannels.com/off-white-makeup-mirror-710484#colcode=71048410,Off White Makeup Mirror,8400,41400,79.7,0,0,0,?,False,False,True
https://www.flannels.com/off-white-reading-glasses-707821#colcode=70782169,Off White Reading Glasses,8400,41400,79.7,0,0,0,?,False,False,True
https://www.flannels.com/off-white-reading-glasses-707634#colcode=70763469,Off White Reading Glasses,8400,41400,79.7,0,0,0,?,False,False,True
https://www.flannels.com/off-white-style-sun-reading-glasses-707017#colcode=70701718,Off White Style Sun Reading Glasses,8400,41400,79.7,0,0,0,?,False,False,True
https://www.flannels.com/off-white-style-sun-reading-glasses-706873#colcode=70687318,Off White Style Sun Reading Glasses,8400,41400,79.7,0,0,0,?,False,False,True
https://www.flannels.com/off-white-optical-s-reading-glasses-706585#colcode=70658518,Off White Optical S Reading Glasses,8400,41400,79.7,0,0,0,?,False,False,True
https://www.flannels.com/off-white-reading-glasses-706539#colcode=70653999,Off White Reading Glasses,8400,41400,79.7,0,0,0,?,False,False,True
https://www.flannels.com/cole-buxton-mens-wool-long-sleeve-bomber-jacket-602565#colcode=60256518,Cole Buxton Men's Wool Long Sleeve Bomber Jacket,13000,64000,79.7,12000,0,-1000,S,False,False,True
https://www.flannels.com/barena-mens-visal-linen-long-sleeve-overshirt-614360#colcode=61436004,Barena Men's Visal Linen Long Sleeve Overshirt,25800,127000,79.7,8500,0,-17300,S,False,False,True
https://www.flannels.com/vivienne-westwood-football-shirt-552915#colcode=55291501,Vivienne Westwood Football Shirt,25800,127000,79.7,0,0,0,?,False,False,True
https://www.flannels.com/gbadebo-two-tone-hoodie-554407#colcode=55440702,Gbadebo Two Tone Hoodie,15000,73800,79.7,0,0,0,?,False,False,True
https://www.flannels.com/heron-preston-graphic-hoodie-535787#colcode=53578703,Heron Preston Graphic Hoodie,15000,73800,79.7,8000,0,-7000,S,False,False,True
https://www.flannels.com/aerin-classic-croc-magazine-rack-862920#colcode=86292001,AERIN Classic Croc Magazine Rack,43800,215400,79.7,0,0,0,?,False,False,True
https://www.flannels.com/db-freya-double-breasted-cross-body-bag-713809#colcode=71380915,DB Freya Double Breasted Cross Body Bag,2400,11800,79.7,0,0,0,?,False,False,True
https://www.flannels.com/pal-zileri-mens--lightweight-weather-resistant-softshell-jacket-608042#colcode=60804218,Pal Zileri Men's  Lightweight Weather Resistant Softshell Jacket,12000,59000,79.7,8000,0,-4000,S,False,False,True
https://www.flannels.com/boss-mens-teebo-regular-fit-t-shirt-595506#colcode=59550601,Boss Men's Teebo Regular Fit T-Shirt,2400,11800,79.7,2500,0,100,S,False,False,True
https://www.flannels.com/comme-des-garcons-shirt-x-salomon-phantasm-platform-trainers-105302#colcode=10530201,Comme des Garcons Shirt X Salomon Phantasm Platform Trainers,12000,59000,79.7,18000,0,6000,S,False,False,True
https://www.flannels.com/off-white-mens-tailored-fit-chinos-518198#colcode=51819869,Off White Men's Tailored Fit Chinos,23000,113000,79.6,8500,0,-14500,S,False,False,True
https://www.flannels.com/off-white-mens-carpenter-cargo-pocket-straight-leg-trousers-510190#colcode=51019003,Off White Men's Carpenter Cargo Pocket Straight Leg Trousers,23000,113000,79.6,8000,0,-15000,S,False,False,True
https://www.flannels.com/off-white-dice-set-711099#colcode=71109999,Off White Dice Set,6800,33400,79.6,0,0,0,?,False,False,True
https://www.flannels.com/off-white-mens-closed-hem-fleece-jogging-bottoms-482565#colcode=48256503,Off White Men's Closed Hem Fleece Jogging Bottoms,33800,166000,79.6,8000,0,-25800,S,False,False,True
https://www.flannels.com/boss-mens-h-hutson-bib-formal-335814#colcode=33581402,Boss Men's H Hutson Bib Formal,22200,109000,79.6,0,0,0,?,False,False,True
https://www.flannels.com/off-white-mens-crpntr-cotton-cargo-trousers-518038#colcode=51803803,Off White Men's Crpntr Cotton Cargo Trousers,31000,152200,79.6,8000,0,-23000,S,False,False,True
https://www.flannels.com/off-white-hair-brushes-941875#colcode=94187599,Off White Hair Brushes,4400,21600,79.6,0,0,0,?,False,False,True
https://www.flannels.com/off-white-hair-brushes-941874#colcode=94187413,Off White Hair Brushes,4400,21600,79.6,0,0,0,?,False,False,True
https://www.flannels.com/off-white-hair-brush-941873#colcode=94187313,Off White Hair Brush,6600,32400,79.6,0,0,0,?,False,False,True
https://www.flannels.com/off-white-mens-skate-long-sleeve-t-shirt-595019#colcode=59501901,Off White Men's Skate Long Sleeve T-Shirt,11000,54000,79.6,8000,0,-3000,S,False,False,True
https://www.flannels.com/off-white-mens---skate-long-sleeve-t-shirt-595017#colcode=59501702,Off White Men's - Skate Long Sleeve T-Shirt,11000,54000,79.6,8000,0,-3000,S,False,False,True
https://www.flannels.com/fear-of-god-essentials-mens-cable-knit-jumper-333806#colcode=33380603,Fear Of God Essentials Men's Cable Knit Jumper,8800,43200,79.6,8000,6148,-800,S,True,False,True
https://www.flannels.com/marcelo-burlon-wings-crewneck-sweater-522152#colcode=52215203,Marcelo Burlon Men's Wings Crewneck Sweatshirt,13000,63800,79.6,8000,5115,-5000,S,True,False,True
https://www.flannels.com/boss-mens-miracolo-crew-neck-jumper-331658#colcode=33165803,Boss Men's Miracolo Crew Neck Jumper,13000,63800,79.6,3500,0,-9500,S,False,False,True
https://www.flannels.com/moschino-mens-denim-structured-fit-jacket-600634#colcode=60063418,Moschino Men's Denim Structured Fit Jacket,43000,211000,79.6,8000,0,-35000,S,False,False,True
https://www.flannels.com/off-white-mens-exact-skate-short-sleeve-t-shirt-591804#colcode=59180424,Off White Men's Exact Skate Short Sleeve T-Shirt,21000,103000,79.6,8000,0,-13000,S,False,False,True
https://www.flannels.com/boss-mens-h-emalvo-knitted-top-335782#colcode=33578201,Boss Men's H Emalvo Knitted Top,15480,75800,79.6,0,0,0,?,False,False,True
https://www.flannels.com/off-white-mens-relaxed-fit-overshirt-603563#colcode=60356301,Off White Men's Relaxed Fit Overshirt,29000,142000,79.6,12000,0,-17000,S,False,False,True
https://www.flannels.com/fear-of-god-mens-car-coat-trench-coat-604640#colcode=60464003,Fear Of God Men's Car Coat Trench Coat,9400,46000,79.6,0,0,0,?,False,False,True
https://www.flannels.com/off-white-mens-diag-relax-straight-leg-jeans-644013#colcode=64401303,Off White Men's Diag Relax Straight Leg Jeans,29800,145800,79.6,18000,0,-11800,S,False,False,True
https://www.flannels.com/boss-mens-lompoc-bc-jeans-644507#colcode=64450718,Boss Men's Lompoc Bc Jeans,11000,53800,79.6,3500,0,-7500,S,False,False,True
https://www.flannels.com/richard-james-rivulet-tuxedo-jacket-522936#colcode=52293603,Richard James Rivulet Tuxedo Jacket,11000,53800,79.6,0,0,0,?,False,False,True
https://www.flannels.com/boss-mens-h-jasper-mm-c-formal-jacket-324331#colcode=32433118,Boss Men's H Jasper Mm C Formal Jacket,11000,53800,79.6,8000,0,-3000,S,False,False,True
https://www.flannels.com/heron-preston-fabric-sliders-222451#colcode=22245140,Heron Preston Fabric Sliders,5400,26400,79.5,8500,0,3100,S,False,False,True
https://www.flannels.com/yeezy-mens-700-mnvn-sustainability-sneakers-116912#colcode=11691227,Yeezy Men's 700 Mnvn Sustainability Sneakers,9000,44000,79.5,12000,0,3000,S,False,False,True
https://www.flannels.com/paul-and-shark-mens-fin-long-sleeve-plain-shirt-575800#colcode=57580003,Paul And Shark Men's Fin Long Sleeve Plain Shirt,12400,60600,79.5,3500,0,-8900,S,False,False,True
https://www.flannels.com/off-white-reading-glasses-706529#colcode=70652918,Off White Reading Glasses,7000,34200,79.5,0,0,0,?,False,False,True
https://www.flannels.com/off-white-hexnut-pen-412051#colcode=41205115,Off White Hexnut Pen,7000,34200,79.5,0,0,0,?,False,False,True
https://www.flannels.com/off-white-hexnut-pen-410796#colcode=41079618,Off White Hexnut Pen,7000,34200,79.5,0,0,0,?,False,False,True
https://www.flannels.com/off-white-hexnut-pen-410738#colcode=41073824,Off White Hexnut Pen,7000,34200,79.5,0,0,0,?,False,False,True
https://www.flannels.com/off-white-hexnut-pen-410731#colcode=41073108,Off White Hexnut Pen,7000,34200,79.5,0,0,0,?,False,False,True
https://www.flannels.com/off-white-off-mirror-99-721261#colcode=72126169,Off White Makeup Mirror,17000,83000,79.5,0,0,0,?,False,False,True
https://www.flannels.com/replay-mens-service-overshirt-601648#colcode=60164818,Replay Men's Service Overshirt,8400,41000,79.5,8500,0,100,S,False,False,True
https://www.flannels.com/boss-mens-t-lorenzo-fleece-jogger-shorts-472267#colcode=47226701,Boss Men's T Lorenzo Fleece Jogger Shorts,17600,85800,79.5,3500,0,-14100,S,False,False,True
https://www.flannels.com/boss-mens-p-hanry-formal-jacket-335794#colcode=33579403,Boss Men's P Hanry Formal Jacket,17600,85800,79.5,8000,0,-9600,S,False,False,True
https://www.flannels.com/boss-mens-formal-335734#colcode=33573403,Boss Men's Formal,17600,85800,79.5,0,0,0,?,False,False,True
https://www.flannels.com/boss-mens-p-hanry-flaps-wg-formal-jacket-335719#colcode=33571915,Boss Men's P Hanry Flaps Wg Formal Jacket,17600,85800,79.5,0,0,0,?,False,False,True
https://www.flannels.com/boss-mens-jaye-formal-jacket-324937#colcode=32493711,Boss Men's Jaye Formal Jacket,17600,85800,79.5,8000,0,-9600,S,False,False,True
https://www.flannels.com/boss-mens-c-hanry-junior-formal-jacket-324332#colcode=32433211,Boss Men's C Hanry Junior Formal Jacket,17600,85800,79.5,0,0,0,?,False,False,True
https://www.flannels.com/off-white-mens-stitch-short-sleeve-contrast-stitch-t-shirt-618756#colcode=61875603,Off White Men's Stitch Short Sleeve Contrast Stitch T-Shirt,23800,116000,79.5,8000,0,-15800,S,False,False,True
https://www.flannels.com/off-white-mens-industrial-multi-pocket-cargo-trousers-518195#colcode=51819503,Off White Men's Industrial Multi Pocket Cargo Trousers,23800,116000,79.5,8500,0,-15300,S,False,False,True
https://www.flannels.com/off-white-mens-relaxed-fit-cargo-trousers-518194#colcode=51819403,Off White Men's Relaxed Fit Cargo Trousers,23800,116000,79.5,8000,0,-15800,S,False,False,True
https://www.flannels.com/off-white-mens-bandana-relaxed-fit-chino-shorts-316218#colcode=31621899,Off White Men's Bandana Relaxed Fit Chino Shorts,23800,116000,79.5,8500,0,-15300,S,False,False,True
https://www.flannels.com/off-white-mens-bandana-relaxed-fit-chino-shorts-316218#colcode=31621818,Off White Men's Bandana Relaxed Fit Chino Shorts,23800,116000,79.5,8500,0,-15300,S,False,False,True
https://www.flannels.com/boss-mens-p-lamont-short-sleeve-polo-shirt-542590#colcode=54259018,Boss Men's P Lamont Short Sleeve Polo Shirt,9400,45800,79.5,3500,0,-5900,S,False,False,True
https://www.flannels.com/boss-mens-wenten-b-straight-leg-trousers-511854#colcode=51185402,Boss Men's Wenten B Straight Leg Trousers,9400,45800,79.5,0,0,0,?,False,False,True
https://www.flannels.com/boss-mens-h-wenten-straight-leg-trousers-511805#colcode=51180502,Boss Men's H Wenten Straight Leg Trousers,9400,45800,79.5,3500,0,-5900,S,False,False,True
https://www.flannels.com/boss-mens-h-beduardo-knitted-regular-fit-crew-neck-jumper-333797#colcode=33379702,Boss Men's H-Beduardo Knitted Regular Fit Crew Neck Jumper,9400,45800,79.5,3500,0,-5900,S,False,False,True
https://www.flannels.com/boss-mens-p-perin-plt-wg-tailored-trousers-331597#colcode=33159718,Boss Men's P Perin Plt Wg Tailored Trousers,9400,45800,79.5,0,0,0,?,False,False,True
https://www.flannels.com/boss-mens-huge-formal-vest-322807#colcode=32280703,Boss Men's Huge Formal Vest,9400,45800,79.5,0,0,0,?,False,False,True
https://www.flannels.com/boss-mens-huge-formal-vest-322807#colcode=32280702,Boss Men's Huge Formal Vest,9400,45800,79.5,0,0,0,?,False,False,True
https://www.flannels.com/lacoste-mens--lightweight-quilted-gilet-601581#colcode=60158112,Lacoste Men's  Lightweight Quilted Gilet,15600,76000,79.5,3500,0,-12100,S,False,False,True
https://www.flannels.com/boss-mens--crigan-straight-fit-trousers-510941#colcode=51094118,Boss Men's  Crigan Straight Fit Trousers,5300,25800,79.5,0,0,0,?,False,False,True
https://www.flannels.com/off-white-mens-diag-skate-pull-over-hoodie-532975#colcode=53297503,Off White Men's Diag Skate Pull Over Hoodie,23800,115800,79.4,18000,0,-5800,S,False,False,True
https://www.flannels.com/tommy-hilfiger-mens--long-sleeve-zip-overshirt-610986#colcode=61098618,Tommy Hilfiger Men's  Long Sleeve Zip Overshirt,7400,36000,79.4,3500,0,-3900,S,False,False,True
https://www.flannels.com/calvin-klein-mens--lifestyle-cotton-long-sleeve-overshirt-606858#colcode=60685803,Calvin Klein Men's  Lifestyle Cotton Long Sleeve Overshirt,7400,36000,79.4,3500,0,-3900,S,False,False,True
https://www.flannels.com/represent-mens-structured-utility-overshirt-604790#colcode=60479018,Represent Men's Structured Utility Overshirt,7400,36000,79.4,0,0,0,?,False,False,True
https://www.flannels.com/represent-mens-structured-utility-overshirt-604790#colcode=60479013,Represent Men's Structured Utility Overshirt,7400,36000,79.4,0,0,0,?,False,False,True
https://www.flannels.com/aries-column-sweatshirt-523308#colcode=52330803,Aries Column Sweatshirt,7400,36000,79.4,8000,6261,600,S,True,False,True
https://www.flannels.com/boss-mens-l-overo-crew-neck-jumper-331582#colcode=33158205,Boss Men's L Overo Crew Neck Jumper,15600,75800,79.4,3500,0,-12100,S,False,False,True
https://www.flannels.com/boss-mens-huge-formal-jacket-326071#colcode=32607103,Boss Men's Huge Formal Jacket,15600,75800,79.4,0,0,0,?,False,False,True
https://www.flannels.com/off-white-mens-t-shirt-591980#colcode=59198004,Off White Men's T-Shirt,13600,66000,79.4,8000,4111,-5600,S,True,False,True
https://www.flannels.com/off-white-mens-mask-758534#colcode=75853499,Off White Men's Mask,5200,25200,79.4,0,0,0,?,False,False,True
https://www.flannels.com/off-white-mens-arrows-mask-758528#colcode=75852899,Off White Men's Arrows Mask,5200,25200,79.4,12000,0,6800,S,False,False,True
https://www.flannels.com/off-white-pillows-758518#colcode=75851899,Off White Pillows,13000,63000,79.4,0,0,0,?,False,False,True
https://www.flannels.com/off-white-nashville-sung-square-sunglasses-758427#colcode=75842705,Off White Nashville Sung Square Sunglasses,10400,50400,79.4,0,0,0,?,False,False,True
https://www.flannels.com/off-white-nashville-sung-square-sunglasses-758426#colcode=75842699,Off White Nashville Sung Square Sunglasses,10400,50400,79.4,0,0,0,?,False,False,True
https://www.flannels.com/off-white-mens-swim-shorts-350772#colcode=35077299,Off White Men's Swim Shorts,13000,63000,79.4,12000,0,-1000,S,False,False,True
https://www.flannels.com/fear-of-god-essentials-mens-closed-hem-tracksuit-joggers-670180#colcode=67018003,Fear Of God Essentials Mens Closed Hem Tracksuit Joggers,6400,31000,79.4,8000,0,1600,S,False,False,True
https://www.flannels.com/fear-of-god-essentials-mens-closed-hem-tracksuit-joggers-670180#colcode=67018002,Fear Of God Essentials Mens Closed Hem Tracksuit Joggers,6400,31000,79.4,8000,0,1600,S,False,False,True
https://www.flannels.com/lacoste-sf7606-zp-hd-sn99-532607#colcode=53260799,Lacoste Men's Zip Hoodie,6400,31000,79.4,3500,0,-2900,S,False,False,True
https://www.flannels.com/off-white-mens-quick-dry-mesh-lined-swim-shorts-351262#colcode=35126299,Off White Men's Quick-Dry Mesh Lined Swim Shorts,6400,31000,79.4,8000,6002,1600,S,True,False,True
https://www.flannels.com/new-balance-nb-650-mens-117262#colcode=11726204,New Balance NB 650 Mens,6400,31000,79.4,4500,0,-1900,S,False,False,True
https://www.flannels.com/new-balance-nb-650-mens-117262#colcode=11726202,New Balance NB 650 Mens,6400,31000,79.4,4500,0,-1900,S,False,False,True
https://www.flannels.com/boss-mens-genius-tux-cotton-slim-fit-suit-trousers-579230#colcode=57923008,Boss Men's Genius Tux Cotton Slim Fit Suit Trousers,7400,35800,79.3,0,0,0,?,False,False,True
https://www.flannels.com/boss-mens-h-genius-slim-fit-trousers-514061#colcode=51406102,Boss Men's H Genius Slim Fit Trousers,7400,35800,79.3,3500,0,-3900,S,False,False,True
https://www.flannels.com/boss-mens-h-genius-dtl-straight-leg-trousers-511745#colcode=51174518,Boss Men's H Genius Dtl Straight Leg Trousers,7400,35800,79.3,4500,0,-2900,S,False,False,True
https://www.flannels.com/boss-mens-hadicomfort-closed-hem-fleece-joggers-480262#colcode=48026201,Boss Men's Hadicomfort Closed Hem Fleece Joggers,7400,35800,79.3,3500,0,-3900,S,False,False,True
https://www.flannels.com/boss-mens--ossio-sweater-vest-331491#colcode=33149104,Boss Men's  Ossio Sweater Vest,7400,35800,79.3,8000,0,600,S,False,False,True
https://www.flannels.com/cp-company-cp-company-shirts-long-sleeve-550108#colcode=55010801,CP Company Cp Company Shirts - Long Sleeve,11600,56000,79.3,4500,0,-7100,S,False,False,True
https://www.flannels.com/adidas-athletics-half-sn99-331187#colcode=33118702,adidas Men's Quarter-Zip Fleece,11600,56000,79.3,3500,0,-8100,S,False,False,True
https://www.flannels.com/barena-mens-borgo-long-sleeve-harrington-jacket-614356#colcode=61435624,Barena Men's Borgo Long Sleeve Harrington Jacket,23000,111000,79.3,12000,0,-11000,S,False,False,True
https://www.flannels.com/off-white-mens-neen-graffiti-long-sleeve-shirt-550273#colcode=55027399,Off White Men's Neen Graffiti Long Sleeve Shirt,21000,101200,79.2,8000,0,-13000,S,False,False,True
https://www.flannels.com/law-flames-hoodie-515360#colcode=51536003,Heron Preston Men's Law Flames Hoodie,21000,101200,79.2,8000,0,-13000,S,False,False,True
https://www.flannels.com/billionaire-boys-club-mens-parachute-relaxed-fit-cargo-trousers-518054#colcode=51805415,Billionaire Boys Club Men's Parachute Relaxed Fit Cargo Trousers,11000,53000,79.2,8000,0,-3000,S,False,False,True
https://www.flannels.com/represent-mens-pull-on-platform-chelsea-boots-111546#colcode=11154603,Represent Men's Pull-On Platform Chelsea Boots,11000,53000,79.2,8000,14663,-3000,S,True,False,True
https://www.flannels.com/ted-baker-mens-formal-crew-socks-413715#colcode=41371504,Ted Baker Men's Formal Crew Socks,1000,4800,79.2,1500,714,500,S,True,False,True
https://www.flannels.com/off-white-mens-arrow-mask-758530#colcode=75853099,Off White Men's Arrow Mask,4400,21000,79.0,0,0,0,?,False,False,True
https://www.flannels.com/fear-of-god-essentials-unisex-adults-ls-tee-oversized-fit-t-shirt-597149#colcode=59714905,Fear Of God Essentials Unisex Adults Ls Tee Oversized Fit T-Shirt,3400,16200,79.0,3500,0,100,S,False,False,True
https://www.flannels.com/yeezy-mens-450-sock-style-ankle-sneakers-110548#colcode=11054813,Yeezy Men's 450 Sock-style Ankle Sneakers,9000,42000,78.6,15000,0,6000,S,False,False,True
https://www.flannels.com/off-white-mens-logo-skate-pull-over-hoodie-532979#colcode=53297901,Off White Men's Logo Skate Pull Over Hoodie,25000,115800,78.4,8500,0,-16500,S,False,False,True
https://www.flannels.com/daily-paper-circle-hoodie-532818#colcode=53281815,Daily Paper Circle Hoodie,4900,22000,77.7,8000,0,3100,S,False,False,True
https://www.flannels.com/adidas-mens-athletic-weather-resistant-overcoat-603693#colcode=60369369,adidas Men's Athletic Weather-Resistant Overcoat,22300,100000,77.7,0,0,0,?,False,False,True
https://www.flannels.com/hugo-mens-boss-red-bull-f1-short-sleeve-polo-shirt-2025-540671#colcode=54067101,Hugo Mens BOSS Red Bull F1 Short Sleeve Polo Shirt (2025),4000,17800,77.5,8500,0,4500,S,False,False,True
https://www.flannels.com/hugo-mens-jonah-slim-fit-jeans-644618#colcode=64461815,Hugo Men's Jonah Slim Fit Jeans,5800,25800,77.5,4500,0,-1300,S,False,False,True
https://www.flannels.com/boss-mens-long-sleeve-oxford-shirt-552854#colcode=55285401,Boss Men's Long Sleeve Oxford Shirt,5800,25800,77.5,3500,0,-2300,S,False,False,True
https://www.flannels.com/boss-mens--crigan-straight-fit-trousers-510941#colcode=51094103,Boss Men's  Crigan Straight Fit Trousers,5800,25800,77.5,0,0,0,?,False,False,True
https://www.flannels.com/boss-mens--crigan-straight-fit-trousers-510941#colcode=51094102,Boss Men's  Crigan Straight Fit Trousers,5800,25800,77.5,0,0,0,?,False,False,True
https://www.flannels.com/boss-mens-formal-jacket-335884#colcode=33588403,Boss Men's Formal Jacket,15700,69800,77.5,8000,0,-7700,S,False,False,True
https://www.flannels.com/boss-mens-slider-slippers-100117#colcode=10011718,Boss Men's Slider Slippers,15700,69800,77.5,3500,0,-12200,S,False,False,True
https://www.flannels.com/boss-mens-slider-slippers-100114#colcode=10011405,Boss Men's Slider Slippers,15700,69800,77.5,3500,0,-12200,S,False,False,True
https://www.flannels.com/boss-mens-c-hanry-formal-jacket-333997#colcode=33399715,Boss Men's C Hanry Formal Jacket,19300,85800,77.5,8000,0,-11300,S,False,False,True
https://www.flannels.com/boss-mens-h-hutson-formal-jacket-326308#colcode=32630869,Boss Men's H Hutson Formal Jacket,19300,85800,77.5,8500,0,-10800,S,False,False,True
https://www.flannels.com/boss-mens-c-hanry-formal-jacket-324190#colcode=32419011,Boss Men's C Hanry Formal Jacket,19300,85800,77.5,8000,0,-11300,S,False,False,True
https://www.flannels.com/boss-boss-gary-tenn-grhdelxl-10249655-01-low-top-trainers-mens-116870#colcode=11687001,Boss Boss Gary Tenn Grhdelxl 10249655 01 Low-Top Trainers Mens,19300,85800,77.5,0,0,0,?,False,False,True
https://www.flannels.com/off-white-mens-arrow-fleece-closed-hem-joggers-482613#colcode=48261303,Off White Men's Arrow Fleece Closed Hem Joggers,17800,79000,77.5,8000,0,-9800,S,False,False,True
https://www.flannels.com/boss-mens-h-livorno-jeans-644625#colcode=64462518,Boss Men's H Livorno Jeans,9000,39800,77.4,4500,0,-4500,S,False,False,True
https://www.flannels.com/boss-mens-c-genius-straight-leg-trousers-511799#colcode=51179905,Boss Men's C Genius Straight Leg Trousers,9000,39800,77.4,0,0,0,?,False,False,True
https://www.flannels.com/boss-mens-everyday-comfortable-sneakers-115538#colcode=11553803,Boss Men's Everyday Comfortable Sneakers,9000,39800,77.4,0,0,0,?,False,False,True
https://www.flannels.com/boss-boss-c-kent-gw-10276586-01-straight-leg-trousers-mens-511932#colcode=51193269,Boss Boss C-Kent-Gw 10276586 01 Straight Leg Trousers Mens,7200,31800,77.4,0,0,0,?,False,False,True
https://www.flannels.com/boss-mens-p-hank-spread-long-sleeve-oxford-shirt-553022#colcode=55302219,Boss Men's P Hank Spread Long Sleeve Oxford Shirt,6300,27800,77.3,0,0,0,?,False,False,True
https://www.flannels.com/boss-mens-h-leon-straight-leg-trousers-511809#colcode=51180918,Boss Men's H Leon Straight Leg Trousers,6300,27800,77.3,0,0,0,?,False,False,True
https://www.flannels.com/boss-mens-h-leon-straight-leg-trousers-511808#colcode=51180803,Boss Men's H Leon Straight Leg Trousers,6300,27800,77.3,0,0,0,?,False,False,True
https://www.flannels.com/mens-basic-fleece-jogging-bottoms-488042#colcode=48804220,Lacoste Men's Basic Fleece Jogging Bottoms,4500,19800,77.3,3500,0,-1000,S,False,False,True
https://www.flannels.com/boss-mens-c-jaye-elbow-formal-332833#colcode=33283318,Boss Men's C Jaye Elbow Formal,22300,97800,77.2,0,0,0,?,False,False,True
https://www.flannels.com/off-white-mens-arrow-skate-long-sleeve-t-shirt-595013#colcode=59501303,Off White Men's Arrow Skate Long Sleeve T-Shirt,18700,82000,77.2,8500,0,-10200,S,False,False,True
https://www.flannels.com/boss-mens-slider-slippers-100115#colcode=10011503,Boss Mens Julyo Halb Laced Boot,13200,57800,77.2,0,0,0,?,False,False,True
https://www.flannels.com/boss-mens-slider-slippers-100095#colcode=10009569,Boss Men's Slider Slippers,13200,57800,77.2,3500,0,-9700,S,False,False,True
https://www.flannels.com/boss-mens-everyday-comfortable-sneakers-115538#colcode=11553819,Boss Men's Everyday Comfortable Sneakers,9100,39800,77.1,0,0,0,?,False,False,True
https://www.flannels.com/boss-mens-h-task-overcoat-602073#colcode=60207303,Boss Men's H Task Overcoat,17800,77800,77.1,0,0,0,?,False,False,True
https://www.flannels.com/boss-mens-h-hutson-formal-jacket-326308#colcode=32630818,Boss Men's H Hutson Formal Jacket,17800,77800,77.1,8500,0,-9300,S,False,False,True
https://www.flannels.com/daily-paper-mens-relaxed-fit-cargo-trousers-518117#colcode=51811718,Daily Paper Men's Relaxed Fit Cargo Trousers,5500,24000,77.1,4000,0,-1500,S,False,False,True
https://www.flannels.com/boss-mens-h-jasper-mm-c-formal-335885#colcode=33588503,Boss Men's H Jasper Mm C Formal,14200,61800,77.0,0,0,0,?,False,False,True
https://www.flannels.com/moschino-mens-slider-slippers-100099#colcode=10009918,Moschino Men's Slider Slippers,10800,47000,77.0,3500,0,-7300,S,False,False,True
https://www.flannels.com/adidas-originals-originals-comfort-flex-eco-soft-boxers-2-pack-425108#colcode=42510899,adidas Originals Originals Comfort Flex Eco-Soft Boxers (2-pack),1800,7800,76.9,1500,0,-300,S,False,False,True
https://www.flannels.com/boss-mens-extreme-run-trainers--comfort-and-durability-115540#colcode=11554003,"Boss Men's Extreme Run Trainers, Comfort and Durability",7800,33800,76.9,0,0,0,?,False,False,True
https://www.flannels.com/yeezy-mens-knit-runner-pull-on-style-sneakers-116938#colcode=11693803,Yeezy Men's Knit Runner Pull-on Style Sneakers,9700,42000,76.9,8000,0,-1700,S,False,False,True
https://www.flannels.com/boss-boss-h-roan-bd-e-c1-253-10261880-01-oxford-shirt-mens-550901#colcode=55090119,Boss Boss H-Roan-Bd-E-C1-253 10261880 01 Oxford Shirt Mens,5500,23800,76.9,3500,0,-2000,S,False,False,True
https://www.flannels.com/off-white-mens-skate-crew-sweatshirt-522654#colcode=52265401,Off White Men's Skate Crew Sweatshirt,25000,107800,76.8,8000,0,-17000,S,False,False,True
https://www.flannels.com/hugo-mens-jonah-slim-fit-jeans-644596#colcode=64459602,Hugo Men's Jonah Slim Fit Jeans,4600,19800,76.8,4500,0,-100,S,False,False,True
https://www.flannels.com/boss-mens-bold-contemporary-fit-boxers-420334#colcode=42033403,Boss Men's Bold Contemporary Fit Boxers,2100,9000,76.7,0,0,0,?,False,False,True
https://www.flannels.com/off-white-mens-brics-skate---short-sleeve-t-shirt-594963#colcode=59496302,Off White Men's Brics Skate - Short Sleeve T-Shirt,15700,67000,76.6,8500,0,-7200,S,False,False,True
https://www.flannels.com/off-white-mens-arrow-skate-t-shirt-594417#colcode=59441701,Off White Men's Arrow Skate T-Shirt,15700,67000,76.6,8500,7602,-7200,S,True,False,True
https://www.flannels.com/off-white-mens-shred-skate-t-shirt-594402#colcode=59440201,Off White Men's Shred Skate T-Shirt,15700,67000,76.6,3500,0,-12200,S,False,False,True
https://www.flannels.com/daily-paper-tonal-trkbtms-sn99-511011#colcode=51101105,Daily Paper Men's Tonal Closed Hem Poly Joggers,3300,14000,76.4,3500,0,200,S,False,False,True
https://www.flannels.com/yeezy-unisex-700-mnvn-honeyflux-oversized-midsole-trainers-119192#colcode=11919213,Yeezy Unisex 700 MNVN Honeyflux Oversized Midsole Trainers,10500,44000,76.1,18000,0,7500,S,False,False,True
https://www.flannels.com/yeezy-mens-500-high-top-sneakers-114740#colcode=11474041,Yeezy Men's 500 High-top Sneakers,10500,44000,76.1,12000,0,1500,S,False,False,True
https://www.flannels.com/yeezy-mens-500-high-top-sneakers-114740#colcode=11474040,Yeezy Men's 500 High-top Sneakers,10500,44000,76.1,12000,0,1500,S,False,False,True
https://www.flannels.com/yeezy-mens-500-high-top-sneakers-114740#colcode=11474012,Yeezy Men's 500 High-top Sneakers,10500,44000,76.1,12000,0,1500,S,False,False,True
https://www.flannels.com/yeezy-mens-500-adiprene--cushioning-sneakers-116911#colcode=11691104,Yeezy Men's 500 adiPRENE® Cushioning Sneakers,11000,44000,75.0,12000,0,1000,S,False,False,True
https://www.flannels.com/boss-mens-taber-ps-slim-fit-jeans-644843#colcode=64484318,Boss Men's Taber PS Slim Fit Jeans,12000,47800,74.9,4500,0,-7500,D,False,False,False
https://www.flannels.com/boss-mens-iconic-pull-over-hoodie-532960#colcode=53296018,Boss Men's Iconic Pull Over Hoodie,10000,39800,74.9,3500,0,-6500,D,False,False,False
https://www.flannels.com/boss-mens-delano-slim-fit-jeans-644837#colcode=64483718,Boss Men's Delano Slim Fit Jeans,9000,35800,74.9,8000,0,-1000,D,False,False,False
https://www.flannels.com/boss-mens-carmello-leather-belt-941099#colcode=94109905,Boss Men's Carmello Leather Belt,6000,23800,74.8,3500,0,-2500,D,False,False,False
https://www.flannels.com/boss-mens-tiburt-short-sleeve-t-shirt-542835#colcode=54283518,Boss Men's Tiburt Short Sleeve T-Shirt,6000,23800,74.8,2500,0,-3500,D,False,False,False
https://www.flannels.com/off-white-mens-big-bkish-skt-pull-over-hoodie-533287#colcode=53328718,Off White Men's Big Bkish Skt Pull Over Hoodie,25000,99000,74.7,15000,0,-10000,D,False,False,False
https://www.flannels.com/off-white-mens-round-logo-skate-pull-over-hoodie-532974#colcode=53297403,Off White Men's Round Logo Skate Pull Over Hoodie,25000,99000,74.7,15000,0,-10000,D,False,False,False
https://www.flannels.com/boss-mens-derrek-derb-buplt-derby-shoes-112418#colcode=11241803,Boss Men's Derrek Derb Buplt Derby Shoes,14600,57800,74.7,8000,0,-6600,D,True,False,False
https://www.flannels.com/boss-mens-kensington-derby-shoes-112096#colcode=11209603,Boss Men's Kensington Derby Shoes,14600,57800,74.7,8000,0,-6600,D,False,False,False
https://www.flannels.com/pretty-green-suede-trainers-115354#colcode=11535403,Pretty Green Men's Ramblas Suede Low-Top Trainers,4600,18000,74.4,8000,0,3400,D,False,False,False
https://www.flannels.com/levis-skate-hooded-sweatshirt-299427#colcode=29942715,Levis Skate Hooded Sweatshirt,3998,14998,73.3,3500,0,-498,D,False,False,False
https://www.flannels.com/boss-mens-h-jeckson-formal-jacket-323244#colcode=32324402,Boss Men's H Jeckson Formal Jacket,26820,99800,73.1,8000,0,-18820,D,False,False,False
https://www.flannels.com/lacoste-mens-slim-fit-joggers-595084#colcode=59508499,Lacoste Men's Slim Fit Joggers,7020,26000,73.0,3500,0,-3520,D,False,False,False
https://www.flannels.com/ted-baker-ted-crux-check-trs-sn99-579023#colcode=57902318,Ted Baker Men's Crux Check Suit Trousers,7560,28000,73.0,0,0,0,?,False,False,False
https://www.flannels.com/levis-rincon-button-down-vest-rooibo-327787#colcode=32778712,Levis Men's Rincon Button-Down Knitted Sweater Vest,3240,12000,73.0,2800,0,-440,D,False,False,False
https://www.flannels.com/boss-mens-suit-631653#colcode=63165318,Boss Men's Suit,48420,179000,72.9,0,0,0,?,False,False,False
https://www.flannels.com/boss-mens-carpercoach-black-overshirt-615251#colcode=61525102,Boss Men's CarperCoach Black Overshirt,23220,85800,72.9,0,0,0,?,False,False,False
https://www.flannels.com/boss-mens-c-hanry-junior-rc-blazer-604128#colcode=60412815,Boss Mens C Hanry Rc Blazer,18900,69800,72.9,0,0,0,?,False,False,False
https://www.flannels.com/boss-mens-quarter-zip-fleece-551721#colcode=55172104,Boss Men's Quarter-Zip Fleece,18900,69800,72.9,3500,0,-15400,D,False,False,False
https://www.flannels.com/boss-mens-quarter-zip-fleece-551721#colcode=55172103,Boss Men's Quarter-Zip Fleece,18900,69800,72.9,3500,0,-15400,D,False,False,False
https://www.flannels.com/boss-mens-formal-jacket-331647#colcode=33164718,Boss Men's Formal Jacket,18900,69800,72.9,8000,0,-10900,D,False,False,False
https://www.flannels.com/boss-mens-l-ottano-crew-neck-jumper-331601#colcode=33160111,Boss Men's L Ottano Crew Neck Jumper,18900,69800,72.9,3500,0,-15400,D,False,False,False
https://www.flannels.com/boss-mens-formal-jacket-327130#colcode=32713018,Boss Men's Formal Jacket,18900,69800,72.9,8000,0,-10900,D,False,False,False
https://www.flannels.com/boss-mens-formal-jacket-321901#colcode=32190103,Boss Men's Formal Jacket,18900,69800,72.9,8000,0,-10900,D,False,False,False
https://www.flannels.com/ted-baker-ted-fleck-jkt-sn99-520244#colcode=52024418,Ted Baker Men's Fleck Suit Jacket,14040,51800,72.9,0,0,0,?,False,False,False
https://www.flannels.com/ted-baker-ted-prm-twill-reg-jk-sn99-520259#colcode=52025918,Ted Baker Men's Premium Twill Regular Suit Jacket,12960,47800,72.9,8000,0,-4960,D,False,False,False
https://www.flannels.com/boss-mens-milione-crew-neck-jumper-331657#colcode=33165702,Boss Men's Milione Crew Neck Jumper,12960,47800,72.9,3500,0,-9460,D,False,False,False
https://www.flannels.com/boss-mens-short-sleeve-polo-shirt-542406#colcode=54240602,Boss Men's Short Sleeve Polo Shirt,10800,39800,72.9,2500,0,-8300,D,False,False,False
https://www.flannels.com/boss-mens-h-genius-straight-leg-trousers-511758#colcode=51175818,Boss Men's H Genius Straight Leg Trousers,10800,39800,72.9,0,0,0,?,False,False,False
https://www.flannels.com/boss-mens-p-perin-rds-wg-straight-leg-trousers-511566#colcode=51156605,Boss Men's P Perin Rds Wg Straight Leg Trousers,10800,39800,72.9,0,0,0,?,False,False,False
https://www.flannels.com/boss-mens-tarlim-closed-hem-jersey-joggers-488115#colcode=48811518,Boss Men's Tarlim Closed Hem Jersey Joggers,10800,39800,72.9,0,0,0,?,False,False,False
https://www.flannels.com/boss-mens--lamont-260-ps-closed-hem-jogging-bottoms-480285#colcode=48028518,Boss Men's  Lamont 260 Ps Closed Hem Jogging Bottoms,10800,39800,72.9,0,0,0,?,False,False,False
https://www.flannels.com/boss-mens-long-sleeve-tailored-fit-shirt-331728#colcode=33172804,Boss Men's Long Sleeve Tailored Fit Shirt,10800,39800,72.9,3500,0,-7300,D,False,False,False
https://www.flannels.com/boss-mens-monk-strap-shoes-111578#colcode=11157818,Boss Men's Monk Strap Shoes,10800,39800,72.9,8000,0,-2800,D,False,False,False
https://www.flannels.com/boss-mens-h-akron-slim-fit-jeans-644423#colcode=64442318,Boss Men's H-Akron Slim Fit Jeans,8640,31800,72.8,3500,0,-5140,D,True,False,False
https://www.flannels.com/boss-mens-t-charlie-long-sleeve-plain-shirt-551620#colcode=55162018,Boss Men's T Charlie Long Sleeve Plain Shirt,8640,31800,72.8,2500,0,-6140,D,False,False,False
https://www.flannels.com/boss-mens-ulsan-crew-sweatshirt-523192#colcode=52319218,Boss Men's Ulsan Crew Sweatshirt,8640,31800,72.8,3500,0,-5140,D,False,False,False
https://www.flannels.com/boss-mens-c-perin-cw-straight-leg-trouser-511722#colcode=51172218,Boss Men's C Perin Cw Straight Leg Trouser,8640,31800,72.8,0,0,0,?,False,False,False
https://www.flannels.com/boss-mens-c-perin-cw-straight-leg-trouser-511722#colcode=51172203,Boss Men's C Perin Cw Straight Leg Trouser,8640,31800,72.8,0,0,0,?,False,False,False
https://www.flannels.com/boss-mens-h-genius-mm-straight-leg-trousers-511668#colcode=51166818,Boss Men's H Genius Mm Straight Leg Trousers,8640,31800,72.8,3500,0,-5140,D,False,False,False
https://www.flannels.com/boss-mens-h-genius-mm-straight-leg-trousers-511668#colcode=51166802,Boss Men's H Genius Mm Straight Leg Trousers,8640,31800,72.8,3500,0,-5140,D,False,False,False
https://www.flannels.com/boss-mens-p-kane-straight-leg-trousers-511568#colcode=51156818,Boss Men's P Kane Straight Leg Trousers,8640,31800,72.8,0,0,0,?,False,False,False
https://www.flannels.com/boss-mens-kane-ds-straight-leg-trousers-511182#colcode=51118218,Boss Men's Kane Ds Straight Leg Trousers,8640,31800,72.8,8000,0,-640,D,False,False,False
https://www.flannels.com/boss-mens-sipstop-closed-hem-jersey-jogger-480279#colcode=48027904,Boss Men's Sipstop Closed Hem Jersey Jogger,8640,31800,72.8,0,0,0,?,False,False,False
https://www.flannels.com/boss-mens-baselyr-baselayer-bottoms-430781#colcode=43078103,Boss Men's Baselyr Baselayer Bottoms,8640,31800,72.8,0,0,0,?,False,False,False
https://www.flannels.com/boss-mens-leno-knit-jumper--soft-virgin-wool-323693#colcode=32369301,"Boss Men's Leno Knit Jumper, Soft Virgin Wool",8640,31800,72.8,8500,0,-140,D,False,False,False
https://www.flannels.com/boss-mens-desoto-tailored-fit-formal-coat-604234#colcode=60423403,Boss Men's Desoto Tailored Fit Formal Coat,40500,149000,72.8,0,0,0,?,False,False,False
https://www.flannels.com/boss-mens-h-cam-flaps-formal-604222#colcode=60422203,Boss Men's H Cam Flaps Formal,40500,149000,72.8,0,0,0,?,False,False,False
https://www.flannels.com/boss-mens-calim-front-zip-bomber-jacket-603914#colcode=60391405,Boss Men's Calim Front Zip Bomber Jacket,40500,149000,72.8,0,0,0,?,False,False,False
https://www.flannels.com/hugo-mens-slim-fit-trousers-514072#colcode=51407203,Hugo Men's Slim Fit Trousers,8100,29800,72.8,0,0,0,?,False,False,False
https://www.flannels.com/boss-mens-p-tessler-short-sleeve-polo-shirt-542522#colcode=54252219,Boss Men's P Tessler Short Sleeve Polo Shirt,7560,27800,72.8,3500,0,-4060,D,False,False,False
https://www.flannels.com/boss-mens-hadikonos-short-sleeve-polo-shirt-542501#colcode=54250118,Boss Men's Hadikonos Short Sleeve Polo Shirt,7560,27800,72.8,0,0,0,?,False,False,False
https://www.flannels.com/hugo-logo-tape-cotton-sweatshirt-529279#colcode=52927902,Hugo Logo Tape Cotton Sweatshirt,7560,27800,72.8,3500,0,-4060,D,False,False,False
https://www.flannels.com/boss-mens-tailored-trousers-331631#colcode=33163102,Boss Men's Tailored Trousers,7560,27800,72.8,0,0,0,?,True,False,False
https://www.flannels.com/boss-mens-h-hank-patterned-short-sleeve-kent-collar-shirt-551677#colcode=55167715,Boss Men's H-Hank Patterned Short Sleeve Kent Collar Shirt,7020,25800,72.8,3500,0,-3520,D,False,False,False
https://www.flannels.com/off-white-mens--script-hoodie--logo-hoodie-515282#colcode=51528269,"Off White Men's  Script Hoodie, Logo Hoodie",35100,129000,72.8,8000,0,-27100,D,False,False,False
https://www.flannels.com/hugo-mens-closed-hem-fleece-tailored-fit-joggers-482105#colcode=48210524,Hugo Men's Closed Hem Fleece Tailored Fit Joggers,7020,25800,72.8,3500,0,-3520,D,False,False,False
https://www.flannels.com/hugo-mens-cuffed-fleece-tapered-fit-joggers-481334#colcode=48133405,Hugo Men's Cuffed Fleece Tapered Fit Joggers,7020,25800,72.8,3500,0,-3520,D,False,False,False
https://www.flannels.com/boss-mens-sefadelong-closed-hem-jogging-bottoms-480264#colcode=48026424,Boss Men's Sefadelong Closed Hem Jogging Bottoms,7020,25800,72.8,0,0,0,?,False,False,False
https://www.flannels.com/boss-mens-water-resistant-streamlined-fit-ski-trousers-430921#colcode=43092102,Boss Men's Water-Resistant Streamlined Fit Ski Trousers,35100,129000,72.8,0,0,0,?,False,False,False
https://www.flannels.com/boss-mens-batisse-e-knitted-top-324960#colcode=32496002,Boss Men's Batisse E Knitted Top,7020,25800,72.8,8000,0,980,D,False,False,False
https://www.flannels.com/dsquared2-knit-polo-shirt-326456#colcode=32645603,DSquared2 Knit Polo Shirt,34020,125000,72.8,8000,0,-26020,D,False,False,False
https://www.flannels.com/boss-mens-c-cam-belt-trench-coat-603582#colcode=60358204,Boss Men's C Cam Belt Trench Coat,29700,109000,72.8,0,0,0,?,False,False,False
https://www.flannels.com/boss-mens-colinjt-tailored-fit-blazer-628971#colcode=62897103,Boss Men's Colinjt Tailored Fit Blazer,28620,105000,72.7,8000,0,-20620,D,False,False,False
https://www.flannels.com/boss-mens-lupi-scarf-902182#colcode=90218215,Boss Men's Lupi Scarf,5400,19800,72.7,3500,0,-1900,D,False,False,False
https://www.flannels.com/boss-mens-locky-m-long-sleeve-oxford-shirt-552506#colcode=55250613,Boss Men's Locky M Long Sleeve Oxford Shirt,5400,19800,72.7,3500,0,-1900,D,False,False,False
https://www.flannels.com/yeezy-mens-quantum-performance-ready-sneakers-110398#colcode=11039804,Yeezy Men's Quantum Performance-ready Sneakers,12000,44000,72.7,18000,0,6000,C,False,False,True
https://www.flannels.com/boss-mens-maglio-jumper-331656#colcode=33165603,Boss Men's Maglio Jumper,20700,75800,72.7,0,0,0,?,False,False,False
https://www.flannels.com/lacoste-chinos-518183#colcode=51818315,Lacoste Men's Chinos,7920,29000,72.7,3500,0,-4420,D,False,False,False
https://www.flannels.com/boss-mens--t-gee--straight-trousers-511135#colcode=51113518,Boss Men's  T-Gee  Straight Trousers,15840,57800,72.6,0,0,0,?,False,False,False
https://www.flannels.com/boss-mens-ferro-e-knitted-top-330255#colcode=33025518,Boss Men's Ferro E Knitted Top,15840,57800,72.6,0,0,0,?,False,False,False
https://www.flannels.com/boss-mens-feboro-e-knitted-top-330236#colcode=33023608,Boss Men's Feboro E Knitted Top,15840,57800,72.6,0,0,0,?,False,False,False
https://www.flannels.com/boss-mens-p-carper-flaps-formal-jacket-335815#colcode=33581502,Boss Men's P Carper Flaps Formal Jacket,26820,97800,72.6,0,0,0,?,False,False,False
https://www.flannels.com/boss-mens-l-ottimo-knitted-top-331575#colcode=33157518,Boss Men's L Ottimo Knitted Top,26820,97800,72.6,0,0,0,?,False,False,False
https://www.flannels.com/boss-mens-tesar-t-shirt-595156#colcode=59515618,Boss Men's Tesar T-Shirt,14760,53800,72.6,1500,0,-13260,D,False,False,False
https://www.flannels.com/hugo-mens-urian-halb-hlmx-flat-ankle-boots-230968#colcode=23096803,Hugo Men's Urian Halb Hlmx Flat Ankle Boots,12600,45800,72.5,0,0,0,?,False,False,False
https://www.flannels.com/boss-mens-c-hanry-blazer-624718#colcode=62471808,Boss Men's C Hanry Blazer,21420,77800,72.5,8000,0,-13420,D,False,False,False
https://www.flannels.com/boss-mens-p-caldio-formal-604241#colcode=60424102,Boss Men's P Caldio Formal,21420,77800,72.5,0,0,0,?,False,False,False
https://www.flannels.com/hugo-mens-malox2341-overcoat-603811#colcode=60381112,Hugo Men's Malox2341 Overcoat,21420,77800,72.5,0,0,0,?,False,False,False
https://www.flannels.com/boss-mens-t-borello-crew-sweatshirt-523208#colcode=52320803,Boss Men's T-Borello Crew Sweatshirt,21420,77800,72.5,3500,0,-17920,D,False,False,False
https://www.flannels.com/boss-mens-suit-jacket-520833#colcode=52083311,Boss Men's Suit Jacket,21420,77800,72.5,8500,0,-12920,D,False,False,False
https://www.flannels.com/boss-mens-hutson-elbo-jacket-520258#colcode=52025802,Boss Men's Hutson Elbo Jacket,21420,77800,72.5,0,0,0,?,False,False,False
https://www.flannels.com/boss-mens-p-hanry-junior-formal-jacket-335874#colcode=33587418,Boss Men's P Hanry Junior Formal Jacket,21420,77800,72.5,0,0,0,?,False,False,False
https://www.flannels.com/boss-mens-p-hanry-formal-jacket-335802#colcode=33580211,Boss Men's P Hanry Formal Jacket,21420,77800,72.5,8000,0,-13420,D,False,False,False
https://www.flannels.com/boss-mens-crew-neck-soft-knit-jumper-331768#colcode=33176804,Boss Men's Crew Neck Soft Knit Jumper,21420,77800,72.5,3500,0,-17920,D,False,False,False
https://www.flannels.com/boss-mens-ettore-tailored-fit-crew-neck-jumper-331515#colcode=33151518,Boss Men's Ettore Tailored Fit Crew Neck Jumper,21420,77800,72.5,3500,0,-17920,D,False,False,False
https://www.flannels.com/boss-mens-t-ettore-knitwear-jumper-331514#colcode=33151403,Boss Men's T-Ettore Knitwear Jumper,21420,77800,72.5,3500,0,-17920,D,False,False,False
https://www.flannels.com/hugo-mens-enalu-tailored-fit-overshirt-601591#colcode=60159199,Hugo Men's Enalu Tailored Fit Overshirt,10440,37800,72.4,0,0,0,?,False,False,False
https://www.flannels.com/boss-mens-h-genius-suit-trousers-579010#colcode=57901018,Boss Men's H Genius Suit Trousers,10440,37800,72.4,0,0,0,?,False,False,False
https://www.flannels.com/boss-mens-herringbone-twill-gibson-italian-wool-trousers-519046#colcode=51904602,Boss Men's Herringbone Twill Gibson Italian Wool Trousers,10440,37800,72.4,8000,0,-2440,D,False,False,False
https://www.flannels.com/boss-mens-h-lamont-knitted-top-335787#colcode=33578719,Boss Men's H Lamont Knitted Top,10440,37800,72.4,3500,0,-6940,D,False,False,False
https://www.flannels.com/boss-mens-plain-long-sleeve-shirt-331568#colcode=33156818,Boss Men's Plain Long-Sleeve Shirt,10440,37800,72.4,2800,0,-7640,D,False,False,False
https://www.flannels.com/boss-motivo-jumper-312273#colcode=31227308,Boss Motivo Jumper,10440,37800,72.4,0,0,0,?,False,False,False
https://www.flannels.com/boss-mens-eromeo-crew-sweater-523196#colcode=52319618,Boss Men's Eromeo Crew Sweater,9900,35800,72.3,3500,0,-6400,D,False,False,False
https://www.flannels.com/boss-mens-kallio-r-crew-sweater-523191#colcode=52319118,Boss Men's Kallio R Crew Sweater,9900,35800,72.3,4500,0,-5400,D,False,False,False
https://www.flannels.com/boss-mens-hover-aj-closed-hem-fleece-joggers-480241#colcode=48024115,Boss Men's Hover Aj Closed Hem Fleece Joggers,9900,35800,72.3,4500,0,-5400,D,False,False,False
https://www.flannels.com/boss-mens-kane-ds-tailored-trousers-331629#colcode=33162915,Boss Men's Kane Ds Tailored Trousers,9900,35800,72.3,0,0,0,?,False,False,False
https://www.flannels.com/boss-mens-maine3-slim-fit-jeans-644590#colcode=64459002,Boss Men's Maine3 Slim Fit Jeans,9360,33800,72.3,3500,0,-5860,D,False,False,False
https://www.flannels.com/hugo-logo-hoodie-532450#colcode=53245003,Hugo Logo Hoodie,9360,33800,72.3,8000,0,-1360,D,False,False,False
https://www.flannels.com/boss-mens-loforte-crew-sweatshirt-523210#colcode=52321012,Boss Men's Loforte Crew Sweatshirt,9360,33800,72.3,0,0,0,?,False,False,False
https://www.flannels.com/boss-mens-musso-p-crew-sweatshirt-523197#colcode=52319708,Boss Men's Musso P Crew Sweatshirt,9360,33800,72.3,3500,0,-5860,D,False,False,False
https://www.flannels.com/boss-mens-musso-p-crew-sweatshirt-523197#colcode=52319704,Boss Men's Musso P Crew Sweatshirt,9360,33800,72.3,3500,0,-5860,D,False,False,False
https://www.flannels.com/boss-mens-musso-p-crew-sweatshirt-523197#colcode=52319702,Boss Men's Musso P Crew Sweatshirt,9360,33800,72.3,3500,0,-5860,D,False,False,False
https://www.flannels.com/boss-mens-hbb-kato-sustainable-organic-cotton-trousers-514368#colcode=51436816,Boss Men's HBB Kato Sustainable Organic Cotton Trousers,9360,33800,72.3,0,0,0,?,False,False,False
https://www.flannels.com/boss-mens-hbb-kato-sustainable-organic-cotton-trousers-514368#colcode=51436803,Boss Men's HBB Kato Sustainable Organic Cotton Trousers,9360,33800,72.3,0,0,0,?,False,False,False
https://www.flannels.com/boss-mens-p-genius-straight-leg-trousers-511646#colcode=51164618,Boss Men's P Genius Straight Leg Trousers,9360,33800,72.3,0,0,0,?,False,False,False
https://www.flannels.com/boss-mens--kane-l-straight-trousers-511181#colcode=51118104,Boss Men's  Kane-L Straight Trousers,9360,33800,72.3,0,0,0,?,False,False,False
https://www.flannels.com/boss-mens-festivo-crew-neck-jumper-331529#colcode=33152910,Boss Men's Festivo Crew Neck Jumper,9360,33800,72.3,0,0,0,?,False,False,False
https://www.flannels.com/ted-baker-mens-velvet-tailored-formal-jacket-321932#colcode=32193208,Ted Baker Men's Velvet Tailored Formal Jacket,23220,83800,72.3,8000,0,-15220,D,False,False,False
https://www.flannels.com/lacoste-mens-short-sleeve-polo-shirt-541921#colcode=54192101,Lacoste Men's Short-Sleeve Polo Shirt,6660,24000,72.2,2800,0,-3860,D,False,False,False
https://www.flannels.com/lacoste-mens-tapered-closed-cuff-fleece-joggers-481872#colcode=48187215,Lacoste Men's Tapered Closed Cuff Fleece Joggers,6660,24000,72.2,3500,0,-3160,D,False,False,False
https://www.flannels.com/boss-mens-feodoro-midweight-scarf-902188#colcode=90218818,Boss Men's Feodoro Midweight Scarf,6660,23800,72.0,0,0,0,?,False,False,False
https://www.flannels.com/boss-mens-s-roan-kent-t-shirt-592257#colcode=59225715,Boss Men's S-ROAN-kent T-Shirt,6660,23800,72.0,2500,0,-4160,D,False,False,False
https://www.flannels.com/boss-mens-hbb-pado-30-long-sleeve-polo-shirt--iconic-logo-embroidered-544062#colcode=54406219,"Boss Men's HBB Pado 30 Long-Sleeve Polo Shirt, Iconic Logo Embroidered",6660,23800,72.0,3500,0,-3160,D,False,False,False
https://www.flannels.com/boss-mens-rice1-d-straight-leg-trousers-510659#colcode=51065918,Boss Men's Rice1 D Straight Leg Trousers,6660,23800,72.0,3500,0,-3160,D,False,False,False
https://www.flannels.com/boss-mens-crigan2-d-straight-leg-trousers-510633#colcode=51063303,Boss Men's Crigan2 D Straight Leg Trousers,6660,23800,72.0,0,0,0,?,False,False,False
https://www.flannels.com/hugo-mens-tonal-logo-zip-pyjama-long-sleeve-top-425580#colcode=42558018,Hugo Men's Tonal Logo Zip Pyjama Long Sleeve Top,6660,23800,72.0,0,0,0,?,False,False,False
https://www.flannels.com/boss-mens-hbb-t-shirt--soft-breathable-fabric-577686#colcode=57768620,Boss Mens BOSS Bodywear 3 Pack T-Shirts - Soft Breathable Fabric with Logo Detail,2520,9000,72.0,2500,0,-20,D,False,False,False
https://www.flannels.com/sweatshirt-sn99-322777#colcode=32277701,Lacoste Men's Crew Neck Jumper,7560,27000,72.0,3500,0,-4060,D,False,False,False
https://www.flannels.com/hugo-mens-formal-jacket-327732#colcode=32773205,Hugo Men's Formal Jacket,20700,73800,72.0,8000,0,-12700,D,False,False,False
https://www.flannels.com/societe-noir-mens-ribbed-knit-beanie-906190#colcode=90619003,Societe Noir Men's Ribbed Knit Beanie,1980,7000,71.7,0,0,0,?,False,False,False
https://www.flannels.com/hugo-blake-tenn-leather-trainers-125855#colcode=12585501,Hugo Blake Tenn Leather Trainers,9600,33800,71.6,0,0,0,?,False,False,False
https://www.flannels.com/ted-baker-skinwear-2-x-200ml-eau-de-toilette-set-758258#colcode=75825818,Ted Baker Skinwear 2 x 200ml Eau De Toilette Set,3998,13998,71.4,0,0,0,?,False,False,False
https://www.flannels.com/ted-baker-womens-2-x-200ml-eau-de-toilette-gift-set-758257#colcode=75825706,Ted Baker Women's 2 x 200ml Eau De Toilette Gift Set,3998,13998,71.4,3500,0,-498,D,False,False,False
https://www.flannels.com/boss-owen-runn-trainers-017505#colcode=01750502,Boss Owen Runn Trainers,9998,33998,70.6,0,0,0,?,False,False,False
https://www.flannels.com/yeezy-mens-boost-700-innovative-midsole-sneakers-116989#colcode=11698902,Yeezy Men's Boost 700 Innovative Midsole Sneakers,15600,53000,70.6,8500,0,-7100,D,False,False,False
https://www.flannels.com/lacoste-crewneck-colourblock-sweatshirt-298681#colcode=29868118,Lacoste Crewneck Colourblock Sweatshirt,6798,22998,70.4,3500,0,-3298,D,False,False,False
https://www.flannels.com/boss-boss-delaware3-1f-10241224-01-319158#colcode=31915818,Boss Boss Delaware3-1f 10241224 01,9998,33798,70.4,0,0,0,?,False,False,False
https://www.flannels.com/hugo-branden-water-repellent-gilet-317495#colcode=31749524,Hugo Branden Water Repellent Gilet,15998,53998,70.4,0,0,0,?,False,False,False
https://www.flannels.com/our-legacy-mens-duo-relaxed-fit-overshirt-615897#colcode=61589705,Our Legacy Men's Duo Relaxed Fit Overshirt,23800,80000,70.2,8500,0,-15300,D,False,False,False
https://www.flannels.com/emporio-armani-mens-overshirt-600397#colcode=60039704,Emporio Armani Men's Overshirt,23800,80000,70.2,8000,0,-15800,D,False,False,False
https://www.flannels.com/jacob-cohen-mens-long-sleeve-pocket-tailored-fit-shirt-551279#colcode=55127901,Jacob Cohen Men's Long Sleeve Pocket Tailored Fit Shirt,23800,80000,70.2,0,0,0,?,True,False,False
https://www.flannels.com/our-legacy-mens-relaxed-fit-cargo-trousers-518983#colcode=51898305,Our Legacy Men's Relaxed Fit Cargo Trousers,23800,80000,70.2,8000,0,-15800,D,False,False,False
https://www.flannels.com/off-white-mens-long-sleeve-dress-shirt-551002#colcode=55100299,Off White Men's Long Sleeve Dress Shirt,29800,100000,70.2,8000,0,-21800,D,False,False,False
https://www.flannels.com/hugo-mens-s-long-sleeve-zip-tailored-fit-blazer-612505#colcode=61250518,Hugo Men's 's Long Sleeve Zip Tailored Fit Blazer,23800,79800,70.2,0,0,0,?,False,False,False
https://www.flannels.com/emporio-armani-blazer-298402#colcode=29840218,Emporio Armani Blazer,39998,133998,70.2,8000,0,-31998,D,False,False,False
https://www.flannels.com/off-white-mens-straight-leg-trousers-510480#colcode=51048002,Off White Men's Straight Leg Trousers,41800,140000,70.1,15000,0,-26800,D,False,False,False
https://www.flannels.com/boss-mens-halwod-cyl-suit-jacket-527166#colcode=52716603,Boss Men's Halwod Cyl Suit Jacket,29800,99800,70.1,0,0,0,?,False,False,False
https://www.flannels.com/boss-mens-formal-jacket-324219#colcode=32421918,Boss Men's Formal Jacket,29800,99800,70.1,8000,0,-21800,D,False,False,False
https://www.flannels.com/boss-mens-h-jeckson-formal-jacket-323244#colcode=32324419,Boss Men's H Jeckson Formal Jacket,29800,99800,70.1,8000,0,-21800,D,False,False,False
https://www.flannels.com/represent-mens-s-ribbed-collar-bomber-jacket-603716#colcode=60371603,Represent Men's 's Ribbed Collar Bomber Jacket,21800,73000,70.1,8000,0,-13800,D,False,False,False
https://www.flannels.com/arctic-army-mens-hooded-long-sleeve-hybrid-jacket-600283#colcode=60028340,Arctic Army Men's Hooded Long Sleeve Hybrid Jacket,47800,160000,70.1,0,0,0,?,True,False,False
https://www.flannels.com/moschino-mens-loafers-111652#colcode=11165203,Moschino Men's Loafers,27800,93000,70.1,8000,0,-19800,D,False,False,False
https://www.flannels.com/dsquared2-5-pocket-jeans-635792#colcode=63579202,DSquared2 5 Pocket Jeans,33800,113000,70.1,8000,0,-25800,D,True,False,False
https://www.flannels.com/dsquared2-5-pocket-jeans-635716#colcode=63571618,DSquared2 5-Pocket Jeans,33800,113000,70.1,8500,0,-25300,D,False,False,False
https://www.flannels.com/off-white-mens-hand-arrow-cotton-oversized-fit-over-the-head-hoodie-532230#colcode=53223024,Off White Men's Hand Arrow Cotton Oversized Fit Over the Head Hoodie,33800,113000,70.1,18000,0,-15800,D,False,False,False
https://www.flannels.com/lanvin-blurred-floral-print-bowling-shirt-316949#colcode=31694918,Lanvin Blurred Floral Print Bowling Shirt,33800,113000,70.1,8000,0,-25800,D,False,False,False
https://www.flannels.com/marcelo-burlon-snake-wings-double-sleeve-t-shirt-291212#colcode=29121201,Marcelo Burlon Snake Wings Double Sleeve T-Shirt,15798,52798,70.1,8500,0,-7298,D,False,False,False
https://www.flannels.com/balenciaga-track-sandals-220066#colcode=22006699,Balenciaga Track Sandals,39800,133000,70.1,8500,0,-31300,D,False,False,False
https://www.flannels.com/hugo-t-heston-db-blazer-jacket-317678#colcode=31767801,Hugo T-Heston-DB Blazer Jacket,44598,148998,70.1,0,0,0,?,False,False,False
https://www.flannels.com/moschino-mens-short-sleeve-patterned-relaxed-fit-shirt-550469#colcode=55046903,Moschino Men's Short Sleeve Patterned Relaxed Fit Shirt,45800,153000,70.1,3500,0,-42300,D,False,False,False
https://www.flannels.com/lacoste-ultra-dry-tennis-t-shirt-337602#colcode=33760205,Lacoste Ultra-Dry Tennis T-Shirt,4198,13998,70.0,2800,0,-1398,D,False,False,False
https://www.flannels.com/hugo-las-vegas-special-artwork-t-shirt-328816#colcode=32881603,Hugo Las Vegas Special Artwork T-Shirt,4798,15998,70.0,0,0,0,?,False,False,False
https://www.flannels.com/ted-baker-kyme-long-sleeve-ditsy-floral-shirt-293702#colcode=29370218,Ted Baker KYME Long Sleeve Ditsy Floral Shirt,5398,17998,70.0,3500,0,-1898,D,False,False,False
https://www.flannels.com/lacoste-t-shirt-338113#colcode=33811315,Lacoste T-Shirt,6598,21998,70.0,3000,0,-3598,D,False,False,False
https://www.flannels.com/lacoste-classic-fit-natural-dye-polo-shirt-315753#colcode=31575369,Lacoste Classic-Fit Natural Dye Polo Shirt,7198,23998,70.0,3500,0,-3698,D,False,False,False
https://www.flannels.com/hugo-glavin241-slim-fit-cargo-trousers-337650#colcode=33765003,Hugo Glavin241 Slim Fit Cargo Trousers,8398,27998,70.0,0,0,0,?,False,False,False
https://www.flannels.com/lacoste-roland-garros-windbreaker-jacket-294742#colcode=29474218,Lacoste Roland Garros Windbreaker Jacket,11998,39998,70.0,8500,0,-3498,D,False,False,False
https://www.flannels.com/emporio-armani-trousers-303455#colcode=30345503,Emporio Armani Trousers,12598,41998,70.0,3500,0,-9098,D,False,False,False
https://www.flannels.com/emporio-armani-emporio-armani-pantaloni-straight-leg-trousers-mens-295937#colcode=29593701,Emporio Armani Emporio Armani Pantaloni Straight Leg Trousers Mens,12598,41998,70.0,8500,0,-4098,D,False,False,False
https://www.flannels.com/emporio-armani-t-shirt-334444#colcode=33444418,Emporio Armani T-Shirt,13198,43998,70.0,2500,0,-10698,D,False,False,False
https://www.flannels.com/emporio-armani-shirt-334433#colcode=33443303,Emporio Armani Shirt,13198,43998,70.0,3500,0,-9698,D,False,False,False
https://www.flannels.com/emporio-armani-trousers-295928#colcode=29592818,Emporio Armani Trousers,13198,43998,70.0,3500,0,-9698,D,True,False,False
https://www.flannels.com/emporio-armani-trousers-295907#colcode=29590702,Emporio Armani Trousers,13798,45998,70.0,3500,0,-10298,D,False,False,False
https://www.flannels.com/emporio-armani-trousers-294075#colcode=29407503,Emporio Armani Trousers,17398,57998,70.0,3500,0,-13898,D,False,False,False
https://www.flannels.com/lacoste-contrast-lined-track-jacket-303518#colcode=30351803,Lacoste Contrast Lined Track Jacket,19198,63998,70.0,3500,0,-15698,D,False,False,False
https://www.flannels.com/lacoste-cropped-tracksuit-jacket-303513#colcode=30351303,Lacoste Cropped Tracksuit Jacket,19198,63998,70.0,3500,0,-15698,D,False,False,False
https://www.flannels.com/emporio-armani-micro-logo-t-shirt-309404#colcode=30940415,Emporio Armani Micro Logo T-Shirt,19798,65998,70.0,3500,0,-16298,D,False,False,False
https://www.flannels.com/emporio-armani-trousers-290087#colcode=29008715,Emporio Armani Trousers,19798,65998,70.0,3500,0,-16298,D,False,False,False
https://www.flannels.com/emporio-armani-trousers-293729#colcode=29372903,Emporio Armani Trousers,20998,69998,70.0,3500,0,-17498,D,False,False,False
https://www.flannels.com/emporio-armani-trousers-293474#colcode=29347469,Emporio Armani Trousers,20998,69998,70.0,3500,0,-17498,D,False,False,False
https://www.flannels.com/emporio-armani-shirt-294194#colcode=29419499,Emporio Armani Shirt,23998,79998,70.0,3500,0,-20498,D,False,False,False
https://www.flannels.com/emporio-armani-sweatshirt-294857#colcode=29485703,Emporio Armani Sweatshirt,24598,81998,70.0,3500,0,-21098,D,False,False,False
https://www.flannels.com/emporio-armani-trousers-335513#colcode=33551303,Emporio Armani Trousers,25198,83998,70.0,3500,0,-21698,D,False,False,False
https://www.flannels.com/emporio-armani-shirt-298424#colcode=29842401,Emporio Armani Shirt,25198,83998,70.0,3500,0,-21698,D,False,False,False
https://www.flannels.com/emporio-armani-jacket-307636#colcode=30763602,Emporio Armani Jacket,26998,89998,70.0,8000,0,-18998,D,False,False,False
https://www.flannels.com/emporio-armani-sweatshirt-295971#colcode=29597118,Emporio Armani Sweatshirt,26998,89998,70.0,3500,0,-23498,D,False,False,False
https://www.flannels.com/emporio-armani-gilet-337310#colcode=33731003,Emporio Armani Gilet,29998,99998,70.0,5000,0,-24998,D,False,False,False
https://www.flannels.com/emporio-armani-pullover-hoodie-295934#colcode=29593418,Emporio Armani Pullover Hoodie,29998,99998,70.0,5000,0,-24998,D,False,False,False
https://www.flannels.com/emporio-armani-trousers-291197#colcode=29119703,Emporio Armani Trousers,29998,99998,70.0,3500,0,-26498,D,False,False,False
https://www.flannels.com/emporio-armani-bomber-jacket-335414#colcode=33541418,Emporio Armani Bomber Jacket,32998,109998,70.0,8000,0,-24998,D,False,False,False
https://www.flannels.com/emporio-armani-pure-cashmere-jumper-301255#colcode=30125518,Emporio Armani Pure Cashmere Jumper,32998,109998,70.0,8000,0,-24998,D,False,False,False
https://www.flannels.com/off-white-pap-drill-slim-pants-337009#colcode=33700903,Off White Pap Drill Slim Pants,34798,115998,70.0,8000,0,-26798,D,False,False,False
https://www.flannels.com/tom-ford-silk-cotton-blend-button-down-shirt-312569#colcode=31256903,Tom Ford Silk Cotton Blend Button Down Shirt,34798,115998,70.0,8000,0,-26798,D,False,False,False
https://www.flannels.com/emporio-armani-bomber-jacket-335411#colcode=33541118,Emporio Armani Bomber Jacket,37798,125998,70.0,8000,0,-29798,D,False,False,False
https://www.flannels.com/emporio-armani-blazer-298377#colcode=29837718,Emporio Armani Blazer,38998,129998,70.0,8000,0,-30998,D,False,False,False
https://www.flannels.com/emporio-armani-bomber-jacket-335419#colcode=33541904,Emporio Armani Bomber Jacket,44398,147998,70.0,8000,0,-36398,D,False,False,False
https://www.flannels.com/off-white-arrow-zip-skate-denim-jacket-336874#colcode=33687403,Off White Arrow Zip Skate Denim Jacket,49798,165998,70.0,8000,0,-41798,D,False,False,False
https://www.flannels.com/cole-buxton-mens-cropped-long-sleeve-denim-jacket-990394#colcode=99039403,Cole Buxton Men's Cropped Long Sleeve Denim Jacket,15000,50000,70.0,8000,0,-7000,D,False,False,False
https://www.flannels.com/flannels-metal-flask-water-bottle-920437#colcode=92043703,Flannels Metal Flask Water Bottle,1200,4000,70.0,0,0,0,?,False,False,False
https://www.flannels.com/gallery-dept-gallery-atk-graffiti-sn99-906013#colcode=90601303,Gallery Dept Gallery ATK Graffiti Sn99,3000,10000,70.0,0,0,0,?,False,False,False
https://www.flannels.com/fornasetti-printed-face-mask-864302#colcode=86430202,Fornasetti Printed Face Mask,3600,12000,70.0,0,0,0,?,True,False,False
https://www.flannels.com/represent-mens-california-uv-protection-square-sunglasses-756356#colcode=75635601,Represent Men's California UV Protection Square Sunglasses,9600,32000,70.0,0,0,0,?,False,False,False
https://www.flannels.com/common-lines-mini-cuban-superflat-754393#colcode=75439311,Common Lines Mini Cuban Superflat,8400,28000,70.0,0,0,0,?,False,False,False
https://www.flannels.com/common-lines-cuban-link-superflat-753890#colcode=75389011,Common Lines Cuban Link Superflat,9600,32000,70.0,0,0,0,?,False,False,False
https://www.flannels.com/palm-angels-malibu-rectangle-sunglasses-753102#colcode=75310203,Palm Angels Malibu Rectangle Sunglasses,15000,50000,70.0,8000,0,-7000,D,False,False,False
https://www.flannels.com/palm-angels-mens-stockton-rectangle-sunglasses-752687#colcode=75268705,Palm Angels Men's Stockton Rectangle Sunglasses,15000,50000,70.0,8000,0,-7000,D,False,False,False
https://www.flannels.com/palm-angels-mens-stockton-rectangle-sunglasses-752687#colcode=75268703,Palm Angels Men's Stockton Rectangle Sunglasses,15000,50000,70.0,8000,0,-7000,D,False,False,False
https://www.flannels.com/palm-angels-mens-stockton-rectangle-sunglasses-752687#colcode=75268702,Palm Angels Men's Stockton Rectangle Sunglasses,15000,50000,70.0,8000,0,-7000,D,False,False,False
https://www.flannels.com/palm-angels-mens-salton-rectangle-sunglasses-752682#colcode=75268205,Palm Angels Men's Salton Rectangle Sunglasses,15000,50000,70.0,8000,0,-7000,D,False,False,False
https://www.flannels.com/off-white-unisex-seward-cat-eye-sunglasses-722825#colcode=72282508,Off White Seward Cat Eye Sunglasses,15000,50000,70.0,0,0,0,?,False,False,False
https://www.flannels.com/rains-classic-flap-magnetic-closure-backpack-715393#colcode=71539303,Rains Classic Flap Magnetic Closure Backpack,6000,20000,70.0,4500,0,-1500,D,True,False,False
https://www.flannels.com/balenciaga-mens-carloop-leather-belt-714330#colcode=71433003,Balenciaga Men's Carloop Leather Belt,33000,110000,70.0,12000,0,-21000,D,False,False,False
https://www.flannels.com/palm-angels-magnolia-cat-eye-sunglasses-710495#colcode=71049503,Palm Angels Magnolia Cat Eye Sunglasses,15000,50000,70.0,8500,0,-6500,D,False,False,False
https://www.flannels.com/saint-laurent-saint-laurent-mens-sl-762-sunglasses-702205#colcode=70220503,Saint Laurent Saint Laurent Mens SL 762 Sunglasses,21000,70000,70.0,12000,0,-9000,D,True,False,False
https://www.flannels.com/represent-mens-rep-textured-cheque-pattern-long-sleeve-oversized-fit-overshirt-689949#colcode=68994918,Represent Men's Rep Textured Cheque Pattern Long Sleeve Oversized Fit Overshirt,15000,50000,70.0,2800,0,-12200,D,False,False,False
https://www.flannels.com/icecream-running-dog-denim-jeans-689532#colcode=68953218,ICECREAM Running Dog Denim Jeans,9000,30000,70.0,8000,0,-1000,D,False,False,False
https://www.flannels.com/levis-mens-skate-qkrls-wide-leg-trousers-671409#colcode=67140915,Levis Men's Skate Qkrls Wide Leg Trousers,4800,16000,70.0,3500,0,-1300,D,False,False,False
https://www.flannels.com/levis-512-slim-tapered-jeans-649221#colcode=64922154,Levis 512™ Slim Tapered Jeans,6000,20000,70.0,4800,0,-1200,D,False,False,False
https://www.flannels.com/levis-512-slim-tapered-jeans-649221#colcode=64922152,Levis 512™ Slim Tapered Jeans,6000,20000,70.0,4800,0,-1200,D,False,False,False
https://www.flannels.com/levis-512-slim-tapered-jeans-649221#colcode=64922120,Levis 512™ Slim Tapered Jeans,6600,22000,70.0,4800,0,-1800,D,False,False,False
https://www.flannels.com/levis-mens-loos-crptr-skinny-jeans-644745#colcode=64474505,Levis Men's Loos Crptr Skinny Jeans,6000,20000,70.0,3500,0,-2500,D,False,False,False
https://www.flannels.com/levis-mens-skinny-jeans-644740#colcode=64474002,Levis Men's Skinny Jeans,6600,22000,70.0,3500,0,-3100,D,False,False,False
https://www.flannels.com/levis-mens-levis-mid-rise-slim-fit-jeans-644494#colcode=64449418,Levis Men's Levi's Mid-Rise Slim Fit Jeans,6600,22000,70.0,3500,0,-3100,D,False,False,False
https://www.flannels.com/levis-mens-slim-fit-jeans-644493#colcode=64449318,Levis Men's Slim Fit Jeans,6000,20000,70.0,3500,0,-2500,D,True,False,False
https://www.flannels.com/levis-mens-slim-fit-jeans-644491#colcode=64449118,Levis Men's Slim Fit Jeans,6000,20000,70.0,3500,0,-2500,D,False,False,False
https://www.flannels.com/balmain-mens-straight-leg-jeans-644451#colcode=64445118,Balmain Men's Straight Leg Jeans,39000,130000,70.0,8000,0,-31000,D,False,False,False
https://www.flannels.com/replay-replay-anbass-slm-je-sn99-644314#colcode=64431419,Replay Replay Anbass Slm Je Sn99,9000,30000,70.0,4500,0,-4500,D,False,False,False
https://www.flannels.com/replay-replay-anbass-slm-je-sn99-644314#colcode=64431418,Replay Replay Anbass Slm Je Sn99,9000,30000,70.0,4500,0,-4500,D,False,False,False
https://www.flannels.com/levis-511-slim-fit-jeans-644283#colcode=64428371,Levis 511™ Slim Fit Jeans,6000,20000,70.0,3500,0,-2500,D,False,False,False
https://www.flannels.com/levis-511-slim-fit-jeans-644283#colcode=64428357,Levis 511™ Slim Fit Jeans,6000,20000,70.0,3500,0,-2500,D,False,False,False
https://www.flannels.com/levis-511-slim-fit-jeans-644283#colcode=64428353,Levis 511™ Slim Fit Jeans,6600,22000,70.0,3500,0,-3100,D,False,False,False
https://www.flannels.com/levis-511-slim-fit-jeans-644283#colcode=64428321,Levis 511™ Slim Fit Jeans,6600,22000,70.0,3500,0,-3100,D,False,False,False
https://www.flannels.com/levis-511-slim-fit-jeans-644283#colcode=64428307,Levis 511™ Slim Fit Jeans,6000,20000,70.0,3500,0,-2500,D,False,False,False
https://www.flannels.com/levis-502-jeans-644279#colcode=64427977,Levis 502™ Jeans,6000,20000,70.0,3500,0,-2500,D,True,False,False
https://www.flannels.com/cole-buxton-cole-jonny-jeans-sn99-644167#colcode=64416718,Cole Buxton Cole Jonny Jeans Sn99,21000,70000,70.0,0,0,0,?,False,False,False
https://www.flannels.com/replay-mens-anbass-slim-fit-jeans-644157#colcode=64415703,Replay Men's Anbass Slim Fit Jeans,9600,32000,70.0,4500,0,-5100,D,False,False,False
https://www.flannels.com/levis-mens-lmc-carrier-stf-ri-straight-leg-jeans-642198#colcode=64219818,Levis Men's Lmc Carrier Stf Ri Straight Leg Jeans,9000,30000,70.0,4500,0,-4500,D,False,False,False
https://www.flannels.com/levis-mens-levisoriginal-lean-machine-straight-leg-jeans-642185#colcode=64218569,Levis Men's Levisoriginal Lean Machine Straight Leg Jeans,6000,20000,70.0,3500,0,-2500,D,False,False,False
https://www.flannels.com/levis-mens-levisoriginal-lean-machine-straight-leg-jeans-642185#colcode=64218518,Levis Men's Levisoriginal Lean Machine Straight Leg Jeans,6000,20000,70.0,3500,0,-2500,D,False,False,False
https://www.flannels.com/levis-mens-levisoriginal-lean-machine-straight-leg-jeans-642185#colcode=64218505,Levis Men's Levisoriginal Lean Machine Straight Leg Jeans,6000,20000,70.0,3500,0,-2500,D,False,False,False
https://www.flannels.com/levis-mens-straight-leg-jeans-642184#colcode=64218418,Levis Men's Straight Leg Jeans,6600,22000,70.0,3500,0,-3100,D,False,False,False
https://www.flannels.com/levis-mens-straight-leg-jeans-642127#colcode=64212718,Levis Men's Straight Leg Jeans,6000,20000,70.0,3500,0,-2500,D,False,False,False
https://www.flannels.com/levis-mens-straight-leg-jeans-642120#colcode=64212018,Levis Men's Straight Leg Jeans,6600,22000,70.0,3500,0,-3100,D,False,False,False
https://www.flannels.com/pretty-boy-ugly-world-mens-denim-shorts-641927#colcode=64192718,Pretty Boy Ugly World Men's Denim Shorts,9600,32000,70.0,0,0,0,?,False,False,False
https://www.flannels.com/levis-mens-original-motion-sickn-straight-leg-jeans-641848#colcode=64184805,Levis Men's original Motion Sickn Straight Leg Jeans,6000,20000,70.0,3500,0,-2500,D,False,False,False
https://www.flannels.com/levis-mens-original-bluetooth-stonewash-straight-leg-jeans-641846#colcode=64184618,Levis Men's original Bluetooth Stonewash Straight Leg Jeans,6000,20000,70.0,3500,0,-2500,D,False,False,False
https://www.flannels.com/represent-mens-distressed-leather-trousers-641781#colcode=64178103,Represent Men's Distressed Leather Trousers,39000,130000,70.0,0,0,0,?,False,False,False
https://www.flannels.com/replay-9zero1-jeans-641350#colcode=64135020,Replay 9Zero1 Jeans,9600,32000,70.0,0,0,0,?,False,False,False
https://www.flannels.com/gant-regular-fit-jeans-641026#colcode=64102619,Gant Regular Fit Jeans,6600,22000,70.0,3500,0,-3100,D,True,False,False
https://www.flannels.com/replay-replay-grover-straig-sn99-640542#colcode=64054219,Replay Replay Grover Straig Sn99,9000,30000,70.0,0,0,0,?,False,False,False
https://www.flannels.com/replay-replay-grover-straig-sn99-640542#colcode=64054218,Replay Replay Grover Straig Sn99,9000,30000,70.0,0,0,0,?,False,False,False
https://www.flannels.com/replay-replay-grover-straig-sn99-640521#colcode=64052103,Replay Replay Grover Straig Sn99,9600,32000,70.0,0,0,0,?,False,False,False
https://www.flannels.com/mens-slimmy-straight-leg-jeans-640005#colcode=64000503,7 For All Mankind Men's Slimmy Straight Leg Jeans,9600,32000,70.0,3500,0,-6100,D,False,False,False
https://www.flannels.com/y3-mens-graphic-long-sleeve-coach-jacket-616298#colcode=61629803,Y3 Men's Graphic Long Sleeve Coach Jacket,21000,70000,70.0,8000,0,-13000,D,False,False,False
https://www.flannels.com/napapijri-mens-rivalto-water-resistant-long-sleeve-rain-anorak-615654#colcode=61565403,Napapijri Men's Rivalto Water Resistant Long Sleeve Rain Anorak,21000,70000,70.0,8500,0,-12500,D,False,False,False
https://www.flannels.com/barena-mens-borgo-long-sleeve-button-harrington-jacket-614359#colcode=61435908,Barena Men's Borgo Long Sleeve Button Harrington Jacket,25800,86000,70.0,8500,0,-17300,D,False,False,False
https://www.flannels.com/napapijri-mens-aerons-goose-down-gilet-611411#colcode=61141103,Napapijri Men's Aerons Goose Down Gilet,9600,32000,70.0,8000,0,-1600,D,False,False,False
https://www.flannels.com/snow-peak-mens-takibi-rain-anorak-609204#colcode=60920403,Snow Peak Men's TAKIBI Rain Anorak,33000,110000,70.0,12000,0,-21000,D,False,False,False
https://www.flannels.com/snow-peak-mens--water-resistant-adjustable-hood-rain-anorak-609177#colcode=60917718,Snow Peak Men's  Water-Resistant Adjustable Hood Rain Anorak,15600,52000,70.0,8500,0,-7100,D,False,False,False
https://www.flannels.com/levis-mens-skate-cord-overshirt-605603#colcode=60560306,Levis Men's Skate Cord Overshirt,6000,20000,70.0,4500,0,-1500,D,False,False,False
https://www.flannels.com/levis-mens-rocky-short-puffer-jacket-605597#colcode=60559715,Levis Men's Rocky Short Puffer Jacket,12000,40000,70.0,8000,0,-4000,D,False,False,False
https://www.flannels.com/levis-mens-rex-canvas-jacket-605596#colcode=60559699,Levis Men's Rex Canvas Jacket,8400,28000,70.0,4500,0,-3900,D,False,False,False
https://www.flannels.com/levis-mens-lmc-classic-denim-overshirt-605594#colcode=60559418,Levis Men's Lmc Classic Denim Overshirt,9000,30000,70.0,4500,0,-4500,D,False,False,False
https://www.flannels.com/levis-mens-super-puffer-denim-jacket-605593#colcode=60559318,Levis Men's Super Puffer Denim Jacket,12000,40000,70.0,8000,0,-4000,D,False,False,False
https://www.flannels.com/levis-mens-super-puffer-denim-jacket-605593#colcode=60559303,Levis Men's Super Puffer Denim Jacket,7800,26000,70.0,8000,0,200,D,False,False,False
https://www.flannels.com/levis-mens-ec-station-denim-jacket-605583#colcode=60558399,Levis Men's Ec Station Denim Jacket,7800,26000,70.0,3500,0,-4300,D,False,False,False
https://www.flannels.com/levis-mens-short-overshirt-605582#colcode=60558218,Levis Men's Short Overshirt,15000,50000,70.0,2500,0,-12500,D,False,False,False
https://www.flannels.com/levis-mens-df-shacket-overshirt-605581#colcode=60558118,Levis Men's Df Shacket Overshirt,15000,50000,70.0,3500,0,-11500,D,False,False,False
https://www.flannels.com/levis-mens-rockridge-short-safari-medium-puffer-jacket-605576#colcode=60557604,Levis Men's Rockridge Short Safari Medium Puffer Jacket,9600,32000,70.0,6500,0,-3100,D,False,False,False
https://www.flannels.com/levis-mens-aviator-jacket-605573#colcode=60557318,Levis Men's Aviator Jacket,6600,22000,70.0,8000,0,1400,D,False,False,False
https://www.flannels.com/levis-mens-abbotts-reversible-filled-sherpa-jacket-605571#colcode=60557115,Levis Men's Abbotts Reversible Filled Sherpa Jacket,7800,26000,70.0,8500,0,700,D,False,False,False
https://www.flannels.com/arctic-army-arctic-ocean-cardi-sn64-605152#colcode=60515203,Arctic Army Arctic Ocean Cardi Sn64,43800,146000,70.0,0,0,0,?,True,False,False
https://www.flannels.com/arctic-army-arctic-teddy-flc-sn64-605150#colcode=60515003,Arctic Army Arctic Teddy Flc Sn64,19800,66000,70.0,0,0,0,?,True,False,False
https://www.flannels.com/arctic-army-mens-wpc-harrington-jacket-604927#colcode=60492703,Arctic Army Men's WPC Harrington Jacket,19800,66000,70.0,0,0,0,?,False,False,False
https://www.flannels.com/arctic-army-mens-wpc-harrington-jacket-604927#colcode=60492702,Arctic Army Men's WPC Harrington Jacket,19800,66000,70.0,0,0,0,?,False,False,False
https://www.flannels.com/represent-mens-structured-overshirt-604789#colcode=60478903,Represent Men's Structured Overshirt,12000,40000,70.0,0,0,0,?,False,False,False
https://www.flannels.com/kenzo-mens-tiger-windbreaker-604775#colcode=60477599,Kenzo Men's Tiger Windbreaker,33000,110000,70.0,8500,0,-24500,D,False,False,False
https://www.flannels.com/mm6-maison-margiela-mens-padded-overshirt-604381#colcode=60438102,MM6 Maison Margiela Men's Padded Overshirt,45000,150000,70.0,8500,0,-36500,D,False,False,False
https://www.flannels.com/ami-paris-mens-button-tailored-fit-blazer-604087#colcode=60408702,Ami Paris Men's Button Tailored Fit Blazer,43800,146000,70.0,15000,0,-28800,D,False,False,False
https://www.flannels.com/prevu-mens-haaland-lyocell-blazer-604011#colcode=60401118,Prevu Men's Haaland Lyocell Blazer,6000,20000,70.0,0,0,0,?,False,False,False
https://www.flannels.com/represent-mens-structured-overshirt-603873#colcode=60387318,Represent Men's Structured Overshirt,15000,50000,70.0,0,0,0,?,False,False,False
https://www.flannels.com/levis-mens-skateb-denim-jacket-603483#colcode=60348318,Levis Men's Skateb Denim Jacket,6000,20000,70.0,3500,0,-2500,D,False,False,False
https://www.flannels.com/calvin-klein-mens--lifestyle-recycled-softshell-jacket-602923#colcode=60292303,Calvin Klein Men's  Lifestyle Recycled Softshell Jacket,12000,40000,70.0,8000,0,-4000,D,False,False,False
https://www.flannels.com/massimo-osti-studio-mens-technical-weather-resistant-bomber-jacket-602791#colcode=60279102,Massimo Osti Studio Men's Technical Weather Resistant Bomber Jacket,45000,150000,70.0,0,0,0,?,False,False,False
https://www.flannels.com/massimo-osti-studio-mens-durable-overshirt-602772#colcode=60277203,Massimo Osti Studio Men's Durable Overshirt,27000,90000,70.0,12000,0,-15000,D,False,False,False
https://www.flannels.com/axel-arigato-mens-medium-puffer-jacket-602482#colcode=60248203,Axel Arigato Men's Medium Puffer Jacket,21000,70000,70.0,8000,0,-13000,D,False,False,False
https://www.flannels.com/kenzo-mens-futura-coach-jacket-602398#colcode=60239805,Kenzo Men's Futura Coach Jacket,33000,110000,70.0,8000,0,-25000,D,False,False,False
https://www.flannels.com/axel-arigato-mens-flow-overshirt-602261#colcode=60226104,Axel Arigato Men's Flow Overshirt,15600,52000,70.0,15000,0,-600,D,False,False,False
https://www.flannels.com/jack1t-mens-slick-weather-resistant-long-puffer-jacket-601070#colcode=60107003,Jack1t Men's Slick Weather Resistant Long Puffer Jacket,21000,70000,70.0,0,0,0,?,False,False,False
https://www.flannels.com/jack1t-mens-hooded-insulated-medium-puffer-jacket-600870#colcode=60087003,Jack1t Men's Hooded Insulated Medium Puffer Jacket,21000,70000,70.0,0,0,0,?,False,False,False
https://www.flannels.com/lacoste-croc-jogging-bottoms-595100#colcode=59510015,Lacoste Croc Jogging Bottoms,6600,22000,70.0,3500,0,-3100,D,False,False,False
https://www.flannels.com/y3-x-neighborhood-scorpion-graphic-t-shirt-595020#colcode=59502003,Y3 X Neighborhood Scorpion Graphic T-Shirt,6600,22000,70.0,8000,0,1400,D,True,False,False
https://www.flannels.com/a-cold-wall-mens-night-shift-t-shirt-594938#colcode=59493804,A-COLD-WALL Men's Night Shift T-Shirt,6000,20000,70.0,6500,0,500,D,False,False,False
https://www.flannels.com/gallery-dept-gallery-today-t-sn99-594401#colcode=59440101,Gallery Dept Gallery Today T Sn99,15600,52000,70.0,0,0,0,?,False,False,False
https://www.flannels.com/gallery-dept-gallery-music-lives-sn99-594399#colcode=59439903,Gallery Dept Gallery Music Lives Sn99,9000,30000,70.0,0,0,0,?,False,False,False
https://www.flannels.com/gallery-dept-gallery-standard-t-sn99-594366#colcode=59436613,Gallery Dept Gallery Standard T Sn99,15600,52000,70.0,8000,0,-7600,D,False,False,False
https://www.flannels.com/gallery-dept-gallery-dirty-little-sn99-593368#colcode=59336803,Gallery Dept Gallery Dirty Little Sn99,9000,30000,70.0,0,0,0,?,False,False,False
https://www.flannels.com/cole-buxton-cole-distressed-cole-sn99-593302#colcode=59330203,Cole Buxton Cole Distressed Cole Sn99,9600,32000,70.0,0,0,0,?,False,False,False
https://www.flannels.com/cole-buxton-cole-design-studio-t-sn99-593284#colcode=59328403,Cole Buxton Cole Design Studio T Sn99,9600,32000,70.0,0,0,0,?,False,False,False
https://www.flannels.com/replay-mens-native-t-shirt-592916#colcode=59291603,Replay Men's Native T-Shirt,3000,10000,70.0,1500,0,-1500,D,False,False,False
https://www.flannels.com/prevu-ottoman-t-shirt-591834#colcode=59183403,Prevu Ottoman T-Shirt,2400,8000,70.0,0,0,0,?,False,False,False
https://www.flannels.com/versace-virgin-wool-jumper-591571#colcode=59157103,Versace Virgin Wool Jumper,31800,106000,70.0,8000,0,-23800,D,False,False,False
https://www.flannels.com/summer-games-sg24-ls-tee-587108#colcode=58710803,Summer Games Men's Long-Sleeve T-Shirt,9000,30000,70.0,0,0,0,?,False,False,False
https://www.flannels.com/napapijri-coldirai-long-sleeve-t-shirt-mens-587064#colcode=58706415,Napapijri Coldirai Long Sleeve T-shirt Mens,4800,16000,70.0,2500,0,-2300,D,False,False,False
https://www.flannels.com/daily-paper-mens-logo-graphic-t-shirt-586112#colcode=58611203,Daily Paper Men's Logo Graphic T-Shirt,3600,12000,70.0,2500,0,-1100,D,False,False,False
https://www.flannels.com/off-white-mens-mirror-t-shirt-586042#colcode=58604224,Off White Men's Mirror T-Shirt,18000,60000,70.0,8000,0,-10000,D,False,False,False
https://www.flannels.com/off-white-mens-wave-swap-logo-print-slim-fit-joggers-585988#colcode=58598801,Off White Men's Wave Swap Logo Print Slim Fit Joggers,25800,86000,70.0,8500,0,-17300,D,False,False,False
https://www.flannels.com/pattern-t-shirt-585470#colcode=58547003,Missoni Men's Pattern Regular Fit T-Shirt,27000,90000,70.0,3000,0,-24000,D,False,False,False
https://www.flannels.com/richard-james-wilder-suit-trousers-579085#colcode=57908502,Richard James Wilder Suit Trousers,7800,26000,70.0,0,0,0,?,False,False,False
https://www.flannels.com/ted-baker-ted-prem-twill-trs-sn99-579048#colcode=57904818,Ted Baker Men's Premium Twill Suit Trousers,9000,30000,70.0,3500,0,-5500,D,False,False,False
https://www.flannels.com/pretty-green-brentwood-long-sleeve-shirt-575837#colcode=57583718,Pretty Green Men's Brentwood Long-Sleeve Plain Shirt,4800,16000,70.0,0,0,0,?,False,False,False
https://www.flannels.com/pretty-green-brentwood-long-sleeve-shirt-575837#colcode=57583715,Pretty Green Men's Brentwood Long-Sleeve Plain Shirt,4800,16000,70.0,0,0,0,?,False,False,False
https://www.flannels.com/belstaff-kelby-cardigan-560518#colcode=56051803,Belstaff Kelby Cardigan,15000,50000,70.0,12000,0,-3000,D,False,False,False
https://www.flannels.com/levis-mens-skate-quarter-zip-fleece-559039#colcode=55903999,Levis Men's Skate Quarter Zip Fleece,5400,18000,70.0,4500,0,-900,D,False,False,False
https://www.flannels.com/levis-mens-skate-quarter-zip-fleece-559039#colcode=55903915,Levis Men's Skate Quarter Zip Fleece,3600,12000,70.0,4500,0,900,D,False,False,False
https://www.flannels.com/moschino-mens-tape-tracksuit-top-554340#colcode=55434003,Moschino Men's Tape Tracksuit Top,39000,130000,70.0,8000,0,-31000,D,False,False,False
https://www.flannels.com/fred-perry-mens-blackwatch-tape-tracksuit-top-554251#colcode=55425103,Fred Perry Men's Blackwatch Tape Tracksuit Top,8400,28000,70.0,6500,0,-1900,D,False,False,False
https://www.flannels.com/lacoste-mens-checked-quilted-long-sleeve-overshirt-552102#colcode=55210299,Lacoste Men's Checked Quilted Long Sleeve Overshirt,12000,40000,70.0,8500,0,-3500,D,False,False,False
https://www.flannels.com/levis-authentic-button-down-pumice-s-551922#colcode=55192205,Levis Authentic Button Down Pumice S,3600,12000,70.0,2800,0,-800,D,False,False,False
https://www.flannels.com/barbour-mens-kenton-shirt-551788#colcode=55178899,Barbour Mens Kenton Shirt,5400,18000,70.0,3500,0,-1900,D,False,False,False
https://www.flannels.com/alexander-mcqueen-harness-shirt-551555#colcode=55155503,Alexander McQueen Harness Shirt,39000,130000,70.0,8000,0,-31000,D,True,False,False
https://www.flannels.com/alexander-mcqueen-harness-shirt-551555#colcode=55155501,Alexander McQueen Harness Shirt,39000,130000,70.0,8000,0,-31000,D,True,False,False
https://www.flannels.com/cp-company-short-sleeve-embroidered-logo-shirt-550119#colcode=55011901,CP Company Short Sleeve Embroidered Logo Shirt,12000,40000,70.0,8500,0,-3500,D,False,False,False
https://www.flannels.com/levis-mens-hm-short-sleeve-polo-shirt-542774#colcode=54277415,Levis Men's Hm Short Sleeve Polo Shirt,2400,8000,70.0,2500,0,100,D,False,False,False
https://www.flannels.com/lacoste-pima-polo-shirt-541407#colcode=54140718,Lacoste Pima Polo Shirt,5400,18000,70.0,3500,0,-1900,D,True,False,False
https://www.flannels.com/givenchy-mens-short-sleeve-tailored-fit-polo-shirt-541076#colcode=54107603,GIVENCHY Men's Short Sleeve Tailored Fit Polo Shirt,33000,110000,70.0,8000,0,-25000,D,False,False,False
https://www.flannels.com/levis-mens-skate-pull-over-hoodie-533644#colcode=53364415,Levis Men's Skate Pull Over Hoodie,3600,12000,70.0,3500,0,-100,D,False,False,False
https://www.flannels.com/levis-mens-relaxed-graphic-pull-over-hoodie-533618#colcode=53361803,Levis Men's Relaxed Graphic Pull Over Hoodie,3000,10000,70.0,3500,0,500,D,False,False,False
https://www.flannels.com/pretty-boy-ugly-world-mens-pbuw-peace-hoodie-532640#colcode=53264015,Pretty Boy Ugly World Men's PBUW Peace Hoodie,9000,30000,70.0,0,0,0,?,False,False,False
https://www.flannels.com/pretty-boy-ugly-world-mens-pbuw-peace-hoodie-532640#colcode=53264003,Pretty Boy Ugly World Men's PBUW Peace Hoodie,9000,30000,70.0,0,0,0,?,False,False,False
https://www.flannels.com/pleasures-pleasur-symphony-hdy-sn53-532606#colcode=53260602,Pleasures Men's Pleasur Symphony Hoodie,6000,20000,70.0,5000,0,-1000,D,False,False,False
https://www.flannels.com/napapijri-fiemme-hoodie-mens-532479#colcode=53247902,Napapijri Fiemme Hoodie Mens,6600,22000,70.0,8500,0,1900,D,False,False,False
https://www.flannels.com/pretty-boy-ugly-world-the-pretty-boy-ugly-world-cotton-zip-hoodie-mens-532073#colcode=53207303,Pretty Boy Ugly World The Pretty Boy Ugly World Cotton Zip Hoodie Mens,7800,26000,70.0,0,0,0,?,False,False,False
https://www.flannels.com/diesel-s-rob-doval-pj-sweatshirt-528678#colcode=52867802,Diesel S-Rob-Doval-Pj Sweatshirt,8400,28000,70.0,3500,0,-4900,D,False,False,False
https://www.flannels.com/pretty-green-pg-wonderwll-paisley-polo-shirt-mens-527960#colcode=52796002,Pretty Green Men's Wonderwall Paisley Short-Sleeve Polo Shirt,4800,16000,70.0,0,0,0,?,False,False,False
https://www.flannels.com/lacoste-flocked-fleece-sweatshirt-526664#colcode=52666419,Lacoste Flocked Fleece Sweatshirt,7800,26000,70.0,3500,0,-4300,D,False,False,False
https://www.flannels.com/lacoste-flocked-fleece-sweatshirt-526664#colcode=52666418,Lacoste Flocked Fleece Sweatshirt,7800,26000,70.0,3500,0,-4300,D,False,False,False
https://www.flannels.com/replay-small-logo-crewneck-sweater-526059#colcode=52605903,Replay Small Logo Crewneck Sweater,6600,22000,70.0,8000,0,1400,D,False,False,False
https://www.flannels.com/fear-of-god-essentials-mens-crew-sweatshirt-523315#colcode=52331513,Fear Of God Essentials Men's Crew Sweatshirt,6000,20000,70.0,8500,0,2500,D,False,False,False
https://www.flannels.com/lacoste-mens-paris-crew-sweatshirt-522967#colcode=52296769,Lacoste Men's Paris Crew Sweatshirt,7800,26000,70.0,3500,0,-4300,D,False,False,False
https://www.flannels.com/dolce-and-gabbana-mens-crew-neck-crew-sweatshirt-522883#colcode=52288303,Dolce and Gabbana Men's Crew Neck Crew Sweatshirt,39000,130000,70.0,8000,0,-31000,D,True,False,False
https://www.flannels.com/lacoste-sh8646-swts-sn99-522747#colcode=52274799,Lacoste Men's Crew Sweatshirt,9600,32000,70.0,3500,0,-6100,D,False,False,False
https://www.flannels.com/dolce-and-gabbana-mens-crew-jumper-522722#colcode=52272203,Dolce and Gabbana Men's Crew Jumper,39000,130000,70.0,8000,0,-31000,D,False,False,False
https://www.flannels.com/erib-sweater-sn99-522630#colcode=52263018,Daily Paper Men's Erib Crew Sweatshirt,6000,20000,70.0,4500,0,-1500,D,False,False,False
https://www.flannels.com/god-made-mens-origins-cotton-long-sleeve-relaxed-fit-crew-sweatshirt-522305#colcode=52230503,God Made Men's Origins Cotton Long Sleeve Relaxed Fit Crew Sweatshirt,9000,30000,70.0,0,0,0,?,False,False,False
https://www.flannels.com/replay-mens-relaxed-fit-crew-sweatshirt-522237#colcode=52223702,Replay Men's Relaxed Fit Crew Sweatshirt,7800,26000,70.0,2500,0,-5300,D,False,False,False
https://www.flannels.com/cp-company-metropolis-logo-sweatshirt-521222#colcode=52122201,CP Company Metropolis Logo Sweatshirt,12000,40000,70.0,8000,0,-4000,D,False,False,False
https://www.flannels.com/pretty-green-didsbury-trousers-518982#colcode=51898218,Pretty Green Men's Didsbury Chinos,5400,18000,70.0,3000,0,-2400,D,False,False,False
https://www.flannels.com/daily-paper-paper-cargo-pants-sn34-518651#colcode=51865103,Daily Paper Men's Cargo Trousers,5400,18000,70.0,0,0,0,?,False,False,False
https://www.flannels.com/represent-mens-cotton-drawstring-cuffs-slim-fit-cargo-trousers-518559#colcode=51855903,Represent Men's Cotton Drawstring Cuffs Slim Fit Cargo Trousers,9000,30000,70.0,3500,0,-5500,D,False,False,False
https://www.flannels.com/levis-mens-chinos-518267#colcode=51826718,Levis Men's Chinos,4800,16000,70.0,2800,0,-2000,D,False,False,False
https://www.flannels.com/levis-mens-chinos-518267#colcode=51826705,Levis Men's Chinos,4800,16000,70.0,2800,0,-2000,D,False,False,False
https://www.flannels.com/levis-mens-chinos-518267#colcode=51826703,Levis Men's Chinos,4800,16000,70.0,2800,0,-2000,D,False,False,False
https://www.flannels.com/levis-mens-slim-chinos-518266#colcode=51826618,Levis Men's Slim Chinos,4800,16000,70.0,2800,0,-2000,D,False,False,False
https://www.flannels.com/levis-mens-slim-chinos-518266#colcode=51826602,Levis Men's Slim Chinos,4800,16000,70.0,2800,0,-2000,D,False,False,False
https://www.flannels.com/levis-mens-authentic-straight-washed-chinos-518265#colcode=51826540,Levis Men's Authentic Straight Washed Chinos,4800,16000,70.0,3500,0,-1300,D,False,False,False
https://www.flannels.com/levis-mens-authentic-straight-washed-chinos-518265#colcode=51826520,Levis Men's Authentic Straight Washed Chinos,4800,16000,70.0,3500,0,-1300,D,False,False,False
https://www.flannels.com/levis-mens-loose-chinos-518264#colcode=51826418,Levis Men's Loose Chinos,6000,20000,70.0,2800,0,-3200,D,False,False,False
https://www.flannels.com/levis-mens-chinos-518125#colcode=51812502,Levis Men's Chinos,4800,16000,70.0,2800,0,-2000,D,False,False,False
https://www.flannels.com/levis-mens-slim-fit-chinos-518089#colcode=51808904,Levis Men's Slim Fit Chinos,4800,16000,70.0,3500,0,-1300,D,False,False,False
https://www.flannels.com/ted-baker-ted-haydae-chino-sn53-518031#colcode=51803118,Ted Baker Men's Haydae Chinos,5400,18000,70.0,3500,0,-1900,D,False,False,False
https://www.flannels.com/ted-baker-ted-haydae-chino-sn53-518031#colcode=51803115,Ted Baker Men's Haydae Chinos,5400,18000,70.0,3500,0,-1900,D,False,False,False
https://www.flannels.com/ted-baker-ted-haydae-chino-sn53-518031#colcode=51803103,Ted Baker Men's Haydae Chinos,5400,18000,70.0,3500,0,-1900,D,False,False,False
https://www.flannels.com/daily-paper-graphic-hoodie-515357#colcode=51535703,Daily Paper Graphic Hoodie,7800,26000,70.0,4500,0,-3300,D,False,False,False
https://www.flannels.com/lacoste-crocodile-sweatshirt-515137#colcode=51513718,Lacoste Crocodile Sweatshirt,7800,26000,70.0,3500,0,-4300,D,False,False,False
https://www.flannels.com/lacoste-crocodile-sweatshirt-515137#colcode=51513708,Lacoste Crocodile Sweatshirt,7800,26000,70.0,3500,0,-4300,D,False,False,False
https://www.flannels.com/ted-baker-scopet-trousers-514196#colcode=51419618,Ted Baker Scopet Trousers,9000,30000,70.0,3500,0,-5500,D,False,False,False
https://www.flannels.com/barbour-washed-stretch-tailored-trousers-513908#colcode=51390818,Barbour Washed Stretch Tailored Trousers,5400,18000,70.0,3500,0,-1900,D,False,False,False
https://www.flannels.com/barbour-washed-stretch-tailored-trousers-513908#colcode=51390803,Barbour Washed Stretch Tailored Trousers,5400,18000,70.0,3500,0,-1900,D,False,False,False
https://www.flannels.com/represent-mens-initial-long-sleeve-crew-sweatshirt-512708#colcode=51270802,Represent Men's Initial Long Sleeve Crew Sweatshirt,8400,28000,70.0,4500,0,-3900,D,False,False,False
https://www.flannels.com/arctic-army-mens-voyager-cargo-trousers-511953#colcode=51195303,Arctic Army Men's Voyager Cargo Trousers,19800,66000,70.0,0,0,0,?,False,False,False
https://www.flannels.com/arctic-army-mens-voyager-cargo-trousers-511953#colcode=51195302,Arctic Army Men's Voyager Cargo Trousers,19800,66000,70.0,0,0,0,?,False,False,False
https://www.flannels.com/levis-mens-skate-utility-straight-leg-trousers-511897#colcode=51189715,Levis Men's Skate Utility Straight Leg Trousers,4800,16000,70.0,4500,0,-300,D,False,False,False
https://www.flannels.com/levis-mens-parachute-cargo-trousers-511896#colcode=51189615,Levis Men's Parachute Cargo Trousers,4800,16000,70.0,3500,0,-1300,D,False,False,False
https://www.flannels.com/moschino-mens-closed-hem-joggers-511353#colcode=51135303,Moschino Men's Closed Hem Joggers,39000,130000,70.0,2000,0,-37000,D,False,False,False
https://www.flannels.com/emporio-armani-trousers-510821#colcode=51082105,Emporio Armani Men's Straight Leg Trousers,12000,40000,70.0,8500,0,-3500,D,False,False,False
https://www.flannels.com/emporio-armani-trousers-510821#colcode=51082104,Emporio Armani Men's Straight Leg Trousers,12000,40000,70.0,8500,0,-3500,D,False,False,False
https://www.flannels.com/mens-millerville-cargo-trousers-510722#colcode=51072204,Dickies Men's Millerville Cargo Trousers,4800,16000,70.0,3500,0,-1300,D,False,False,False
https://www.flannels.com/ted-baker-ted-rietij-shirt-sn99-500698#colcode=50069818,Ted Baker Men's Rietij Long-Sleeve Patterned Shirt,5400,18000,70.0,3500,0,-1900,D,False,False,False
https://www.flannels.com/lacoste-unisex-adults-closed-cuff-woven-tracksuit-joggers-490158#colcode=49015899,Lacoste Unisex Adults Closed Cuff Woven Tracksuit Joggers,9600,32000,70.0,3500,0,-6100,D,False,False,False
https://www.flannels.com/lacoste-mens-closed-cuff-woven-tracksuit-joggers-490157#colcode=49015702,Lacoste Men's Closed Cuff Woven Tracksuit Joggers,8400,28000,70.0,3500,0,-4900,D,False,False,False
https://www.flannels.com/pretty-green-eclipse-paisley-tracksuit-bottoms-490100#colcode=49010018,Pretty Green Men's Eclipse Paisley Open Hem Woven Joggers,5400,18000,70.0,0,0,0,?,False,False,False
https://www.flannels.com/puma-x-pleasures-cellerator-track-pants-490017#colcode=49001702,Puma x Pleasures Cellerator Track Pants,9000,30000,70.0,6800,0,-2200,D,False,False,False
https://www.flannels.com/fred-perry-mens-blackwatch-open-hem-woven-tracksuit-joggers-490000#colcode=49000003,Fred Perry Men's Blackwatch Open Hem Woven Tracksuit Joggers,6600,22000,70.0,3500,0,-3100,D,False,False,False
https://www.flannels.com/mens-basic-fleece-jogging-bottoms-488042#colcode=48804218,Lacoste Men's Basic Fleece Jogging Bottoms,6000,20000,70.0,3500,0,-2500,D,False,False,False
https://www.flannels.com/versace-jogging-bottoms-juniors-483218#colcode=48321803,Versace Jogging Bottoms Juniors,21000,70000,70.0,3500,0,-17500,D,False,False,False
https://www.flannels.com/aries-mens-closed-hem-fleece-joggers-482717#colcode=48271703,Aries Men's Closed Hem Fleece Joggers,12000,40000,70.0,3500,0,-8500,D,False,False,False
https://www.flannels.com/summer-games-sg24-joggers-482572#colcode=48257203,Summer Games Men's Closed Hem Fleece Joggers,15600,52000,70.0,3500,0,-12100,D,False,False,False
https://www.flannels.com/represent-mens-closed-hem-fleece-joggers-482376#colcode=48237615,Represent Men's Closed Hem Fleece Joggers,8400,28000,70.0,3500,0,-4900,D,False,False,False
https://www.flannels.com/golden-goose-macro-star-joggers-482288#colcode=48228803,Golden Goose Macro Star Joggers,12000,40000,70.0,8000,0,-4000,D,False,False,False
https://www.flannels.com/a-cold-wall-mens-millbank-closed-hem-fleece-tapered-joggers-482147#colcode=48214704,A-COLD-WALL Men's Millbank Closed Hem Fleece Tapered Joggers,9000,30000,70.0,8000,0,-1000,D,False,False,False
https://www.flannels.com/family-first-mens-closed-hem-fleece-tapered-fit-joggers-482000#colcode=48200015,Family First Men's Closed Hem Fleece Tapered Fit Joggers,8400,28000,70.0,2800,0,-5600,D,False,False,False
https://www.flannels.com/versace-logo-jogging-bottoms-481269#colcode=48126903,Versace Logo Jogging Bottoms,43800,146000,70.0,8000,0,-35800,D,True,False,False
https://www.flannels.com/yohji-yamamoto-mens-open-bottom-fleece-joggers-480161#colcode=48016103,Yohji Yamamoto Men's Open Bottom Fleece Joggers,14400,48000,70.0,8500,0,-5900,D,False,False,False
https://www.flannels.com/dolce-and-gabbana-mens-open-hem-fleece-joggers-480146#colcode=48014603,Dolce and Gabbana Men's Open Hem Fleece Joggers,39000,130000,70.0,8000,0,-31000,D,False,False,False
https://www.flannels.com/cole-buxton-star-tech-shorts-478836#colcode=47883613,Cole Buxton Star Tech Shorts,6600,22000,70.0,0,0,0,?,False,False,False
https://www.flannels.com/belstaff-dalesman-shorts-478790#colcode=47879018,Belstaff Dalesman Shorts,9600,32000,70.0,8000,0,-1600,D,False,False,False
https://www.flannels.com/represent-mens-multi-pocket-tailored-fit-cargo-shorts-478274#colcode=47827404,Represent Men's Multi-Pocket Tailored Fit Cargo Shorts,8400,28000,70.0,0,0,0,?,False,False,False
https://www.flannels.com/mallet-mens-jersey-fleece-jogger-shorts-472127#colcode=47212703,Mallet Men's Jersey Fleece Jogger Shorts,5400,18000,70.0,3500,0,-1900,D,False,False,False
https://www.flannels.com/emporio-armani-mens-trunks-422025#colcode=42202599,Emporio Armani Men's Trunks,3600,12000,70.0,3500,0,-100,D,False,False,False
https://www.flannels.com/ted-baker-mens-formal-crew-socks-413165#colcode=41316518,Ted Baker Men's Formal Crew Socks,1440,4800,70.0,1500,0,60,D,False,False,False
https://www.flannels.com/ted-baker-mens-formal-crew-socks-412027#colcode=41202718,Ted Baker Men's Formal Crew Socks,1440,4800,70.0,1500,0,60,D,False,False,False
https://www.flannels.com/gallery-dept-gallery-clean-crw-so-sn99-410152#colcode=41015215,Gallery Dept Gallery Clean Crw So Sn99,5400,18000,70.0,8000,0,2600,D,False,False,False
https://www.flannels.com/new-era-9twenty-water-repellent-adjustable-cap-363662#colcode=36366218,New Era Water Repellent Adjustable Baseball Cap,3600,12000,70.0,2500,0,-1100,D,False,False,False
https://www.flannels.com/dsquared2-mens-sunset-quick-dry-tailored-fit-swim-shorts-352730#colcode=35273099,DSquared2 Men's Sunset Quick Dry Tailored Fit Swim Shorts,21000,70000,70.0,8000,0,-13000,D,False,False,False
https://www.flannels.com/moschino-logo-tape-swimming-shorts-350204#colcode=35020403,Moschino Logo Tape Swimming Shorts,7800,26000,70.0,3500,0,-4300,D,False,False,False
https://www.flannels.com/versace-mens-woven-tracksuit-shorts-336199#colcode=33619918,Versace Men's Woven Tracksuit Shorts,49800,166000,70.0,8000,0,-41800,D,False,False,False
https://www.flannels.com/levis-mens-loose-dblk-tapered-jeans-336192#colcode=33619218,Levis Men's Loose Dblk Tapered Jeans,6000,20000,70.0,3500,0,-2500,D,False,False,False
https://www.flannels.com/levis-mens-quarter-zip-knitted-top-336184#colcode=33618418,Levis Men's Quarter Zip Knitted Top,3600,12000,70.0,2500,0,-1100,D,False,False,False
https://www.flannels.com/levis-mens-tapered-jeans-336163#colcode=33616319,Levis Men's Tapered Jeans,6000,20000,70.0,2500,0,-3500,D,False,False,False
https://www.flannels.com/levis-mens-western-puff-gilet-336149#colcode=33614918,Levis Men's Western Puff Gilet,8400,28000,70.0,3500,0,-4900,D,False,False,False
https://www.flannels.com/levis-mens-baggy-denim-shorts-336147#colcode=33614724,Levis Men's Baggy Denim Shorts,3600,12000,70.0,3500,0,-100,D,False,False,False
https://www.flannels.com/levis-mens-western-puff-gilet-336138#colcode=33613818,Levis Men's Western Puff Gilet,8400,28000,70.0,3500,0,-4900,D,False,False,False
https://www.flannels.com/levis-mens-rockridge-gilet-336137#colcode=33613705,Levis Men's Rockridge Gilet,6600,22000,70.0,3500,0,-3100,D,False,False,False
https://www.flannels.com/tommy-hilfiger-mens-milano-crew-neck-jumper-321896#colcode=32189603,Tommy Hilfiger Men's Milano Crew Neck Jumper,8400,28000,70.0,3500,0,-4900,D,False,False,False
https://www.flannels.com/palm-angels-mens-merrill-rectangle-sunglasses-752700#colcode=75270003,Palm Angels Men's Merrill Rectangle Sunglasses,17600,58400,69.9,0,0,0,?,False,False,False
https://www.flannels.com/palm-angels-mens-riverside-rectangle-sunglasses-752691#colcode=75269140,Palm Angels Men's Riverside Rectangle Sunglasses,17600,58400,69.9,8000,0,-9600,D,False,False,False
https://www.flannels.com/boss-mens-bagritte-e-crew-sweatshirt-523476#colcode=52347608,Boss Men's Bagritte-E Crew Sweatshirt,7800,25800,69.8,3500,0,-4300,D,True,False,False
https://www.flannels.com/boss-mens-hank-kent-long-sleeve-oxford-shirt-552495#colcode=55249518,Boss Men's Hank Kent Long Sleeve Oxford Shirt,6000,19800,69.7,3000,0,-3000,D,True,False,False
https://www.flannels.com/rains-mens-lohja-waterproof-insulated-hooded-gilet-615768#colcode=61576804,Rains Men's Lohja Waterproof Insulated Hooded Gilet,8800,29000,69.7,8500,0,-300,D,True,False,False
https://www.flannels.com/boss-mens-skiles--black-quilted-cotton-long-sleeve-hybrid-jacket-525310#colcode=52531018,Boss Men's Skiles  Black Quilted Cotton Long Sleeve Hybrid Jacket,14000,45800,69.4,8000,0,-6000,D,True,False,False
https://www.flannels.com/boss-mens-mixmatch-long-sleeve-t-shirt--embroidered-logo-323295#colcode=32329503,"Boss Men's MixMatch Long-Sleeve T-Shirt, Embroidered Logo",3000,9800,69.4,2500,0,-500,D,True,False,False
https://www.flannels.com/boss-h-delaware-10263110-02-644786#colcode=64478618,Boss H-Delaware 10263110 02,11000,35800,69.3,0,0,0,?,True,False,False
https://www.flannels.com/boss-unique-ls-shirt-10259900-02-587133#colcode=58713303,Boss Unique Ls-Shirt 10259900 02,4000,13000,69.2,0,0,0,?,True,False,False
https://www.flannels.com/boss-mens-brandon-mesh-low-top-trainers--mesh-construction-105325#colcode=10532502,"Boss Men's Brandon Mesh Low Top Trainers, Mesh Construction",11200,30000,62.7,8500,0,-2700,D,True,False,False
https://www.flannels.com/adidas-originals-originals-3-pack-trunk-425079#colcode=42507999,adidas Originals Originals 3-pack Trunk,3000,7800,61.5,2500,0,-500,D,True,False,False
https://www.flannels.com/boss-jdespero-jacket-306543#colcode=30654301,Boss J_Despero Jacket,39198,97798,59.9,0,0,0,?,True,False,False
https://www.flannels.com/calvin-klein-mens-emblem-all-over-print-winter-set-900158#colcode=90015869,Calvin Klein Men's Emblem All Over Print Winter Set,8100,18000,55.0,3500,0,-4600,D,True,False,False
https://www.flannels.com/levis-mens-501-original-straight-leg-jeans-640612#colcode=64061202,Levis Men's 501 Original Straight Leg Jeans,9998,19998,50.0,3500,0,-6498,D,True,False,False
https://www.flannels.com/replay-fishbone-chinos-296819#colcode=29681918,Replay Fishbone Chinos,14998,29998,50.0,8000,0,-6998,D,True,False,False
https://www.flannels.com/replay-anbass-slim-fit-jeans-299564#colcode=29956418,Replay Anbass Slim-Fit Jeans,17998,35998,50.0,4500,0,-13498,D,True,False,False
https://www.flannels.com/levis-512-slim-tapered-jeans-649221#colcode=64922122,Levis 512™ Slim Tapered Jeans,11000,22000,50.0,4800,0,-6200,D,True,False,False
https://www.flannels.com/diesel-2019-d-strukt-635445#colcode=63544523,Diesel 2019 D-Strukt,15000,30000,50.0,8500,0,-6500,D,True,False,False
https://www.flannels.com/boss-mens-regcrew-premium-cotton-t-shirt-597591#colcode=59759146,Boss Mens BOSS Bodywear 3 Pack Premium Cotton T-Shirts - Crew Neck,4500,9000,50.0,3000,0,-1500,D,True,False,False
https://www.flannels.com/represent-247-mens-dna-graphic-performance-hoodie-530408#colcode=53040803,Represent 247 Men's DNA Graphic Performance Hoodie,13000,26000,50.0,3500,0,-9500,D,True,False,False
https://www.flannels.com/lacoste-mens-open-cuff-woven-relaxed-fit-joggers-490114#colcode=49011403,Lacoste Men's Open Cuff Woven Relaxed Fit Joggers,16000,32000,50.0,3500,0,-12500,D,True,False,False
https://www.flannels.com/fear-of-god-essentials-fleece-essential-sweatpants-488626#colcode=48862602,Fear Of God Essentials Fleece Essential Sweatpants,13000,26000,50.0,8500,0,-4500,D,True,False,False
https://www.flannels.com/tommy-hilfiger-3-pack-logo-waistband-trunks-421133#colcode=42113341,Tommy Hilfiger 3-Pack Logo Waistband Trunks,3600,7200,50.0,2500,0,-1100,D,True,False,False
https://www.flannels.com/new-era-9twenty-adjustable-cap-373812#colcode=37381205,New Era 9TWENTY Adjustable Cap,14000,28000,50.0,2800,0,-11200,D,True,False,False
https://www.flannels.com/lacoste-crocodile-polo-shirt-mens-362264#colcode=36226408,Lacoste Crocodile Polo Shirt Mens,10000,20000,50.0,3500,0,-6500,D,True,False,False
https://www.flannels.com/alexander-mcqueen-mens-alex-classic-skull-swim-shorts-351977#colcode=35197718,Alexander McQueen Men's Alex Classic Skull Swim Shorts,37000,74000,50.0,12000,0,-25000,D,True,False,False
https://www.flannels.com/tommy-hilfiger-mens-ribbed-crew-neck-jumper-312210#colcode=31221019,Tommy Hilfiger Men's Ribbed Crew Neck Jumper,9000,18000,50.0,3500,0,-5500,D,True,False,False
https://www.flannels.com/on-mens-cloudswift-4-pr-running-shoes-213027#colcode=21302740,On Men's Cloudswift 4 PR Running Shoes,15000,30000,50.0,8500,0,-6500,D,True,False,False
https://www.flannels.com/calvin-klein-suede-trainers-126027#colcode=12602718,Calvin Klein Suede Trainers,13000,26000,50.0,8000,0,-5000,D,True,False,False
https://www.flannels.com/calvin-klein-suede-trainers-126027#colcode=12602702,Calvin Klein Suede Trainers,13000,26000,50.0,8000,0,-5000,D,True,False,False
https://www.flannels.com/calvin-klein-mens-low-top-trainers-116621#colcode=11662103,Calvin Klein Men's Low-Top Trainers,10000,20000,50.0,3500,0,-6500,D,True,False,False
https://www.flannels.com/calvin-klein-mens-low-top-trainers-116553#colcode=11655301,Calvin Klein Men's Low-Top Trainers,10000,20000,50.0,3500,0,-6500,D,True,False,False
https://www.flannels.com/calvin-klein-mens-low-top-trainers-115940#colcode=11594003,Calvin Klein Men's Low-Top Trainers,12000,24000,50.0,3500,0,-8500,D,True,False,False
https://www.flannels.com/calvin-klein-mens-low-top-trainers-115886#colcode=11588603,Calvin Klein Men's Low-Top Trainers,9000,18000,50.0,3500,0,-5500,D,True,False,False
https://www.flannels.com/gant-mens-slim-merc-jersey-long-sleeve-t-shirt-592715#colcode=59271503,Gant Men's Slim Merc Jersey Long Sleeve T-Shirt,7000,13998,50.0,2000,0,-5000,D,True,False,False
https://www.flannels.com/boss-boss-new-crosstown-envel-10249092-shoulder-bag-mens-703066#colcode=70306640,Boss Boss New Crosstown Envel. 10249092 Shoulder Bag Mens,27000,53800,49.8,0,0,0,?,True,False,False
https://www.flannels.com/mens-full-zip-tech-hoodie-538144#colcode=53814425,Polo Ralph Lauren Men's Full-Zip Tech Hoodie,18000,35800,49.7,3500,0,-14500,D,True,False,False
https://www.flannels.com/boss-mens-saggy-zip-hoodie-533726#colcode=53372618,Boss Men's Saggy Zip Hoodie,18000,35800,49.7,0,0,0,?,True,False,False
https://www.flannels.com/boss-mens-lovel-zipped-overshirt-602950#colcode=60295015,Boss Men's Lovel Zipped Overshirt,17000,33800,49.7,0,0,0,?,True,False,False
https://www.flannels.com/fear-of-god-essentials-mens-open-hem-fleece-jogging-bottoms-480083#colcode=48008303,Fear Of God Essentials Men's Open Hem Fleece Jogging Bottoms,16000,31800,49.7,8500,0,-7500,D,True,False,False
https://www.flannels.com/hugo-gents-hugo-ark-black-leather-strap-watch-756967#colcode=75696703,Hugo Gents HUGO #ARK Black Leather Strap Watch,14000,27800,49.6,8000,0,-6000,D,True,False,False
https://www.flannels.com/barbour-international-mens-walken-overshirt-603428#colcode=60342825,Barbour International Mens Walken Overshirt,14000,27800,49.6,8000,0,-6000,D,True,False,False
https://www.flannels.com/boss-mens-jt-hadiko-short-sleeve-polo-shirt-542407#colcode=54240702,Boss Men's Jt_Hadiko Short Sleeve Polo Shirt,14000,27800,49.6,3500,0,-10500,D,True,False,False
https://www.flannels.com/fear-of-god-essentials-mens-overhead-hoodie-533723#colcode=53372302,Fear Of God Essentials Men's Overhead Hoodie,13600,27000,49.6,8000,0,-5600,D,True,False,False
https://www.flannels.com/grenson-mens-radley-hiker-rugged-boots-110725#colcode=11072505,Grenson Men's Radley Hiker Rugged Boots,35800,71000,49.6,18000,0,-17800,D,True,False,False
https://www.flannels.com/boss-boss-rash-2-m-10260292-01-550845#colcode=55084518,Boss Boss Rash 2 M 10260292 01,9000,17800,49.4,0,0,0,?,True,False,False
https://www.flannels.com/hugo-nomario-10257685-01-472031#colcode=47203103,Hugo Men's Nomario Fleece Jogger Shorts,9000,17800,49.4,0,0,0,?,True,False,False
https://www.flannels.com/tommy-hilfiger-mens-linen-pique-short-sleeve-polo-shirt-576042#colcode=57604218,Tommy Hilfiger Men's Linen Pique Short Sleeve Polo Shirt,8600,17000,49.4,2500,0,-6100,D,True,False,False
https://www.flannels.com/boss-mens-short-sleeve-polo-shirt-540027#colcode=54002703,Boss Men's Short Sleeve Polo Shirt,8000,15800,49.4,2500,0,-5500,D,True,False,False
https://www.flannels.com/mens-regular-fit-short-sleeve-polo-shirt-527770#colcode=52777020,Lacoste Men's Regular Fit Short Sleeve Polo Shirt,8000,15800,49.4,2500,0,-5500,D,True,False,False
https://www.flannels.com/calvin-klein-mens-low-top-trainers-116620#colcode=11662001,Calvin Klein Men's Low-Top Trainers,6600,13000,49.2,3500,0,-3100,D,True,False,False
https://www.flannels.com/calvin-klein-mens-low-top-trainers-116619#colcode=11661903,Calvin Klein Men's Low-Top Trainers,6600,13000,49.2,3500,0,-3100,D,True,False,False
https://www.flannels.com/calvin-klein-mens-low-top-trainers-115871#colcode=11587103,Calvin Klein Men's Low-Top Trainers,6600,13000,49.2,3500,0,-3100,D,True,False,False
https://www.flannels.com/hugo-nizzerio-t-shirt-595350#colcode=59535003,Hugo Nizzerio T-Shirt,6000,11800,49.2,0,0,0,?,True,False,False
https://www.flannels.com/barbour-international-essential-polo-shirt-548612#colcode=54861269,Barbour International Essential Polo Shirt,4800,9400,48.9,3500,0,-1300,D,True,False,False
https://www.flannels.com/boss-mens-regcrew-premium-cotton-t-shirt-597591#colcode=59759140,Boss Mens BOSS Bodywear 3 Pack Premium Cotton T-Shirts - Crew Neck,4600,9000,48.9,3000,0,-1600,D,True,False,False
https://www.flannels.com/pretty-green-pg-live-forever-ts-sn53-590562#colcode=59056201,Pretty Green Men's PG Live Forever Regular Fit T-Shirt,4600,9000,48.9,2500,0,-2100,D,True,False,False
https://www.flannels.com/mens-one-trunks-433651#colcode=43365103,Boss Mens BOSS 3 Pack Boxers with Logo Waistband,4600,9000,48.9,2000,0,-2600,D,True,False,False
https://www.flannels.com/boss-mens-mixmatch-premium-cotton-t-shirt-323296#colcode=32329622,Boss Mens BOSS Bodywear Mix & Match Premium Cotton T-Shirt with Logo Detail,4000,7800,48.7,2500,0,-1500,D,True,False,False
https://www.flannels.com/mens-ribbed-logo-6-pack-crew-socks-410739#colcode=41073940,Hugo Mens HUGO Ribbed Logo 6-Pack Crew Socks,3600,7000,48.6,1500,0,-2100,D,True,False,False
https://www.flannels.com/ps-paul-smith-zebra-logo-1/4-zip-sweater-332802#colcode=33280208,PS Paul Smith Zebra Logo 1/4 Zip Sweater,15000,29000,48.3,8000,0,-7000,D,True,False,False
https://www.flannels.com/mens-3-pack-boxer-briefs-421634#colcode=42163472,Boss BOSS Bodywear 3 Pack Boxer Briefs with Logo Detail,4400,8400,47.6,0,0,0,?,True,False,False
https://www.flannels.com/calvin-klein-suede-trainers-126027#colcode=12602703,Calvin Klein Suede Trainers,16560,26000,36.3,8000,0,-8560,D,True,False,False
https://www.flannels.com/boss-mens-salbo--green-crew-neck-jumper-329136#colcode=32913603,Boss Mens BOSS GREEN Long Sleeve Crew Neck Jumper (Salbo),16560,25800,35.8,3500,0,-13060,D,True,False,False
https://www.flannels.com/the-north-face-mens-1996-retro-nuptse-700-fill-down-water-resistant-recycled-gilet-601552#colcode=60155203,The North Face Mens 1996 Retro Nuptse 700-Fill Down Water Resistant Recycled Gilet,35000,50000,30.0,12000,0,-23000,D,True,False,False
https://www.flannels.com/lacoste-taff-swim-shorts-mens-352890#colcode=35289020,Lacoste Taff Swim Shorts Mens,8400,12000,30.0,3500,0,-4900,D,True,False,False
https://www.flannels.com/calvin-klein-mens-flip-flops-222191#colcode=22219103,Calvin Klein Men's Flip Flops,5600,8000,30.0,2000,0,-3600,D,True,False,False
https://www.flannels.com/barbour-mens-harker-sandals-220373#colcode=22037305,Barbour Mens Harker Sandals,5600,8000,30.0,0,0,0,?,True,False,False
https://www.flannels.com/on-mens-cloudswift-amp-everyday-neutral-road-running-shoes-213047#colcode=21304703,On Men's Cloudswift AMP Everyday Neutral Road Running Shoes,23800,34000,30.0,8000,0,-15800,D,True,False,False
https://www.flannels.com/polo-ralph-lauren-mens-bi-swing-cotton-water-resistant-harrington-jacket-606487#colcode=60648702,Polo Ralph Lauren Men's Bi-Swing Cotton Water Resistant Harrington Jacket,33000,47000,29.8,8500,0,-24500,D,True,False,False
https://www.flannels.com/fear-of-god-mens-flat-mules-110867#colcode=11086701,Fear Of God Men's Flat Mules,19000,27000,29.6,28000,12788,9000,C,True,False,True
https://www.flannels.com/barbour-international-mens-tardon-casual-jacket-600170#colcode=60017003,Barbour International Mens Tardon Casual Jacket,23800,33800,29.6,8000,0,-15800,D,True,False,False
https://www.flannels.com/boss-mens-boss-black-pasini-short-sleeve-collared-shirt-with-contrast-trim-552080#colcode=55208005,Boss Mens BOSS BLACK Pasini Short Sleeve Collared Shirt with Contrast Trim,23800,33800,29.6,3500,0,-20300,D,True,False,False
https://www.flannels.com/hugo-mens-emmond--red-cotton-long-sleeve-zip-overshirt-601942#colcode=60194219,Hugo Mens HUGO Emmond Cotton Long Sleeve Zip Overshirt - Contemporary Design with Logo Detail,19600,27800,29.5,3500,0,-16100,D,True,False,False
https://www.flannels.com/barbour-international-mens-douglas-long-sleeve-overshirt-601075#colcode=60107504,Barbour International Men's Douglas Long Sleeve Overshirt,19600,27800,29.5,8000,0,-11600,D,True,False,False
https://www.flannels.com/boss-mens-boss-black-lars-short-sleeve-shirt-with-collar-design-552083#colcode=55208305,Boss Mens BOSS BLACK Lars Short Sleeve Shirt with Collar Design,19600,27800,29.5,2500,0,-17100,D,True,False,False
https://www.flannels.com/hugo-mens-overshirt-605528#colcode=60552804,Hugo Men's Overshirt,14000,19800,29.3,0,0,0,?,True,False,False
https://www.flannels.com/boss-mens-boss-black-liam-short-sleeve-buttoned-shirt-552084#colcode=55208405,Boss Mens BOSS BLACK Liam Short Sleeve Buttoned Shirt,14000,19800,29.3,3500,0,-10500,D,True,False,False
https://www.flannels.com/hugo-mens-liam-cotton-pullover-hoodie-532785#colcode=53278503,Hugo Mens HUGO Bodywear Liam Soft Cotton Pullover Hoodie with Logo Tape Detail - Natural Fabric,14000,19800,29.3,0,0,0,?,True,False,False
https://www.flannels.com/boss-mens-westart-crew-sweatshirt--premium-cotton-520908#colcode=52090826,Boss Mens BOSS ORANGE Long Sleeve Premium Cotton Sweatshirt (Westart Crew Neck),14000,19800,29.3,3500,0,-10500,D,True,False,False
https://www.flannels.com/calvin-klein-suede-trainers-126027#colcode=12602740,Calvin Klein Suede Trainers,18400,26000,29.2,8000,0,-10400,D,True,False,False
https://www.flannels.com/calvin-klein-mens-low-top-trainers-116608#colcode=11660801,Calvin Klein Men's Low-Top Trainers,17000,24000,29.2,3500,0,-13500,D,True,False,False
https://www.flannels.com/y3-x-neighborhood-logo-t-shirt-595021#colcode=59502101,Y3 x Neighborhood Logo T-Shirt,15600,22000,29.1,8500,0,-7100,D,True,False,False
https://www.flannels.com/calvin-klein-mens-low-top-trainers-116618#colcode=11661803,Calvin Klein Men's Low-Top Trainers,15600,22000,29.1,3500,0,-12100,D,True,False,False
https://www.flannels.com/hugo-reporter-bag-713761#colcode=71376103,Hugo Reporter Bag,9800,13800,29.0,0,0,0,?,True,False,False
https://www.flannels.com/hugo-mens-t-shirt-596412#colcode=59641218,Hugo Men's T-Shirt,9800,13800,29.0,3500,0,-6300,D,True,False,False
https://www.flannels.com/hugo-hugo-dalsar-10259511-01-583779#colcode=58377915,Hugo Men's Dalsar Regular Fit T-Shirt,9800,13800,29.0,2500,0,-7300,D,True,False,False
https://www.flannels.com/hugo-mens-calala-quick-drying-mesh-lined-swim-shorts-356269#colcode=35626901,Hugo Men's CALALA Quick-Drying Mesh Lined Swim Shorts,9800,13800,29.0,0,0,0,?,True,False,False
https://www.flannels.com/hugo-fab-swim-shorts-356268#colcode=35626803,Hugo Fab Swim Shorts,9800,13800,29.0,0,0,0,?,True,False,False
https://www.flannels.com/hugo-fab-swim-shorts-356268#colcode=35626802,Hugo Fab Swim Shorts,9800,13800,29.0,0,0,0,?,True,False,False
https://www.flannels.com/boss-mens-dive-swim-shorts-with-mesh-lining-356132#colcode=35613218,Boss Men's Dive Swim Shorts with Mesh Lining,9800,13800,29.0,3500,0,-6300,D,True,False,False
https://www.flannels.com/barbour-mens-swim-shorts-350685#colcode=35068518,Barbour Men's Swim Shorts,6400,9000,28.9,3500,0,-2900,D,True,False,False
https://www.flannels.com/hugo-mens-emmond--red-cotton-long-sleeve-zip-overshirt-601942#colcode=60194276,Hugo Mens HUGO Emmond Cotton Long Sleeve Zip Overshirt - Contemporary Design with Logo Detail,18400,25800,28.7,3500,0,-14900,D,True,False,False
https://www.flannels.com/hugo-mens-long-sleeve-patterned-shirt-552140#colcode=55214015,Hugo Men's Long Sleeve Patterned Shirt,18400,25800,28.7,2500,0,-15900,D,True,False,False
https://www.flannels.com/boss-mens-boss-black-liam-short-sleeve-buttoned-shirt-552084#colcode=55208401,Boss Mens BOSS BLACK Liam Short Sleeve Buttoned Shirt,18400,25800,28.7,3500,0,-14900,D,True,False,False
https://www.flannels.com/boss-mens-boss-black-long-sleeve-shirt-with-embroidered-logo-detail-552057#colcode=55205705,Boss Mens BOSS BLACK Long Sleeve Shirt with Embroidered Logo Detail,18400,25800,28.7,3500,0,-14900,D,True,False,False
https://www.flannels.com/boss-mens-c-roan-kent-long-sleeve-plain-shirt-573851#colcode=57385118,Boss Men's C-Roan Kent Long Sleeve Plain Shirt,17000,23800,28.6,3500,0,-13500,D,True,False,False
https://www.flannels.com/tommy-hilfiger-mens-chinos-518239#colcode=51823901,Tommy Hilfiger Men's Chinos,13600,19000,28.4,3500,0,-10100,D,True,False,False
https://www.flannels.com/barbour-grangetown-crew-neck-jumper-328762#colcode=32876208,Barbour Grangetown Crew Neck Jumper,13000,18000,27.8,3500,0,-9500,D,True,False,False
https://www.flannels.com/calvin-klein-mens-low-top-trainers-116617#colcode=11661701,Calvin Klein Men's Low-Top Trainers,13000,18000,27.8,3500,0,-9500,D,True,False,False
https://www.flannels.com/boss-mens-urbanex-cargo-trousers-510631#colcode=51063103,Boss Men's Urbanex Cargo Trousers,23000,31800,27.7,0,0,0,?,True,False,False
https://www.flannels.com/calvin-klein-mens-flip-flops-222139#colcode=22213903,Calvin Klein Men's Flip Flops,4400,6000,26.7,2000,0,-2400,D,True,False,False
https://www.flannels.com/on-mens-cloudswift-4-ad-running-shoes-211352#colcode=21135202,On Mens Cloudswift 4 Ad Running Shoes,23800,30000,20.7,8000,0,-15800,D,True,False,False
https://www.flannels.com/creed-3-piece-fragrance-gift-set-750646#colcode=75064669,Creed 3-Piece Fragrance Gift Set,27800,35000,20.6,0,0,0,?,True,False,False
https://www.flannels.com/polo-ralph-lauren-tech-1/4-zip-fleece-572292#colcode=57229269,Polo Ralph Lauren Tech 1/4 Zip Fleece,27800,35000,20.6,3500,0,-24300,D,True,False,False
https://www.flannels.com/stone-island-mens-fleece-crew-sweatshirt-523038#colcode=52303803,Stone Island Men's Fleece Crew Sweatshirt,45800,57000,19.6,8500,0,-37300,D,True,False,False
https://www.flannels.com/on-mens-cloudmonster-running-shoes-125013#colcode=12501303,On Mens Cloudmonster Running Shoes,25800,32000,19.4,8500,0,-17300,D,True,False,False
https://www.flannels.com/belstaff-belstaff-comp-tee-sn61-594541#colcode=59454103,Belstaff Belstaff Comp Tee Sn61,13000,16000,18.8,8000,0,-5000,D,True,False,False
https://www.flannels.com/creed-5-piece-fragrance-gift-set-750956#colcode=75095669,Creed 5-Piece Fragrance Gift Set,35800,44000,18.6,0,0,0,?,True,False,False
https://www.flannels.com/boss-mens-aryeh-sliders--comfy-footbed-sandals-220216#colcode=22021618,Boss Mens BOSS Comfy Slider Sandals with Logo Detail (Aryeh),8000,9800,18.4,3500,0,-4500,D,True,False,False
https://www.flannels.com/boss-locky-overshirt-602198#colcode=60219805,Boss Locky Overshirt,23000,27800,17.3,0,0,0,?,True,False,False
https://www.flannels.com/levis-levis-jackson-cord-sn64-550601#colcode=55060115,Levis Levis Jackson Cord Sn64,11600,14000,17.1,3500,0,-8100,D,True,False,False
https://www.flannels.com/levis-mens-taper-cross-the-sky-adv-tapered-jeans-336131#colcode=33613121,Levis Men's Taper Cross The Sky Adv Tapered Jeans,6600,22000,70.0,3500,0,-3100,D,False,False,False
https://www.flannels.com/levis-mens-taper-cross-the-sky-adv-tapered-jeans-336131#colcode=33613120,Levis Men's Taper Cross The Sky Adv Tapered Jeans,6000,20000,70.0,3500,0,-2500,D,False,False,False
https://www.flannels.com/levis-mens-taper-cross-the-sky-adv-tapered-jeans-336131#colcode=33613119,Levis Men's Taper Cross The Sky Adv Tapered Jeans,6600,22000,70.0,3500,0,-3100,D,False,False,False
https://www.flannels.com/levis-levis-568-stay-loose-carpenter-z8073-334982#colcode=33498205,Levis Men's Stay Loose Carpenter Wide Leg Jeans,6000,20000,70.0,4500,0,-1500,D,False,False,False
https://www.flannels.com/the-couture-club-mens-fluffy-knit-crew-sweater-331366#colcode=33136604,The Couture Club Mens Fluffy Knit Crew Sweater,5400,18000,70.0,0,0,0,?,True,False,False
https://www.flannels.com/gallery-dept-gallery-ken-shorts-sn99-330177#colcode=33017718,Gallery Dept Gallery Ken Shorts Sn99,37800,126000,70.0,8000,0,-29800,D,False,False,False
https://www.flannels.com/fred-perry-mens-badge-laurel-wreath-knitted-crew-neck-jumper-326957#colcode=32695718,Fred Perry Men's Badge Laurel Wreath Knitted Crew Neck Jumper,9000,30000,70.0,3500,0,-5500,D,False,False,False
https://www.flannels.com/cole-buxton-mens-junior-print-denim-jacket-326533#colcode=32653318,Cole Buxton Men's Junior Print Denim Jacket,15000,50000,70.0,0,0,0,?,False,False,False
https://www.flannels.com/arctic-army-mens-lite-reflective-short-puffer-jacket-324302#colcode=32430216,Arctic Army Men's Lite Reflective Short Puffer Jacket,31800,106000,70.0,3500,0,-28300,D,True,False,False
https://www.flannels.com/arctic-army-mens-lite-reflective-short-puffer-jacket-324302#colcode=32430202,Arctic Army Men's Lite Reflective Short Puffer Jacket,31800,106000,70.0,3500,0,-28300,D,False,False,False
https://www.flannels.com/emporio-armani-mens-insulated-bomber-jacket-323704#colcode=32370404,Emporio Armani Men's Insulated Bomber Jacket,27000,90000,70.0,12000,0,-15000,D,False,False,False
https://www.flannels.com/emporio-armani-mens-tailored-trouser-323699#colcode=32369904,Emporio Armani Men's Tailored Trouser,14400,48000,70.0,8000,0,-6400,D,False,False,False
https://www.flannels.com/comme-des-garcons-play-x-converse-jack-purcell-low-top-trainers-246049#colcode=24604908,Comme des Garcons PLAY X Converse Jack Purcell Low Top Trainers,8400,28000,70.0,8500,0,100,D,False,False,False
https://www.flannels.com/comme-des-garcons-play-single-heart-chuck-70-high-top-trainers-245042#colcode=24504203,Comme des Garcons PLAY Single Heart Chuck 70 High Top Trainers,8400,28000,70.0,12000,0,3600,D,False,False,False
https://www.flannels.com/comme-des-garcons-play-single-heart-chuck-70-high-top-trainers-245042#colcode=24504201,Comme des Garcons PLAY Single Heart Chuck 70 High Top Trainers,8400,28000,70.0,12000,0,3600,D,False,False,False
https://www.flannels.com/comme-des-garcons-play-multi-heart-high-top-trainers-245007#colcode=24500703,Comme des Garcons PLAY Multi Heart High Top Trainers,8400,28000,70.0,8000,0,-400,D,False,False,False
https://www.flannels.com/moschino-mens-biker-boots-232669#colcode=23266903,Moschino Men's Biker Boots,45000,150000,70.0,8500,0,-36500,D,False,False,False
https://www.flannels.com/steve-madden-mens-hudson-flat-ankle-boots-231916#colcode=23191603,Steve Madden Men's Hudson Flat Ankle Boots,9600,32000,70.0,5800,0,-3800,D,False,False,False
https://www.flannels.com/havaianas-havaianas-top-camu-222168#colcode=22216815,Havaianas Men's Camu Flip Flops,1800,6000,70.0,1500,0,-300,D,False,False,False
https://www.flannels.com/havaianas-mens-urban-basic-rubber-sole-flip-flops-222164#colcode=22216403,Havaianas Men's Urban Basic Rubber Sole Flip Flops,1800,6000,70.0,2500,0,700,D,False,False,False
https://www.flannels.com/pretty-boy-ugly-world-pbuw-the-world-slide-sn62-220678#colcode=22067803,Pretty Boy Ugly World PBUW The World Slide Sn62,3600,12000,70.0,0,0,0,?,False,False,False
https://www.flannels.com/pretty-boy-ugly-world-pbuw-the-world-slide-sn62-220678#colcode=22067802,Pretty Boy Ugly World PBUW The World Slide Sn62,3600,12000,70.0,0,0,0,?,False,False,False
https://www.flannels.com/represent-247-mens-fast-neutral-running-shoes-212487#colcode=21248703,Represent 247 Men's Fast Neutral Running Shoes,15000,50000,70.0,8000,0,-7000,D,False,False,False
https://www.flannels.com/represent-247-mens-fast-neutral-running-shoes-212487#colcode=21248701,Represent 247 Men's Fast Neutral Running Shoes,15000,50000,70.0,8000,0,-7000,D,False,False,False
https://www.flannels.com/new-balance-nb-1000-mens-129379#colcode=12937911,New Balance NB 1000 Mens,9000,30000,70.0,8500,0,-500,D,False,False,False
https://www.flannels.com/boss-mens-colby-derby-premium-leather-shoes-125980#colcode=12598005,Boss Men's Colby Derby Premium Leather Shoes,12000,40000,70.0,0,0,0,?,True,False,False
https://www.flannels.com/calvin-klein-low-lace-up-leather-trainers-125020#colcode=12502001,Calvin Klein Low Lace Up Leather Trainers,6600,22000,70.0,8000,0,1400,D,False,False,False
https://www.flannels.com/calvin-klein-lace-up-mix-trainers-125019#colcode=12501918,Calvin Klein Lace Up Mix Trainers,6000,20000,70.0,3500,0,-2500,D,False,False,False
https://www.flannels.com/calvin-klein-lace-up-mix-trainers-125019#colcode=12501902,Calvin Klein Lace Up Mix Trainers,6000,20000,70.0,3500,0,-2500,D,False,False,False
https://www.flannels.com/calvin-klein-lace-up-mix-trainers-125019#colcode=12501901,Calvin Klein Lace Up Mix Trainers,6000,20000,70.0,3500,0,-2500,D,False,False,False
https://www.flannels.com/yeezy-mens-700-v3-safflower-rpu-cage-glow-in-dark-sneakers-117748#colcode=11774813,Yeezy Men's 700 V3 Safflower RPU Cage Glow in Dark Sneakers,12000,40000,70.0,38000,0,26000,S,False,False,True
https://www.flannels.com/steve-madden-mens-easton-low-top-trainers-116199#colcode=11619940,Steve Madden Men's Easton Low-Top Trainers,9000,30000,70.0,0,0,0,?,False,False,False
https://www.flannels.com/new-balance-mens-bal-runners-116174#colcode=11617440,New Balance NB RC56 Mens,7800,26000,70.0,8500,0,700,D,False,False,False
https://www.flannels.com/puma-mens-low-top-trainers-115719#colcode=11571969,Puma Men's Low-Top Trainers,6000,20000,70.0,3500,0,-2500,D,False,False,False
https://www.flannels.com/new-balance-nbls-550-shoes-mens-115361#colcode=11536105,New Balance NB 550,7800,26000,70.0,6000,0,-1800,D,False,False,False
https://www.flannels.com/comme-des-garcons-play-chuck-logo-high-top-trainers-114249#colcode=11424918,Comme des Garcons PLAY Chuck Logo High Top Trainers,8400,28000,70.0,12000,0,3600,D,False,False,False
https://www.flannels.com/comme-des-garcons-play-chuck-logo-high-top-trainers-114249#colcode=11424904,Comme des Garcons PLAY Chuck Logo High Top Trainers,8400,28000,70.0,12000,0,3600,D,False,False,False
https://www.flannels.com/comme-des-garcons-play-chuck-logo-high-top-trainers-114249#colcode=11424903,Comme des Garcons PLAY Chuck Logo High Top Trainers,8400,28000,70.0,12000,0,3600,D,False,False,False
https://www.flannels.com/comme-des-garcons-play-x-converse-large-peeping-heart-chuck-taylor-70-trainers-114247#colcode=11424718,Comme des Garcons PLAY X Converse Large Peeping Heart Chuck Taylor 70 Trainers,8400,28000,70.0,8500,0,100,D,False,False,False
https://www.flannels.com/new-balance-nb-wrpd-mens-112253#colcode=11225340,New Balance NB WRPD Mens,8400,28000,70.0,5500,0,-2900,D,False,False,False
https://www.flannels.com/puma-x-skepta-skope-sneakers-112028#colcode=11202803,Puma X Skepta Skope Sneakers,8400,28000,70.0,8000,0,-400,D,False,False,False
https://www.flannels.com/steve-madden-mens-lyonell-court-trainers-110248#colcode=11024803,Steve Madden Men's Lyonell Court Trainers,9600,32000,70.0,3500,0,-6100,D,False,False,False
https://www.flannels.com/new-balance-new-balance-u1500-made-in-uk-106039#colcode=10603915,New Balance NB 1500 Mens,12000,40000,70.0,8000,0,-4000,D,False,False,False
https://www.flannels.com/new-balance-mens-990v2-encap-low-top-trainers-105398#colcode=10539801,New Balance NB 990v2 Mens,12000,40000,70.0,18000,0,6000,C,False,False,True
https://www.flannels.com/boss-mens-brandon-leather-trainers--premium-construction-105324#colcode=10532403,Boss Mens BOSS Leather Trainers with Logo Detail - Premium Construction (Brandon),9000,30000,70.0,8500,0,-500,D,False,False,False
https://www.flannels.com/emporio-armani-t-shirt-304153#colcode=30415302,Emporio Armani T-Shirt,15600,51998,70.0,2500,0,-13100,D,False,False,False
https://www.flannels.com/emporio-armani-shirt-295977#colcode=29597701,Emporio Armani Shirt,15000,49998,70.0,3500,0,-11500,D,False,False,False
https://www.flannels.com/y3-3-stripes-track-top-338206#colcode=33820603,Y3 3-Stripes Track Top,14400,47998,70.0,8500,0,-5900,D,False,False,False
https://www.flannels.com/boss-sullivan-20-hoodie-336676#colcode=33667603,Boss Sullivan 20 Hoodie,12000,39998,70.0,0,0,0,?,False,False,False
https://www.flannels.com/mallet-reebok-x-mallet-classic-trainers-019591#colcode=01959103,Mallet Reebok x Mallet Classic Trainers,12000,39998,70.0,8500,0,-3500,D,False,False,False
https://www.flannels.com/boss-c-lars-252-shirt-307976#colcode=30797618,Boss C-Lars-252 Shirt,9600,31998,70.0,0,0,0,?,False,False,False
https://www.flannels.com/boss-p-genius-w-wg-253f-trousers-294691#colcode=29469118,Boss P-Genius-W-WG-253F Trousers,9600,31998,70.0,0,0,0,?,False,False,False
https://www.flannels.com/boss-p-genius-w-wg-253f-trousers-294641#colcode=29464101,Boss P-Genius-W-WG-253F Trousers,9600,31998,70.0,0,0,0,?,False,False,False
https://www.flannels.com/lacoste-straight-fit-badge-detail-suit-pants-293121#colcode=29312169,Lacoste Straight-Fit Badge Detail Suit Pants,9600,31998,70.0,4500,0,-5100,D,False,False,False
https://www.flannels.com/gant-extrafine-merino-wool-zip-cardigan-291998#colcode=29199804,Gant Extrafine Merino Wool Zip Cardigan,9600,31998,70.0,3500,0,-6100,D,False,False,False
https://www.flannels.com/off-white-england-x-off-white-1970-blackout-shirt-370587#colcode=37058703,Off White England x Off White 1970 Blackout Shirt,9000,29998,70.0,0,0,0,?,False,False,False
https://www.flannels.com/j-lindeberg-mens-junior-lind-lymn-knitted-crew-neck-jumper-360026#colcode=36002602,J Lindeberg Men's Junior.Lind Lymn Knitted Crew Neck Jumper,7800,25998,70.0,0,0,0,?,False,False,False
https://www.flannels.com/lacoste-organic-cotton-track-pants-327945#colcode=32794569,Lacoste Organic Cotton Track Pants,7800,25998,70.0,3500,0,-4300,D,False,False,False
https://www.flannels.com/lacoste-relaxed-fit-sweatpants-319566#colcode=31956603,Lacoste Relaxed-Fit Sweatpants,7800,25998,70.0,3500,0,-4300,D,False,False,False
https://www.flannels.com/lacoste-relaxed-fit-sweatpants-319533#colcode=31953308,Lacoste Relaxed-Fit Sweatpants,7800,25998,70.0,3500,0,-4300,D,False,False,False
https://www.flannels.com/lacoste-relaxed-fit-ultra-dry-bermuda-golf-shorts-290903#colcode=29090399,Lacoste Relaxed-Fit Ultra Dry Bermuda Golf Shorts,7800,25998,70.0,3500,0,-4300,D,False,False,False
https://www.flannels.com/y3-cut-line-t-shirt-338213#colcode=33821301,Y3 Cut Line T-Shirt,6600,21998,70.0,2500,0,-4100,D,False,False,False
https://www.flannels.com/fred-perry-chequerboard-tank-top-300541#colcode=30054118,Fred Perry Chequerboard Tank Top,6600,21998,70.0,3500,0,-3100,D,False,False,False
https://www.flannels.com/boss-catch-30-belt-bag-738128#colcode=73812818,Boss Catch 3.0 Belt Bag,6000,19998,70.0,0,0,0,?,False,False,False
https://www.flannels.com/lacoste-seamless-tennis-polo-shirt-337591#colcode=33759118,Lacoste Seamless Tennis Polo Shirt,6000,19998,70.0,2500,0,-3500,D,False,False,False
https://www.flannels.com/hugo-dayote-logo-print-tracksuit-bottoms-318988#colcode=31898869,Hugo Dayote Logo Print Tracksuit Bottoms,6000,19998,70.0,0,0,0,?,False,False,False
https://www.flannels.com/lacoste-regular-fit-terry-knit-paris-shorts-318169#colcode=31816969,Lacoste Regular-Fit Terry Knit Paris Shorts,6000,19998,70.0,3500,0,-2500,D,False,False,False
