url,name,price,was_price,discount,expected_price,mercari_price,profit,grade,is_new,is_price_down,notified
https://m.global.jdsports.com/product/brown-converse-chuck-70-ox-low-womens/055034/,Converse Chuck 70 Ox Low Women's,1000,14000,92.9,4500,0,3500,S,False,False,True
https://m.global.jdsports.com/product/blue-nike-fly-shox-cap/774144/,Nike Fly Shox Cap,1000,5000,80.0,0,0,0,?,True,False,True
https://m.global.jdsports.com/product/pink-champion-small-logo-t-shirt/786128/,Champion Small Logo T-Shirt,1000,3600,72.2,2500,0,1500,D,True,False,False
https://m.global.jdsports.com/product/blue-nike-heritage-waistpack/088522/,Nike Heritage Waistpack,1600,4000,60.0,3500,0,1900,D,False,False,False
https://m.global.jdsports.com/product/pink-nike-mercurial-hardshell-shin-guards/699605/,Nike Mercurial Hardshell Shin Guards,1600,5000,68.0,3500,0,1900,D,False,False,False
https://m.global.jdsports.com/product/black-nike-core-t-shirt/708680/,Nike Core T-Shirt,1600,4600,65.2,1500,0,-100,D,False,False,False
https://m.global.jdsports.com/product/white-nike-core-t-shirt/708681/,Nike Core T-Shirt,1600,4600,65.2,1500,0,-100,D,False,False,False
https://m.global.jdsports.com/product/grey-the-north-face-centre-logo-t-shirt/750384/,The North Face Centre Logo T-Shirt,1600,4600,65.2,2500,0,900,D,True,False,False
https://m.global.jdsports.com/product/pink-adidas-originals-3-pack-tie-dye-socks/762313/,adidas Originals 3-Pack Tie Dye Socks,1600,3600,55.6,1500,0,-100,D,False,False,False
https://m.global.jdsports.com/product/grey-champion-large-logo-v2-t-shirt/776033/,Champion Large Logo V2 T-Shirt,1600,3000,46.7,2500,0,900,D,False,False,False
https://m.global.jdsports.com/product/white-ugg-jedlyn-varsity-crew-socks/782908/,UGG Jedlyn Varsity Crew Socks,1600,2400,33.3,2500,0,900,D,False,False,False
https://m.global.jdsports.com/product/beige-ugg-jedlyn-varsity-crew-socks/782909/,UGG Jedlyn Varsity Crew Socks,1600,2400,33.3,2500,0,900,D,False,False,False
https://m.global.jdsports.com/product/white-adidas-originals-multi-colour-contrast-logo-t-shirt/785630/,adidas Originals Multi Colour Contrast Logo T-Shirt,1600,4600,65.2,1500,0,-100,D,False,False,False
https://m.global.jdsports.com/product/blue-champion-small-logo-t-shirt/786127/,Champion Small Logo T-Shirt,1600,3600,55.6,2500,0,900,D,False,False,False
https://m.global.jdsports.com/product/black-puma-sportswear-t-shirt/787288/,PUMA Sportswear T-Shirt,1600,4000,60.0,2500,0,900,D,False,False,False
https://m.global.jdsports.com/product/blue-columbia-camper-t-shirt/802174/,Columbia Camper T-Shirt,1600,6000,73.3,2500,0,900,D,False,False,False
https://m.global.jdsports.com/product/black-columbia-stand-t-shirt/802182/,Columbia Stand T-Shirt,1600,5000,68.0,1500,0,-100,D,False,False,False
https://m.global.jdsports.com/product/white-columbia-drape-t-shirt/802183/,Columbia Drape T-Shirt,1600,5000,68.0,2500,0,900,D,False,False,False
https://m.global.jdsports.com/product/black-berghaus-spectrum-gloves/114947/,Berghaus Spectrum Gloves,2000,4000,50.0,0,0,0,?,False,False,False
https://m.global.jdsports.com/product/brown-converse-chuck-70-hi-womens/067783/,Converse Chuck 70 Hi Women's,2000,16000,87.5,4500,0,2500,S,False,False,True
https://m.global.jdsports.com/product/black-nike-heritage-20-gymsack/148655/,Nike Heritage 2.0 Gymsack,2000,4000,50.0,2500,0,500,D,False,False,False
https://m.global.jdsports.com/product/red-nike-sportswear-club-t-shirt/105068/,Nike Sportswear Club T-Shirt,2000,4600,56.5,2500,0,500,D,False,False,False
https://m.global.jdsports.com/product/multi-nike-6-pack-everyday-cushioned-training-crew-socks/666764/,Nike 6-Pack Everyday Cushioned Training Crew Socks,2000,5000,60.0,0,0,0,?,False,False,False
https://m.global.jdsports.com/product/white-nike-fly-dri-fit-cap/727734/,Nike Fly Dri-FIT Cap,2000,5600,64.3,2500,0,500,D,False,False,False
https://m.global.jdsports.com/product/blue-nike-core-t-shirt/728078/,Nike Core T-Shirt,2000,4600,56.5,1500,0,-500,D,True,False,False
https://m.global.jdsports.com/product/black-nike-academy-shorts/728084/,Nike Academy Shorts,2000,5000,60.0,1200,0,-800,D,False,False,False
https://m.global.jdsports.com/product/green-under-armour-tech-utility-t-shirt/750305/,Under Armour Tech Utility T-Shirt,2000,8200,75.6,1200,0,-800,S,False,False,True
https://m.global.jdsports.com/product/blue-adidas-originals-adilette-slides/753592/,adidas Originals Adilette Slides,2000,7000,71.4,2500,0,500,D,False,False,False
https://m.global.jdsports.com/product/white-adidas-originals-outline-trefoil-t-shirt/756734/,adidas Originals Outline Trefoil T-Shirt,2000,4600,56.5,1500,0,-500,D,False,False,False
https://m.global.jdsports.com/product/grey-adidas-originals-multi-colour-contrast-logo-t-shirt/756736/,adidas Originals Multi Colour Contrast Logo T-Shirt,2000,4600,56.5,1500,0,-500,D,False,False,False
https://m.global.jdsports.com/product/black-adidas-celtic-pre-match-shirt/760037/,adidas Celtic Pre Match Shirt,2000,12000,83.3,3500,0,1500,S,False,False,True
https://m.global.jdsports.com/product/black-adidas-tiro-25-14-zip-training-top/763455/,adidas Tiro 25 1/4 Zip Training Top,2000,7600,73.7,3500,0,1500,D,True,False,False
https://m.global.jdsports.com/product/yellow-puma-premier-league-2526-orbita-cup-high-vis-football/768121/,PUMA Premier League 25/26 Orbita Cup High Vis Football,2000,5600,64.3,3500,0,1500,D,True,False,False
https://m.global.jdsports.com/product/black-nike-terra-reflective-beanie-hat/772363/,Nike Terra Reflective Beanie Hat,2000,7000,71.4,2500,0,500,D,True,False,False
https://m.global.jdsports.com/product/black-nike-core-t-shirt/773909/,Nike Core T-Shirt,2000,4600,56.5,1500,0,-500,D,True,False,False
https://m.global.jdsports.com/product/white-adidas-originals-adicolor-beanie-hat/774171/,adidas Originals Adicolor Beanie Hat,2000,4000,50.0,1500,0,-500,D,False,False,False
https://m.global.jdsports.com/product/brown-nike-core-t-shirt/774214/,Nike Core T-Shirt,2000,4600,56.5,1500,0,-500,D,False,False,False
https://m.global.jdsports.com/product/blue-nike-core-t-shirt/774215/,Nike Core T-Shirt,2000,4600,56.5,1500,0,-500,D,False,False,False
https://m.global.jdsports.com/product/brown-columbia-blight-t-shirt/776604/,Columbia Blight T-Shirt,2000,5000,60.0,1500,0,-500,D,False,False,False
https://m.global.jdsports.com/product/blue-puma-manchester-city-fc-king-t-shirt/778237/,PUMA Manchester City FC King T-Shirt,2000,5000,60.0,2500,0,500,D,False,False,False
https://m.global.jdsports.com/product/blue-the-north-face-mountain-athletics-t-shirt/781444/,The North Face Mountain Athletics T-Shirt,2000,5600,64.3,1500,0,-500,D,True,False,False
https://m.global.jdsports.com/product/white-adidas-tiro-26-t-shirt/782425/,adidas Tiro 26 T-Shirt,2000,4000,50.0,3500,0,1500,D,False,False,False
https://m.global.jdsports.com/product/white-adidas-tiro-26-shorts/782426/,adidas Tiro 26 Shorts,2000,4000,50.0,2500,0,500,D,False,False,False
https://m.global.jdsports.com/product/blue-new-era-mlb-la-dodgers-contrast-stitch-9twenty-denim-cap/783822/,New Era MLB LA Dodgers Contrast Stitch 9TWENTY Denim Cap,2000,5600,64.3,3500,0,1500,D,False,False,False
https://m.global.jdsports.com/product/green-adidas-originals-colour-block-retro-t-shirt/784705/,adidas Originals Colour Block Retro T-Shirt,2000,6000,66.7,2500,0,500,D,False,False,False
https://m.global.jdsports.com/product/black-adidas-tiro-26-woven-track-pants/784729/,adidas Tiro 26 Woven Track Pants,2000,8000,75.0,3500,2855,1500,S,True,False,True
https://m.global.jdsports.com/product/black-adidas-training-shorts/784733/,adidas Training Shorts,2000,3600,44.4,2500,0,500,D,True,False,False
https://m.global.jdsports.com/product/black-adidas-originals-multi-colour-contrast-logo-t-shirt/785629/,adidas Originals Multi Colour Contrast Logo T-Shirt,2000,4600,56.5,1500,0,-500,D,False,False,False
https://m.global.jdsports.com/product/grey-new-balance-clean-up-graphic-cap/786613/,New Balance Clean Up Graphic Cap,2000,5200,61.5,2500,0,500,D,False,False,False
https://m.global.jdsports.com/product/white-puma-sportswear-shorts/787297/,PUMA Sportswear Shorts,2000,5000,60.0,2500,0,500,D,False,False,False
https://m.global.jdsports.com/product/pink-puma-sportswear-shorts/787299/,PUMA Sportswear Shorts,2000,5000,60.0,2500,0,500,D,False,False,False
https://m.global.jdsports.com/product/green-adidas-originals-waffle-t-shirt/787517/,adidas Originals Waffle T-Shirt,2000,5600,64.3,2500,0,500,D,False,False,False
https://m.global.jdsports.com/product/blue-adidas-tiro-26-shorts/790152/,adidas Tiro 26 Shorts,2000,4000,50.0,2500,0,500,D,False,False,False
https://m.global.jdsports.com/product/white-adidas-originals-trefoil-essentials-vest/794588/,adidas Originals Trefoil Essentials Vest,2000,4400,54.5,3500,0,1500,D,False,False,False
https://m.global.jdsports.com/product/brown-adidas-originals-embroidered-oversized-t-shirt/794594/,adidas Originals Embroidered Oversized T-Shirt,2000,7000,71.4,2500,0,500,D,True,False,False
https://m.global.jdsports.com/product/white-adidas-tiro-26-vest/794600/,adidas Tiro 26 Vest,2000,3600,44.4,3500,0,1500,D,True,False,False
https://m.global.jdsports.com/product/grey-adidas-training-vest/794601/,adidas Training Vest,2000,3000,33.3,3500,0,1500,D,False,False,False
https://m.global.jdsports.com/product/blue-adidas-originals-trefoil-essential-shorts/801623/,adidas Originals Trefoil Essential Shorts,2000,6600,69.7,3500,0,1500,D,False,False,False
https://m.global.jdsports.com/product/off-white-adidas-originals-colour-block-3-stripes-t-shirt/806882/,adidas Originals Colour Block 3-Stripes T-Shirt,2000,6000,66.7,2500,0,500,D,False,False,False
https://m.global.jdsports.com/product/black-nike-fleece-neck-warmer/681903/,Nike Fleece Neck Warmer,2400,3600,33.3,0,0,0,?,False,False,False
https://m.global.jdsports.com/product/pink-adidas-scotland-2024-goalkeeper-alternate-shorts/706511/,adidas Scotland 2024 Goalkeeper Alternate Shorts,2400,7600,68.4,3500,0,1100,D,False,False,False
https://m.global.jdsports.com/product/brown-new-balance-x-47-brand-logo-beanie-hat/751762/,New Balance x 47 Brand Logo Beanie Hat,2400,5000,52.0,2500,0,100,D,False,False,False
https://m.global.jdsports.com/product/grey-nike-total-90-football/779345/,Nike Total 90 Football,2400,5000,52.0,0,0,0,?,True,False,False
https://m.global.jdsports.com/product/pink-adidas-originals-classic-trefoil-cap/779531/,adidas Originals Classic Trefoil Cap,2400,3600,33.3,2500,0,100,D,False,False,False
https://m.global.jdsports.com/product/grey-adidas-training-essential-t-shirt/784734/,adidas Training Essential T-Shirt,2400,3600,33.3,1500,0,-900,D,True,False,False
https://m.global.jdsports.com/product/blue-adidas-training-t-shirt/784737/,adidas Training T-Shirt,2400,3600,33.3,2000,0,-400,D,False,False,False
https://m.global.jdsports.com/product/blue-adidas-mls-training-202526-club-football/790736/,adidas MLS Training 2025/26 Club Football,2400,4600,47.8,0,0,0,?,False,False,False
https://m.global.jdsports.com/product/white-nike-phantom-football/791386/,Nike Phantom Football,2400,4600,47.8,0,0,0,?,False,False,False
https://m.global.jdsports.com/product/green-nike-tech-waist-bag/088531/,Nike Tech Waist Bag,3000,7000,57.1,3500,0,500,D,False,False,False
https://m.global.jdsports.com/product/black-under-armour-compression-shorts/481239/,Under Armour Compression Shorts,3000,6400,53.1,2500,0,-500,D,False,False,False
https://m.global.jdsports.com/product/black-under-armour-storm-liner-gloves/593780/,Under Armour Storm Liner Gloves,3000,4600,34.8,2500,0,-500,D,False,False,False
https://m.global.jdsports.com/product/white-nike-renew-recharge-straw-bottle/649014/,Nike Renew Recharge Straw Bottle,3000,4800,37.5,0,0,0,?,False,False,False
https://m.global.jdsports.com/product/red-adidas-originals-zx-750/666682/,adidas Originals ZX 750,3000,18000,83.3,3500,0,500,S,False,False,True
https://m.global.jdsports.com/product/blue-nike-chelsea-fc-202425-home-shorts/709710/,Nike Chelsea FC 2024/25 Home Shorts,3000,9000,66.7,2500,0,-500,D,False,False,False
https://m.global.jdsports.com/product/black-adidas-training-shorts/711477/,adidas Training Shorts,3000,4600,34.8,2500,0,-500,D,False,False,False
https://m.global.jdsports.com/product/blue-nike-repeat-tape-t-shirt/718727/,Nike Repeat Tape T-Shirt,3000,6600,54.5,2500,0,-500,D,False,False,False
https://m.global.jdsports.com/product/green-berghaus-dots-logo-t-shirt/728655/,Berghaus Dots Logo T-Shirt,3000,6400,53.1,2500,0,-500,D,False,False,False
https://m.global.jdsports.com/product/white-nike-foundation-vest/752945/,Nike Foundation Vest,3000,4600,34.8,3500,0,500,D,False,False,False
https://m.global.jdsports.com/product/green-adidas-originals-essential-woven-shorts/754638/,adidas Originals Essential Woven Shorts,3000,6600,54.5,2500,0,-500,D,False,False,False
https://m.global.jdsports.com/product/orange-nike-core-swim-shorts/756820/,Nike Core Swim Shorts,3000,5200,42.3,0,0,0,?,False,False,False
https://m.global.jdsports.com/product/white-puma-ac-milan-202526-away-shirt/757032/,PUMA AC Milan 2025/26 Away Shirt,3000,17000,82.4,5800,4612,2800,S,True,False,True
https://m.global.jdsports.com/product/red-adidas-as-roma-training-shirt/757385/,adidas AS Roma Training Shirt,3000,9000,66.7,3500,0,500,D,True,False,False
https://m.global.jdsports.com/product/multi-nike-6-pack-everyday-cushioned-training-crew-socks/763349/,Nike 6-Pack Everyday Cushioned Training Crew Socks,3000,5000,40.0,0,0,0,?,False,False,False
https://m.global.jdsports.com/product/black-nike-academy-t-shirt/764263/,Nike Academy T-Shirt,3000,5000,40.0,1500,0,-1500,D,False,False,False
https://m.global.jdsports.com/product/green-nike-challenger-shorts/764284/,Nike Challenger Shorts,3000,7600,60.5,2500,0,-500,D,False,False,False
https://m.global.jdsports.com/product/blue-adidas-originals-real-madrid-third-scarf/764348/,adidas Originals Real Madrid Third Scarf,3000,4600,34.8,0,0,0,?,False,False,False
https://m.global.jdsports.com/product/blue-adidas-originals-real-madrid-third-bucket-hat/764349/,adidas Originals Real Madrid Third Bucket Hat,3000,4600,34.8,2500,0,-500,D,False,False,False
https://m.global.jdsports.com/product/white-new-balance-cafe-t-shirt/766722/,New Balance Cafe T-Shirt,3000,6400,53.1,2500,0,-500,D,False,False,False
https://m.global.jdsports.com/product/red-puma-core-sportswear-joggers/767161/,PUMA Core Sportswear Joggers,3000,9000,66.7,2800,0,-200,D,False,False,False
https://m.global.jdsports.com/product/pink-nike-peak-cosy-beanie-hat/772847/,Nike Peak Cosy Beanie Hat,3000,6600,54.5,2500,0,-500,D,True,False,False
https://m.global.jdsports.com/product/grey-nike-air-max-t-shirt/773873/,Nike Air Max T-Shirt,3000,7000,57.1,1800,0,-1200,D,False,False,False
https://m.global.jdsports.com/product/green-nike-air-max-t-shirt/773879/,Nike Air Max T-Shirt,3000,7000,57.1,1800,0,-1200,D,True,False,False
https://m.global.jdsports.com/product/red-adidas-originals-6-pack-trefoil-cushion-crew-socks/774498/,adidas Originals 6-Pack Trefoil Cushion Crew Socks,3000,4000,25.0,2500,0,-500,D,False,False,False
https://m.global.jdsports.com/product/black-under-armour-ua-poly-hoodie/777369/,Under Armour UA Poly Hoodie,3000,11000,72.7,3500,0,500,D,False,False,False
https://m.global.jdsports.com/product/black-berghaus-grid-mountain-t-shirt/778038/,Berghaus Grid Mountain T-Shirt,3000,6000,50.0,1500,0,-1500,D,False,False,False
https://m.global.jdsports.com/product/white-berghaus-threshold-peak-t-shirt/778039/,Berghaus Threshold Peak T-Shirt,3000,7000,57.1,0,0,0,?,False,False,False
https://m.global.jdsports.com/product/blue-berghaus-engineered-t-shirt/778046/,Berghaus Engineered T-Shirt,3000,7000,57.1,2500,0,-500,D,False,False,False
https://m.global.jdsports.com/product/green-berghaus-engineered-t-shirt/778070/,Berghaus Engineered T-Shirt,3000,6000,50.0,2500,0,-500,D,True,False,False
https://m.global.jdsports.com/product/grey-nike-authorised-joggers/778892/,Nike Authorised Joggers,3000,11000,72.7,0,0,0,?,False,False,False
https://m.global.jdsports.com/product/blue-boss-mixandmatch-t-shirt/778939/,BOSS Mix&Match T-Shirt,3000,7800,61.5,2500,0,-500,D,False,False,False
https://m.global.jdsports.com/product/blue-nike-air-max-graphic-t-shirt/779992/,Nike Air Max Graphic T-Shirt,3000,6600,54.5,1500,0,-1500,D,False,False,False
https://m.global.jdsports.com/product/black-nike-air-max-95-graphic-t-shirt/779998/,Nike Air Max 95 Graphic T-Shirt,3000,7000,57.1,2500,0,-500,D,False,False,False
https://m.global.jdsports.com/product/white-nike-air-max-95-graphic-t-shirt/779999/,Nike Air Max 95 Graphic T-Shirt,3000,7000,57.1,2500,0,-500,D,False,False,False
https://m.global.jdsports.com/product/white-puma-premier-league-202526-orbita-cup-thrill-football/780998/,PUMA Premier League 2025/26 Orbita Cup Thrill Football,3000,5600,46.4,0,0,0,?,False,False,False
https://m.global.jdsports.com/product/white-puma-premier-league-2526-orbita-thrill-4-football/781001/,PUMA Premier League 25/26 Orbita Thrill (4) Football,3000,5600,46.4,2800,0,-200,D,False,False,False
https://m.global.jdsports.com/product/white-the-north-face-globe-relaxed-t-shirt/781658/,The North Face Globe Relaxed T-Shirt,3000,6000,50.0,2500,0,-500,D,True,False,False
https://m.global.jdsports.com/product/blue-under-armour-tech-reflective-t-shirt/781678/,Under Armour Tech Reflective T-Shirt,3000,6400,53.1,1500,0,-1500,D,False,False,False
https://m.global.jdsports.com/product/blue-under-armour-tech-grid-shorts/781685/,Under Armour Tech Grid Shorts,3000,7000,57.1,2500,0,-500,D,False,False,False
https://m.global.jdsports.com/product/white-under-armour-tech-fade-t-shirt/781690/,Under Armour Tech Fade T-Shirt,3000,7000,57.1,1500,0,-1500,D,True,False,False
https://m.global.jdsports.com/product/blue-under-armour-tech-fade-shorts/781691/,Under Armour Tech Fade Shorts,3000,7200,58.3,1200,0,-1800,D,False,False,False
https://m.global.jdsports.com/product/brown-under-armour-tech-embossed-shorts/781695/,Under Armour Tech Embossed Shorts,3000,7000,57.1,2800,0,-200,D,False,False,False
https://m.global.jdsports.com/product/red-under-armour-velocity-jacquard-t-shirt/781699/,Under Armour Velocity Jacquard T-Shirt,3000,7200,58.3,2500,0,-500,D,False,False,False
https://m.global.jdsports.com/product/grey-under-armour-launch-7-shorts/781726/,"Under Armour Launch 7"" Shorts",3000,8000,62.5,2800,0,-200,D,False,False,False
https://m.global.jdsports.com/product/black-new-balance-ramen-t-shirt/781880/,New Balance Ramen T-Shirt,3000,7000,57.1,0,0,0,?,False,False,False
https://m.global.jdsports.com/product/multi-new-era-mlb-new-york-mets-9fifty-a-frame-cap/782207/,New Era MLB New York Mets 9FIFTY A-Frame Cap,3000,6800,55.9,2500,0,-500,D,False,False,False
https://m.global.jdsports.com/product/black-adidas-originals-trefoil-cap-t-shirt/782415/,adidas Originals Trefoil Cap T-Shirt,3000,5000,40.0,2500,0,-500,D,False,False,False
https://m.global.jdsports.com/product/black-adidas-tiro-track-pants/782420/,adidas Tiro Track Pants,3000,7600,60.5,3500,0,500,D,False,False,False
https://m.global.jdsports.com/product/grey-adidas-tiro-26-shorts/782424/,adidas Tiro 26 Shorts,3000,4000,25.0,2500,0,-500,D,False,False,False
https://m.global.jdsports.com/product/blue-adidas-originals-waffle-shorts/784720/,adidas Originals Waffle Shorts,3000,8000,62.5,3500,0,500,D,False,False,False
https://m.global.jdsports.com/product/grey-adidas-originals-waffle-polo-shirt/784724/,adidas Originals Waffle Polo Shirt,3000,7000,57.1,2500,0,-500,D,False,False,False
https://m.global.jdsports.com/product/green-columbia-three-pitch-shorts/786462/,Columbia Three Pitch Shorts,3000,8000,62.5,3500,0,500,D,False,False,False
https://m.global.jdsports.com/product/black-puma-x-hyrox-t-shirt/787303/,PUMA x HYROX T-Shirt,3000,9000,66.7,2500,0,-500,D,False,False,False
https://m.global.jdsports.com/product/blue-adidas-training-shorts/787520/,adidas Training Shorts,3000,5000,40.0,2500,0,-500,D,False,False,False
https://m.global.jdsports.com/product/brown-adidas-adilette-lumia-slides/787557/,adidas Adilette Lumia Slides,3000,5000,40.0,4500,0,1500,D,False,False,False
https://m.global.jdsports.com/product/black-nike-foundation-shorts/788869/,Nike Foundation Shorts,3000,7600,60.5,2500,0,-500,D,True,False,False
https://m.global.jdsports.com/product/grey-nike-foundation-shorts/788870/,Nike Foundation Shorts,3000,7600,60.5,2500,0,-500,D,False,False,False
https://m.global.jdsports.com/product/blue-nike-palm-t-shirt/788872/,Nike Palm T-Shirt,3000,6000,50.0,2500,0,-500,D,False,False,False
https://m.global.jdsports.com/product/blue-under-armour-launch-7-shorts/789255/,"Under Armour Launch 7"" Shorts",3000,8000,62.5,2800,0,-200,D,False,False,False
https://m.global.jdsports.com/product/green-under-armour-velocity-jacquard-t-shirt/789262/,Under Armour Velocity Jacquard T-Shirt,3000,7200,58.3,2500,0,-500,D,False,False,False
https://m.global.jdsports.com/product/orange-under-armour-tech-embossed-shorts/789264/,Under Armour Tech Embossed Shorts,3000,7000,57.1,2800,0,-200,D,False,False,False
https://m.global.jdsports.com/product/blue-under-armour-heatgear-short-sleeve-compression-t-shirt/789282/,Under Armour HeatGear Short Sleeve Compression T-Shirt,3000,6400,53.1,1500,0,-1500,D,False,False,False
https://m.global.jdsports.com/product/white-adidas-originals-cali-t-shirt/790082/,adidas Originals Cali T-Shirt,3000,5600,46.4,2500,0,-500,D,False,False,False
https://m.global.jdsports.com/product/blue-adidas-originals-all-over-print-woven-shorts/790110/,adidas Originals All Over Print Woven Shorts,3000,8000,62.5,3500,0,500,D,False,False,False
https://m.global.jdsports.com/product/white-adidas-originals-africa-graphic-t-shirt/790133/,adidas Originals Africa Graphic T-Shirt,3000,6000,50.0,1500,0,-1500,D,False,False,False
https://m.global.jdsports.com/product/white-adidas-messi-f50-football/790737/,adidas Messi F50 Football,3000,4600,34.8,0,0,0,?,True,False,False
https://m.global.jdsports.com/product/blue-nike-sounds-t-shirt/791143/,Nike Sounds T-Shirt,3000,6600,54.5,2800,0,-200,D,True,False,False
https://m.global.jdsports.com/product/grey-nike-academy-t-shirt/791240/,Nike Academy T-Shirt,3000,4600,34.8,1500,0,-1500,D,False,False,False
https://m.global.jdsports.com/product/green-new-balance-fast-days-shorts/792542/,New Balance Fast Days Shorts,3000,7000,57.1,3000,0,0,D,False,False,False
https://m.global.jdsports.com/product/white-the-north-face-location-oversized-t-shirt/793075/,The North Face Location Oversized T-Shirt,3000,6000,50.0,2800,0,-200,D,False,False,False
https://m.global.jdsports.com/product/black-the-north-face-mountain-athletics-shorts/793960/,The North Face Mountain Athletics Shorts,3000,9000,66.7,3500,0,500,D,False,False,False
https://m.global.jdsports.com/product/grey-nike-air-t-shirt/794427/,Nike Air T-Shirt,3000,5600,46.4,2000,0,-1000,D,False,False,False
https://m.global.jdsports.com/product/blue-adidas-originals-embroidered-oversized-t-shirt/794591/,adidas Originals Embroidered Oversized T-Shirt,3000,7000,57.1,2500,0,-500,D,False,False,False
https://m.global.jdsports.com/product/grey-new-balance-run-club-joggers/794978/,New Balance Run Club Joggers,3000,10000,70.0,2500,0,-500,D,False,False,False
https://m.global.jdsports.com/product/grey-adidas-originals-trefoil-bubble-oversized-hoodie/795506/,adidas Originals Trefoil Bubble Oversized Hoodie,3000,11000,72.7,5500,0,2500,D,False,False,False
https://m.global.jdsports.com/product/white-new-era-script-9twenty-cap/795939/,New Era Script 9TWENTY Cap,3000,5200,42.3,3500,0,500,D,False,False,False
https://m.global.jdsports.com/product/white-adidas-originals-trefoil-graphic-t-shirt/798149/,adidas Originals Trefoil Graphic T-Shirt,3000,6600,54.5,1500,0,-1500,D,True,False,False
https://m.global.jdsports.com/product/black-new-era-mlb-new-york-mets-graphic-t-shirt/799600/,New Era MLB New York Mets Graphic T-Shirt,3000,5000,40.0,1500,0,-1500,D,False,False,False
https://m.global.jdsports.com/product/white-new-era-new-york-yankees-graphic-t-shirt/799601/,New Era New York Yankees Graphic T-Shirt,3000,5000,40.0,2500,0,-500,D,False,False,False
https://m.global.jdsports.com/product/brown-adidas-originals-cali-t-shirt/801622/,adidas Originals Cali T-Shirt,3000,5600,46.4,2500,0,-500,D,False,False,False
https://m.global.jdsports.com/product/multi-new-balance-6-pack-everyday-crew-socks/804136/,New Balance 6-Pack Everyday Crew Socks,3000,5000,40.0,2000,0,-1000,D,False,False,False
https://m.global.jdsports.com/product/brown-adidas-originals-surf-t-shirt/806875/,adidas Originals Surf T-Shirt,3000,7000,57.1,1800,0,-1200,D,False,False,False
https://m.global.jdsports.com/product/black-new-balance-6-pack-crew-socks/810764/,New Balance 6-Pack Crew Socks,3000,4000,25.0,0,0,0,?,False,False,False
https://m.global.jdsports.com/product/pink-adidas-world-cup-26-trionda-club-football/812197/,adidas World Cup 26 Trionda Club Football,3000,4600,34.8,0,0,0,?,False,False,False
https://m.global.jdsports.com/product/green-adidas-world-cup-26-trionda-club-football/812200/,adidas World Cup 26 Trionda Club Football,3000,4600,34.8,0,0,0,?,False,False,False
https://m.global.jdsports.com/product/white-jordan-2-pack-flight-tank-tops/718437/,Jordan 2 Pack Flight Tank Tops,3600,5600,35.7,24000,0,20400,S,False,False,True
https://m.global.jdsports.com/product/black-jordan-2-pack-flight-tank-top/728254/,Jordan 2-Pack Flight Tank Top,3600,5600,35.7,2500,0,-1100,D,False,False,False
https://m.global.jdsports.com/product/purple-adidas-uefa-champions-league-202526-final-football/780228/,adidas UEFA Champions League 2025/26 Final Football,3600,5000,28.0,0,0,0,?,False,False,False
https://m.global.jdsports.com/product/green-nike-academy-erling-haaland-football/789879/,Nike Academy Erling Haaland Football,3600,5600,35.7,0,0,0,?,False,False,False
https://m.global.jdsports.com/product/black-nike-sphere-gloves/603187/,Nike Sphere Gloves,4000,6000,33.3,0,0,0,?,False,False,False
https://m.global.jdsports.com/product/black-nike-acg-gloves/679930/,Nike ACG Gloves,4000,7000,42.9,3500,0,-500,D,False,False,False
https://m.global.jdsports.com/product/black-nike-coy-track-top/680861/,Nike Coy Track Top,4000,14000,71.4,3500,0,-500,D,False,False,False
https://m.global.jdsports.com/product/black-the-north-face-y2k-shoulder-bag/691938/,The North Face Y2K Shoulder Bag,4000,5600,28.6,8000,0,4000,D,False,False,False
https://m.global.jdsports.com/product/black-nike-foundation-joggers/701814/,Nike Foundation Joggers,4000,10000,60.0,2500,0,-1500,D,False,False,False
https://m.global.jdsports.com/product/grey-nike-academy-14-zip-top/708684/,Nike Academy 1/4 Zip Top,4000,8000,50.0,2500,0,-1500,D,False,False,False
https://m.global.jdsports.com/product/blue-puma-core-sportswear-hoodie/716462/,PUMA Core Sportswear Hoodie,4000,10000,60.0,3500,0,-500,D,False,False,False
https://m.global.jdsports.com/product/black-adidas-originals-trefoil-essential-joggers/719771/,adidas Originals Trefoil Essential Joggers,4000,9000,55.6,3500,0,-500,D,False,False,False
https://m.global.jdsports.com/product/pink-nike-core-swim-shorts/734439/,Nike Core Swim Shorts,4000,5200,23.1,0,0,0,?,False,False,False
https://m.global.jdsports.com/product/brown-nike-precision-t-shirt/753061/,Nike Precision T-Shirt,4000,6000,33.3,2500,0,-1500,D,False,False,False
https://m.global.jdsports.com/product/blue-the-north-face-mountain-athletics-pocket-t-shirt/756368/,The North Face Mountain Athletics Pocket T-Shirt,4000,8000,50.0,2500,0,-1500,D,False,False,False
https://m.global.jdsports.com/product/black-nike-graphic-swim-shorts/756821/,Nike Graphic Swim Shorts,4000,5600,28.6,3500,0,-500,D,False,False,False
https://m.global.jdsports.com/product/white-adidas-celtic-202526-third-shirt/757317/,adidas Celtic 2025/26 Third Shirt,4000,15000,73.3,3500,0,-500,D,False,False,False
https://m.global.jdsports.com/product/white-adidas-manchester-united-fc-202526-away-shirt/757443/,adidas Manchester United FC 2025/26 Away Shirt,4000,17000,76.5,3500,4349,-500,S,True,False,True
https://m.global.jdsports.com/product/blue-adidas-real-madrid-european-presentation-track-pants/757551/,adidas Real Madrid European Presentation Track Pants,4000,11000,63.6,8000,0,4000,D,False,False,False
https://m.global.jdsports.com/product/grey-adidas-newcastle-united-fc-training-shirt/760059/,adidas Newcastle United FC Training Shirt,4000,9000,55.6,2500,0,-1500,D,False,False,False
https://m.global.jdsports.com/product/blue-nike-tottenham-hotspur-fc-strike-shorts/762211/,Nike Tottenham Hotspur FC Strike Shorts,4000,8000,50.0,3500,0,-500,D,True,False,False
https://m.global.jdsports.com/product/blue-adidas-leeds-united-fc-training-shorts/763340/,adidas Leeds United FC Training Shorts,4000,7600,47.4,2500,0,-1500,D,False,False,False
https://m.global.jdsports.com/product/black-jordan-swoosh-t-shirt/763489/,Jordan Swoosh T-Shirt,4000,5600,28.6,2500,0,-1500,D,False,False,False
https://m.global.jdsports.com/product/black-nike-baselayer-shorts/764315/,Nike Baselayer Shorts,4000,6600,39.4,2000,0,-2000,D,False,False,False
https://m.global.jdsports.com/product/grey-fred-perry-oversized-laurel-wreath-t-shirt/764741/,Fred Perry Oversized Laurel Wreath T-Shirt,4000,12000,66.7,3500,0,-500,D,True,False,False
https://m.global.jdsports.com/product/black-nike-fc-barcelona-just-do-it-mini-bag/765328/,Nike FC Barcelona Just Do It Mini Bag,4000,6400,37.5,3500,0,-500,D,True,False,False
https://m.global.jdsports.com/product/blue-nike-paris-saint-germain-apex-bucket-hat/765335/,Nike Paris Saint Germain Apex Bucket Hat,4000,6400,37.5,3500,0,-500,D,False,False,False
https://m.global.jdsports.com/product/blue-adidas-essential-crew-sweatshirt/771758/,adidas Essential Crew Sweatshirt,4000,7600,47.4,3500,0,-500,D,False,False,False
https://m.global.jdsports.com/product/black-under-armour-essential-ripstop-bag-20/772356/,Under Armour Essential Ripstop Bag 2.0,4000,5400,25.9,3500,0,-500,D,False,False,False
https://m.global.jdsports.com/product/green-under-armour-tech-utility-14-zip-top/772525/,Under Armour Tech Utility 1/4 Zip Top,4000,10000,60.0,2800,0,-1200,D,False,False,False
https://m.global.jdsports.com/product/white-nike-peak-premium-beanie-hat/772846/,Nike Peak Premium Beanie Hat,4000,6600,39.4,2500,0,-1500,D,False,False,False
https://m.global.jdsports.com/product/black-jordan-brooklyn-peak-beanie-hat/773169/,Jordan Brooklyn Peak Beanie Hat,4000,6000,33.3,2500,0,-1500,D,False,False,False
https://m.global.jdsports.com/product/grey-fila-fiorenzo/773598/,Fila Fiorenzo,4000,10000,60.0,3500,0,-500,D,False,False,False
https://m.global.jdsports.com/product/brown-fila-fiorenzo/773599/,Fila Fiorenzo,4000,10000,60.0,3500,0,-500,D,False,False,False
https://m.global.jdsports.com/product/grey-nike-academy-14-zip-top/773915/,Nike Academy 1/4 Zip Top,4000,8000,50.0,2500,0,-1500,D,False,False,False
https://m.global.jdsports.com/product/grey-nike-academy-track-pants/773916/,Nike Academy Track Pants,4000,8000,50.0,3500,0,-500,D,False,False,False
https://m.global.jdsports.com/product/black-adidas-originals-trefoil-essentials-14-zip-sweatshirt/774804/,adidas Originals Trefoil Essentials 1/4 Zip Sweatshirt,4000,10000,60.0,3500,0,-500,D,False,False,False
https://m.global.jdsports.com/product/black-adidas-tiro-26-training-track-pants/774836/,adidas Tiro 26 Training Track Pants,4000,8000,50.0,3500,0,-500,D,False,False,False
https://m.global.jdsports.com/product/grey-the-north-face-fine-box-logo-joggers/776363/,The North Face Fine Box Logo Joggers,4000,13000,69.2,0,0,0,?,False,False,False
https://m.global.jdsports.com/product/blue-the-north-face-247-embossed-t-shirt/776498/,The North Face 24/7 Embossed T-Shirt,4000,7000,42.9,1200,0,-2800,D,False,False,False
https://m.global.jdsports.com/product/grey-the-north-face-performance-woven-shorts/776519/,The North Face Performance Woven Shorts,4000,9000,55.6,3500,0,-500,D,False,False,False
https://m.global.jdsports.com/product/blue-berghaus-explorer-tech-t-shirt/778041/,Berghaus Explorer Tech T-Shirt,4000,8000,50.0,2800,0,-1200,D,False,False,False
https://m.global.jdsports.com/product/blue-berghaus-motion-shorts/778042/,Berghaus Motion Shorts,4000,9000,55.6,3500,0,-500,D,False,False,False
https://m.global.jdsports.com/product/grey-berghaus-sidley-pocket-t-shirt/778043/,Berghaus Sidley Pocket T-Shirt,4000,8000,50.0,0,0,0,?,False,False,False
https://m.global.jdsports.com/product/black-berghaus-stanope-shorts/778072/,Berghaus Stanope Shorts,4000,9000,55.6,0,0,0,?,False,False,False
https://m.global.jdsports.com/product/blue-berghaus-grid-mountain-t-shirt/778074/,Berghaus Grid Mountain T-Shirt,4000,7000,42.9,1500,0,-2500,D,False,False,False
https://m.global.jdsports.com/product/black-adidas-originals-adicolor-classics-3-stripes-ringer-t-shirt/778107/,adidas Originals Adicolor Classics 3-Stripes Ringer T-Shirt,4000,5600,28.6,2500,0,-1500,D,False,False,False
https://m.global.jdsports.com/product/black-adidas-originals-adicolor-classics-3-stripes-t-shirt/778161/,adidas Originals Adicolor Classics 3-stripes T-shirt,4000,5600,28.6,2500,0,-1500,D,False,False,False
https://m.global.jdsports.com/product/brown-nike-street-fleece-joggers/778899/,Nike Street Fleece Joggers,4000,11000,63.6,3500,0,-500,D,False,False,False
https://m.global.jdsports.com/product/blue-asics-icon-7-shorts/778988/,"ASICS Icon 7"" Shorts",4000,7200,44.4,3000,0,-1000,D,False,False,False
https://m.global.jdsports.com/product/orange-asics-core-all-over-print-t-shirt/779003/,ASICS Core All Over Print T-Shirt,4000,8000,50.0,2500,0,-1500,D,False,False,False
https://m.global.jdsports.com/product/orange-asics-core-7-shorts/779004/,"ASICS Core 7"" Shorts",4000,7000,42.9,3500,0,-500,D,False,False,False
https://m.global.jdsports.com/product/black-jordan-globe-t-shirt/779391/,Jordan Globe T-Shirt,4000,7600,47.4,1500,0,-2500,D,False,False,False
https://m.global.jdsports.com/product/black-fila-cress/779913/,Fila Cress,4000,10000,60.0,4500,0,500,D,False,False,False
https://m.global.jdsports.com/product/white-nike-air-max-tape-t-shirt/779985/,Nike Air Max Tape T-Shirt,4000,7600,47.4,2500,0,-1500,D,False,False,False
https://m.global.jdsports.com/product/black-nike-air-max-tape-t-shirt/779986/,Nike Air Max Tape T-Shirt,4000,7600,47.4,2500,0,-1500,D,False,False,False
https://m.global.jdsports.com/product/white-nike-air-max-95-graphic-t-shirt/780002/,Nike Air Max 95 Graphic T-Shirt,4000,7000,42.9,2500,0,-1500,D,False,False,False
https://m.global.jdsports.com/product/black-nike-air-max-95-graphic-t-shirt/780005/,Nike Air Max 95 Graphic T-Shirt,4000,7000,42.9,2500,0,-1500,D,False,False,False
https://m.global.jdsports.com/product/blue-nike-challenger-7-shorts/780045/,"Nike Challenger 7"" Shorts",4000,7600,47.4,2500,0,-1500,D,False,False,False
https://m.global.jdsports.com/product/red-nike-miler-10-t-shirt/780054/,Nike Miler 1.0 T-Shirt,4000,7000,42.9,2500,0,-1500,D,False,False,False
https://m.global.jdsports.com/product/blue-nike-challenger-7-shorts/780062/,"Nike Challenger 7"" Shorts",4000,7600,47.4,2500,0,-1500,D,False,False,False
https://m.global.jdsports.com/product/black-nike-academy-t-shirt/780080/,Nike Academy T-Shirt,4000,5000,20.0,1500,0,-2500,D,False,False,False
https://m.global.jdsports.com/product/black-nike-academy-shorts/780081/,Nike Academy Shorts,4000,5000,20.0,1200,0,-2800,D,False,False,False
https://m.global.jdsports.com/product/blue-nike-strike-shirt/780090/,Nike Strike Shirt,4000,7600,47.4,2500,0,-1500,D,False,False,False
https://m.global.jdsports.com/product/brown-nike-foundation-oversized-french-terry-shorts/780096/,Nike Foundation Oversized French Terry Shorts,4000,10000,60.0,3500,0,-500,D,False,False,False
https://m.global.jdsports.com/product/black-fila-trexler-5/781317/,Fila Trexler 5,4000,9000,55.6,3500,0,-500,D,False,False,False
https://m.global.jdsports.com/product/grey-fila-trexler-5/781318/,Fila Trexler 5,4000,9000,55.6,3500,0,-500,D,False,False,False
https://m.global.jdsports.com/product/black-fila-trexler-5/781319/,Fila Trexler 5,4000,9000,55.6,3500,0,-500,D,False,False,False
https://m.global.jdsports.com/product/white-fila-trexler-5/781320/,Fila Trexler 5,4000,9000,55.6,3500,0,-500,D,False,False,False
https://m.global.jdsports.com/product/grey-the-north-face-performance-t-shirt/781439/,The North Face Performance T-Shirt,4000,8000,50.0,1500,0,-2500,D,False,False,False
https://m.global.jdsports.com/product/grey-the-north-face-247-shorts/781440/,The North Face 24/7 Shorts,4000,8000,50.0,3500,0,-500,D,False,False,False
https://m.global.jdsports.com/product/white-the-north-face-globe-font-t-shirt/781441/,The North Face Globe Font T-Shirt,4000,6000,33.3,3500,0,-500,D,False,False,False
https://m.global.jdsports.com/product/green-the-north-face-performance-t-shirt/781442/,The North Face Performance T-Shirt,4000,8000,50.0,1500,0,-2500,D,False,False,False
https://m.global.jdsports.com/product/blue-the-north-face-graphic-performance-t-shirt/781450/,The North Face Graphic Performance T-Shirt,4000,7000,42.9,1500,0,-2500,D,False,False,False
https://m.global.jdsports.com/product/blue-the-north-face-graphic-reaxion-shorts/781451/,The North Face Graphic Reaxion Shorts,4000,9000,55.6,3000,0,-1000,D,False,False,False
https://m.global.jdsports.com/product/grey-the-north-face-247-embossed-t-shirt/781455/,The North Face 24/7 Embossed T-Shirt,4000,7000,42.9,1200,0,-2800,D,False,False,False
https://m.global.jdsports.com/product/blue-the-north-face-performance-t-shirt/781460/,The North Face Performance T-Shirt,4000,8000,50.0,1500,0,-2500,D,False,False,False
https://m.global.jdsports.com/product/grey-the-north-face-graphic-performance-t-shirt/781462/,The North Face Graphic Performance T-Shirt,4000,7000,42.9,1500,0,-2500,D,False,False,False
https://m.global.jdsports.com/product/blue-under-armour-brawl-14-zip-sweatshirt/781676/,Under Armour Brawl 1/4 Zip Sweatshirt,4000,11000,63.6,2800,0,-1200,D,False,False,False
https://m.global.jdsports.com/product/grey-under-armour-tech-grid-shorts/781681/,Under Armour Tech Grid Shorts,4000,7000,42.9,2500,0,-1500,D,True,False,False
https://m.global.jdsports.com/product/blue-under-armour-tech-grid-t-shirt/781684/,Under Armour Tech Grid T-Shirt,4000,6000,33.3,1500,0,-2500,D,False,False,False
https://m.global.jdsports.com/product/black-under-armour-brawl-14-zip-sweatshirt/781686/,Under Armour Brawl 1/4 Zip Sweatshirt,4000,11000,63.6,2800,0,-1200,D,False,False,False
https://m.global.jdsports.com/product/brown-under-armour-tech-emboss-t-shirt/781694/,Under Armour Tech Emboss T-Shirt,4000,7200,44.4,1500,0,-2500,D,False,False,False
https://m.global.jdsports.com/product/green-under-armour-velocity-jacquard-t-shirt/781698/,Under Armour Velocity Jacquard T-Shirt,4000,7200,44.4,2500,0,-1500,D,False,False,False
https://m.global.jdsports.com/product/green-under-armour-tech-utility-t-shirt/781705/,Under Armour Tech Utility T-Shirt,4000,8000,50.0,1200,0,-2800,D,False,False,False
https://m.global.jdsports.com/product/black-under-armour-neolast-heatgear-t-shirt/781707/,Under Armour NEOLAST HeatGear T-Shirt,4000,8200,51.2,1500,0,-2500,D,False,False,False
https://m.global.jdsports.com/product/black-under-armour-neolast-heatgear-long-sleeve-top/781709/,Under Armour NEOLAST HeatGear Long Sleeve Top,4000,10000,60.0,2500,0,-1500,D,False,False,False
https://m.global.jdsports.com/product/pink-under-armour-vanish-seamless-t-shirt/781713/,Under Armour Vanish Seamless T-Shirt,4000,8200,51.2,2500,0,-1500,D,False,False,False
https://m.global.jdsports.com/product/green-under-armour-tech-hybrid-t-shirt/781717/,Under Armour Tech Hybrid T-Shirt,4000,6400,37.5,2500,0,-1500,D,True,False,False
https://m.global.jdsports.com/product/green-under-armour-tech-hybrid-shorts/781718/,Under Armour Tech Hybrid Shorts,4000,7200,44.4,3500,0,-500,D,True,False,False
https://m.global.jdsports.com/product/grey-under-armour-tech-fade-t-shirt/781723/,Under Armour Tech Fade T-Shirt,4000,7000,42.9,1500,0,-2500,D,False,False,False
https://m.global.jdsports.com/product/grey-under-armour-tech-fade-shorts/781724/,Under Armour Tech Fade Shorts,4000,7600,47.4,1200,0,-2800,D,False,False,False
https://m.global.jdsports.com/product/blue-adidas-originals-sst-open-hem-track-pants/782395/,adidas Originals SST Open Hem Track Pants,4000,11000,63.6,3500,0,-500,D,False,False,False
https://m.global.jdsports.com/product/green-adidas-originals-sst-track-top/782399/,adidas Originals SST Track Top,4000,13000,69.2,3500,0,-500,D,False,False,False
https://m.global.jdsports.com/product/green-adidas-originals-trefoil-essential-joggers/782405/,adidas Originals Trefoil Essential Joggers,4000,9000,55.6,3500,0,-500,D,False,False,False
https://m.global.jdsports.com/product/brown-adidas-originals-waffle-shorts/782411/,adidas Originals Waffle Shorts,4000,8000,50.0,3500,0,-500,D,False,False,False
https://m.global.jdsports.com/product/green-adidas-originals-3-stripes-8-swim-shorts/782418/,"adidas Originals 3-Stripes 8"" Swim Shorts",4000,6000,33.3,3500,0,-500,D,False,False,False
https://m.global.jdsports.com/product/black-adidas-tiro-26-14-zip-training-top/782419/,adidas Tiro 26 1/4 Zip Training Top,4000,7600,47.4,3500,0,-500,D,False,False,False
https://m.global.jdsports.com/product/white-nike-verbiage-swim-shorts/784453/,Nike Verbiage Swim Shorts,4000,5600,28.6,0,0,0,?,False,False,False
https://m.global.jdsports.com/product/red-adidas-originals-colour-block-retro-t-shirt/784704/,adidas Originals Colour Block Retro T-Shirt,4000,6000,33.3,2500,0,-1500,D,False,False,False
https://m.global.jdsports.com/product/blue-adidas-originals-waffle-t-shirt/784719/,adidas Originals Waffle T-Shirt,4000,5600,28.6,2500,0,-1500,D,False,False,False
https://m.global.jdsports.com/product/blue-adidas-originals-waffle-polo-shirt/784721/,adidas Originals Waffle Polo Shirt,4000,7000,42.9,2500,0,-1500,D,False,False,False
https://m.global.jdsports.com/product/grey-adidas-originals-trefoil-essentials-waffle-tee/784722/,adidas Originals Trefoil Essentials Waffle Tee,4000,5600,28.6,2500,0,-1500,D,False,False,False
https://m.global.jdsports.com/product/black-adidas-tiro-26-essentials-14-zip-hoodie/784730/,adidas Tiro 26 Essentials 1/4 Zip Hoodie,4000,8000,50.0,3500,0,-500,D,False,False,False
https://m.global.jdsports.com/product/blue-boss-ribbed-shorts/784894/,BOSS Ribbed Shorts,4000,11000,63.6,8000,0,4000,D,False,False,False
https://m.global.jdsports.com/product/grey-champion-sop-hoodie/786130/,Champion Sop Hoodie,4000,12000,66.7,0,0,0,?,False,False,False
https://m.global.jdsports.com/product/grey-champion-12-zip-sweatshirt/786131/,Champion 1/2 Zip Sweatshirt,4000,12000,66.7,3500,0,-500,D,False,False,False
https://m.global.jdsports.com/product/black-champion-12-zip-sweatshirt/786132/,Champion 1/2 Zip Sweatshirt,4000,12000,66.7,3500,0,-500,D,False,False,False
https://m.global.jdsports.com/product/black-puma-x-hyrox-joggers/787282/,PUMA x HYROX Joggers,4000,12000,66.7,3500,0,-500,D,True,False,False
https://m.global.jdsports.com/product/green-adidas-originals-waffle-shorts/787516/,adidas Originals Waffle Shorts,4000,8000,50.0,3500,0,-500,D,False,False,False
https://m.global.jdsports.com/product/green-adidas-365-3-stripes-t-shirt/787527/,adidas 365 3-Stripes T-Shirt,4000,5600,28.6,2500,0,-1500,D,False,False,False
https://m.global.jdsports.com/product/black-new-era-manchester-united-fc-9forty-cap/787559/,New Era Manchester United FC 9FORTY Cap,4000,5600,28.6,2500,0,-1500,D,False,False,False
https://m.global.jdsports.com/product/blue-adidas-originals-3-stripes-8-swim-shorts/787848/,"adidas Originals 3-Stripes 8"" Swim Shorts",4000,6000,33.3,3500,0,-500,D,False,False,False
https://m.global.jdsports.com/product/green-adidas-originals-3-stripes-8-swim-shorts/787850/,"adidas Originals 3-Stripes 8"" Swim Shorts",4000,6000,33.3,3500,0,-500,D,True,False,False
https://m.global.jdsports.com/product/grey-nike-street-fleece-shorts/788882/,Nike Street Fleece Shorts,4000,9000,55.6,3500,0,-500,D,False,False,False
https://m.global.jdsports.com/product/grey-nike-world-tour-t-shirt/788887/,Nike World Tour T-Shirt,4000,6600,39.4,1200,0,-2800,D,False,False,False
https://m.global.jdsports.com/product/grey-nike-world-tour-shorts/788888/,Nike World Tour Shorts,4000,7600,47.4,2500,0,-1500,D,False,False,False
https://m.global.jdsports.com/product/purple-nike-world-tour-t-shirt/788889/,Nike World Tour T-Shirt,4000,6600,39.4,1200,0,-2800,D,False,False,False
https://m.global.jdsports.com/product/white-nike-world-tour-t-shirt/788893/,Nike World Tour T-Shirt,4000,6600,39.4,1200,0,-2800,D,False,False,False
https://m.global.jdsports.com/product/brown-nike-world-tour-shorts/788894/,Nike World Tour Shorts,4000,7600,47.4,2500,0,-1500,D,False,False,False
https://m.global.jdsports.com/product/red-nike-festival-miler-t-shirt/788900/,Nike Festival Miler T-Shirt,4000,8000,50.0,2500,0,-1500,D,False,False,False
https://m.global.jdsports.com/product/yellow-nike-festival-challenger-shorts/788907/,Nike Festival Challenger Shorts,4000,8000,50.0,2500,0,-1500,D,False,False,False
https://m.global.jdsports.com/product/blue-under-armour-camo-t-shirt/789260/,Under Armour Camo T-Shirt,4000,7200,44.4,1500,0,-2500,D,False,False,False
https://m.global.jdsports.com/product/cream-adidas-originals-seersucker-shorts/790090/,adidas Originals Seersucker Shorts,4000,8000,50.0,3500,0,-500,D,False,False,False
https://m.global.jdsports.com/product/brown-adidas-originals-seersucker-shorts/790092/,adidas Originals Seersucker Shorts,4000,8000,50.0,3500,0,-500,D,False,False,False
https://m.global.jdsports.com/product/yellow-adidas-originals-all-over-print-t-shirt/790106/,adidas Originals All Over Print T-Shirt,4000,9000,55.6,2500,0,-1500,D,False,False,False
https://m.global.jdsports.com/product/blue-adidas-originals-all-over-print-t-shirt/790107/,adidas Originals All Over Print T-Shirt,4000,9000,55.6,2500,0,-1500,D,False,False,False
https://m.global.jdsports.com/product/blue-adidas-originals-all-over-print-t-shirt/790108/,adidas Originals All Over Print T-Shirt,4000,9000,55.6,2500,0,-1500,D,False,False,False
https://m.global.jdsports.com/product/black-adidas-originals-mesh-varsity-jersey/790119/,adidas Originals Mesh Varsity Jersey,4000,10000,60.0,3500,0,-500,D,False,False,False
https://m.global.jdsports.com/product/green-adidas-originals-adicolor-jacquard-poly-t-shirt/790122/,adidas Originals Adicolor Jacquard Poly T-Shirt,4000,7000,42.9,2800,0,-1200,D,False,False,False
https://m.global.jdsports.com/product/red-adidas-originals-eqt-track-top/790123/,adidas Originals EQT Track Top,4000,13000,69.2,3500,0,-500,D,False,False,False
https://m.global.jdsports.com/product/black-adidas-originals-adicolor-jacquard-poly-t-shirt/790125/,adidas Originals Adicolor Jacquard Poly T-Shirt,4000,7000,42.9,2800,0,-1200,D,False,False,False
https://m.global.jdsports.com/product/green-adidas-originals-eqt-woven-track-pants/790128/,adidas Originals EQT Woven Track Pants,4000,12000,66.7,3500,0,-500,D,False,False,False
https://m.global.jdsports.com/product/white-adidas-originals-anime-football-t-shirt/790132/,adidas Originals Anime Football T-Shirt,4000,7000,42.9,2800,0,-1200,D,False,False,False
https://m.global.jdsports.com/product/black-adidas-teamgeist-t-shirt/790144/,adidas Teamgeist T-Shirt,4000,5600,28.6,2500,0,-1500,D,False,False,False
https://m.global.jdsports.com/product/brown-jordan-jumpman-swoosh-t-shirt/790268/,Jordan Jumpman Swoosh T-Shirt,4000,5600,28.6,2500,0,-1500,D,False,False,False
https://m.global.jdsports.com/product/green-jordan-jumpman-swoosh-t-shirt/790271/,Jordan Jumpman Swoosh T-Shirt,4000,5600,28.6,2500,0,-1500,D,False,False,False
https://m.global.jdsports.com/product/blue-jordan-jumpman-swoosh-t-shirt/790281/,Jordan Jumpman Swoosh T-Shirt,4000,5600,28.6,2500,0,-1500,D,False,False,False
https://m.global.jdsports.com/product/blue-jordan-brazil-graphic-t-shirt/790289/,Jordan Brazil Graphic T-Shirt,4000,8000,50.0,2500,0,-1500,D,False,False,False
https://m.global.jdsports.com/product/grey-nike-tech-mix-t-shirt/791113/,Nike Tech Mix T-Shirt,4000,7000,42.9,2000,0,-2000,D,False,False,False
https://m.global.jdsports.com/product/white-nike-air-max-t-shirt/791135/,Nike Air Max T-Shirt,4000,6600,39.4,1800,0,-2200,D,False,False,False
https://m.global.jdsports.com/product/green-nike-palm-t-shirt/791141/,Nike Palm T-Shirt,4000,6600,39.4,2500,0,-1500,D,False,False,False
https://m.global.jdsports.com/product/black-nike-miler-5-shorts/791194/,"Nike Miler 5"" Shorts",4000,7000,42.9,3500,0,-500,D,False,False,False
https://m.global.jdsports.com/product/green-nike-air-max-graphic-t-shirt/791213/,Nike Air Max Graphic T-Shirt,4000,6600,39.4,1500,0,-2500,D,False,False,False
https://m.global.jdsports.com/product/green-nike-air-max-fleece-shorts/791214/,Nike Air Max Fleece Shorts,4000,11000,63.6,3500,0,-500,D,True,False,False
https://m.global.jdsports.com/product/white-nike-pro-compression-vest/791217/,Nike Pro Compression Vest,4000,6600,39.4,3500,0,-500,D,False,False,False
https://m.global.jdsports.com/product/orange-nike-miler-shorts/791446/,Nike Miler Shorts,4000,7000,42.9,3500,0,-500,D,False,False,False
https://m.global.jdsports.com/product/black-nike-air-max-t-shirt/791447/,Nike Air Max T-Shirt,4000,6600,39.4,1800,0,-2200,D,False,False,False
https://m.global.jdsports.com/product/blue-adidas-originals-dual-print-joggers/791772/,adidas Originals Dual Print Joggers,4000,10000,60.0,4500,0,500,D,False,False,False
https://m.global.jdsports.com/product/white-the-north-face-tour-graphic-relaxed-t-shirt/792417/,The North Face Tour Graphic Relaxed T-Shirt,4000,8000,50.0,2500,0,-1500,D,True,False,False
https://m.global.jdsports.com/product/pink-new-balance-essential-run-t-shirt/792543/,New Balance Essential Run T-Shirt,4000,6400,37.5,2000,0,-2000,D,False,False,False
https://m.global.jdsports.com/product/green-the-north-face-notes-relax-shorts/793080/,The North Face Notes Relax Shorts,4000,9000,55.6,3500,0,-500,D,False,False,False
https://m.global.jdsports.com/product/grey-the-north-face-notes-relax-shorts/793082/,The North Face Notes Relax Shorts,4000,9000,55.6,3500,0,-500,D,False,False,False
https://m.global.jdsports.com/product/pink-nike-club-washed-polo-shirt/789898/,Nike Club Washed Polo Shirt,4000,9000,55.6,2800,0,-1200,D,False,False,False
https://m.global.jdsports.com/product/white-nike-air-t-shirt/794426/,Nike Air T-Shirt,4000,5600,28.6,2000,0,-2000,D,False,False,False
https://m.global.jdsports.com/product/white-nike-dna-remix-t-shirt/794428/,Nike DNA Remix T-Shirt,4000,5600,28.6,2500,0,-1500,D,False,False,False
https://m.global.jdsports.com/product/blue-nike-dna-remix-t-shirt/794429/,Nike DNA Remix T-Shirt,4000,5600,28.6,2500,0,-1500,D,False,False,False
https://m.global.jdsports.com/product/black-adidas-originals-terrace-shorts/794597/,adidas Originals Terrace Shorts,4000,7000,42.9,3500,0,-500,D,False,False,False
https://m.global.jdsports.com/product/grey-adidas-originals-trefoil-bubble-open-hem-joggers/795511/,adidas Originals Trefoil Bubble Open Hem Joggers,4000,10000,60.0,3500,0,-500,D,False,False,False
https://m.global.jdsports.com/product/grey-adidas-originals-trefoil-essentials-open-hem-joggers/795617/,adidas Originals Trefoil Essentials Open Hem Joggers,4000,9000,55.6,3500,0,-500,D,False,False,False
https://m.global.jdsports.com/product/black-new-era-mlb-new-york-yankees-9forty-cap/795929/,New Era MLB New York Yankees 9FORTY Cap,4000,5600,28.6,2500,0,-1500,D,False,False,False
https://m.global.jdsports.com/product/blue-new-era-mlb-la-dodgers-patch-9forty-trucker-cap/795938/,New Era MLB LA Dodgers Patch 9FORTY Trucker Cap,4000,5600,28.6,2500,0,-1500,D,False,False,False
https://m.global.jdsports.com/product/blue-new-era-denim-a-frame-9forty-trucker-cap/795940/,New Era Denim A-Frame 9FORTY Trucker Cap,4000,6000,33.3,3500,0,-500,D,False,False,False
https://m.global.jdsports.com/product/blue-adidas-originals-waffle-t-shirt/797467/,adidas Originals Waffle T-Shirt,4000,5600,28.6,2500,0,-1500,D,False,False,False
https://m.global.jdsports.com/product/white-nike-chilli-t-shirt/798636/,Nike Chilli T-Shirt,4000,6000,33.3,2500,0,-1500,D,False,False,False
https://m.global.jdsports.com/product/grey-nike-chilli-t-shirt/798637/,Nike Chilli T-Shirt,4000,6000,33.3,2500,0,-1500,D,False,False,False
https://m.global.jdsports.com/product/green-nike-palm-t-shirt/798639/,Nike Palm T-Shirt,4000,6000,33.3,2500,0,-1500,D,False,False,False
https://m.global.jdsports.com/product/brown-nike-waffle-t-shirt/798640/,Nike Waffle T-Shirt,4000,6000,33.3,2500,0,-1500,D,False,False,False
https://m.global.jdsports.com/product/brown-nike-waffle-t-shirt/798641/,Nike Waffle T-Shirt,4000,6000,33.3,2500,0,-1500,D,False,False,False
https://m.global.jdsports.com/product/cream-nike-street-t-shirt/798642/,Nike Street T-Shirt,4000,6000,33.3,2500,0,-1500,D,False,False,False
https://m.global.jdsports.com/product/beige-nike-street-graphic-t-shirt/798644/,Nike Street Graphic T-Shirt,4000,8000,50.0,1500,0,-2500,D,False,False,False
https://m.global.jdsports.com/product/blue-nike-world-tour-t-shirt/798647/,Nike World Tour T-Shirt,4000,6600,39.4,1200,0,-2800,D,False,False,False
https://m.global.jdsports.com/product/blue-nike-world-tour-shorts/798648/,Nike World Tour Shorts,4000,7600,47.4,2500,0,-1500,D,False,False,False
https://m.global.jdsports.com/product/black-nike-festival-20-t-shirt/798652/,Nike Festival 2.0 T-Shirt,4000,8000,50.0,2500,0,-1500,D,False,False,False
https://m.global.jdsports.com/product/black-nike-festival-20-shorts/798653/,Nike Festival 2.0 Shorts,4000,8000,50.0,2000,0,-2000,D,False,False,False
https://m.global.jdsports.com/product/blue-nike-festival-20-t-shirt/798655/,Nike Festival 2.0 T-Shirt,4000,8000,50.0,2500,0,-1500,D,False,False,False
https://m.global.jdsports.com/product/blue-nike-festival-20-shorts/798656/,Nike Festival 2.0 Shorts,4000,8000,50.0,2000,0,-2000,D,False,False,False
https://m.global.jdsports.com/product/grey-nike-festival-20-t-shirt/798658/,Nike Festival 2.0 T-Shirt,4000,8000,50.0,2500,0,-1500,D,False,False,False
https://m.global.jdsports.com/product/grey-nike-festival-20-shorts/798659/,Nike Festival 2.0 Shorts,4000,8000,50.0,2000,0,-2000,D,False,False,False
https://m.global.jdsports.com/product/black-adidas-originals-thirsty-t-shirt/801624/,adidas Originals Thirsty T-Shirt,4000,7000,42.9,2500,0,-1500,D,False,False,False
https://m.global.jdsports.com/product/white-adidas-originals-resort-t-shirt/801626/,adidas Originals Resort T-Shirt,4000,7000,42.9,2500,0,-1500,D,False,False,False
https://m.global.jdsports.com/product/pink-tommy-hilfiger-large-logo-t-shirt/805828/,Tommy Hilfiger Large Logo T-Shirt,4000,8000,50.0,2500,0,-1500,D,False,False,False
https://m.global.jdsports.com/product/brown-tommy-hilfiger-small-logo-t-shirt/805830/,Tommy Hilfiger Small Logo T-Shirt,4000,10000,60.0,2500,0,-1500,D,False,False,False
https://m.global.jdsports.com/product/off-white-adidas-originals-emblem-shorts/806878/,adidas Originals Emblem Shorts,4000,7000,42.9,2500,0,-1500,D,False,False,False
https://m.global.jdsports.com/product/blue-adidas-originals-emblem-shorts/806879/,adidas Originals Emblem Shorts,4000,7000,42.9,2500,0,-1500,D,False,False,False
https://m.global.jdsports.com/product/green-adidas-originals-emblem-shorts/806880/,adidas Originals Emblem Shorts,4000,7000,42.9,2500,0,-1500,D,False,False,False
https://m.global.jdsports.com/product/white-lacoste-croc-logo-t-shirt/118444/,Lacoste Croc Logo T-Shirt,5000,9800,49.0,2500,0,-2500,D,False,False,False
https://m.global.jdsports.com/product/brown-nike-foundation-hoodie/555352/,Nike Foundation Hoodie,5000,12000,58.3,3500,0,-1500,D,False,False,False
https://m.global.jdsports.com/product/black-nike-acg-lungs-t-shirt/621554/,Nike ACG Lungs T-Shirt,5000,10000,50.0,3500,0,-1500,D,False,False,False
https://m.global.jdsports.com/product/blue-jordan-3-pack-boxers/690717/,Jordan 3-Pack Boxers,5000,7200,30.6,30000,0,25000,S,False,False,True
https://m.global.jdsports.com/product/black-adidas-originals-trefoil-essential-crew-sweatshirt/719834/,adidas Originals Trefoil Essential Crew Sweatshirt,5000,9000,44.4,3500,0,-1500,D,False,False,False
https://m.global.jdsports.com/product/blue-nike-air-max-sportswear-fleece-joggers/721856/,Nike Air Max Sportswear Fleece Joggers,5000,15000,66.7,3500,0,-1500,D,False,False,False
https://m.global.jdsports.com/product/black-nike-alumni-french-terry-shorts/728060/,Nike Alumni French Terry Shorts,5000,8000,37.5,3500,0,-1500,D,False,False,False
https://m.global.jdsports.com/product/grey-nike-alumni-french-terry-shorts/728061/,Nike Alumni French Terry Shorts,5000,8000,37.5,3500,0,-1500,D,True,False,False
https://m.global.jdsports.com/product/blue-adidas-originals-firebird-denim-shorts/730734/,adidas Originals Firebird Denim Shorts,5000,12000,58.3,3500,0,-1500,D,True,False,False
https://m.global.jdsports.com/product/blue-nike-all-over-print-fade-swim-shorts/734441/,Nike All Over Print Fade Swim Shorts,5000,7200,30.6,2500,0,-2500,D,False,False,False
https://m.global.jdsports.com/product/grey-nike-am95-swim-shorts/735105/,Nike AM95 Swim Shorts,5000,9000,44.4,0,0,0,?,False,False,False
https://m.global.jdsports.com/product/white-tommy-hilfiger-pique-cuff-t-shirt/750409/,Tommy Hilfiger Pique Cuff T-Shirt,5000,9000,44.4,1500,0,-3500,D,False,False,False
https://m.global.jdsports.com/product/pink-puma-palermo-fc-202526-home-shorts/757124/,PUMA Palermo FC 2025/26 Home Shorts,5000,8000,37.5,3500,0,-1500,D,False,False,False
https://m.global.jdsports.com/product/grey-adidas-olympique-lyon-presentation-track-pants/757536/,adidas Olympique Lyon Presentation Track Pants,5000,11000,54.5,3500,0,-1500,D,False,False,False
https://m.global.jdsports.com/product/black-adidas-olympique-lyon-pre-match-shirt/757537/,adidas Olympique Lyon Pre Match Shirt,5000,12000,58.3,3500,0,-1500,D,False,False,False
https://m.global.jdsports.com/product/blue-nike-total-90-dri-fit-jersey/762739/,Nike Total 90 Dri-FIT Jersey,5000,12000,58.3,2500,0,-2500,D,False,False,False
https://m.global.jdsports.com/product/grey-lacoste-ace/764016/,Lacoste Ace,5000,25000,80.0,4500,2900,-500,S,True,False,True
https://m.global.jdsports.com/product/brown-nike-foundation-overhead-hoodie/764240/,Nike Foundation Overhead Hoodie,5000,11000,54.5,3500,0,-1500,D,False,False,False
https://m.global.jdsports.com/product/blue-umbro-west-ham-united-fc-202526-away-shorts/765728/,Umbro West Ham United FC 2025/26 Away Shorts,5000,8000,37.5,2500,0,-2500,D,False,False,False
https://m.global.jdsports.com/product/grey-under-armour-storm-hybrid-track-pants/772511/,Under Armour Storm Hybrid Track Pants,5000,14000,64.3,3500,0,-1500,D,False,False,False
https://m.global.jdsports.com/product/blue-under-armour-vanish-seamless-t-shirt/772530/,Under Armour Vanish Seamless T-Shirt,5000,9000,44.4,2500,0,-2500,D,False,False,False
https://m.global.jdsports.com/product/black-nike-commute-crossbody-bag/772755/,Nike Commute Crossbody Bag,5000,9000,44.4,5800,0,800,D,False,False,False
https://m.global.jdsports.com/product/black-fila-fiorenzo/773596/,Fila Fiorenzo,5000,10000,50.0,3500,0,-1500,D,True,False,False
https://m.global.jdsports.com/product/white-fila-fiorenzo/773597/,Fila Fiorenzo,5000,10000,50.0,3500,0,-1500,D,False,False,False
https://m.global.jdsports.com/product/black-nike-air-max-track-pants/773870/,Nike Air Max Track Pants,5000,15000,66.7,2500,0,-2500,D,True,False,False
https://m.global.jdsports.com/product/green-nike-foundation-crew-sweatshirt/773883/,Nike Foundation Crew Sweatshirt,5000,10000,50.0,3500,0,-1500,D,False,False,False
https://m.global.jdsports.com/product/green-jordan-swoosh-joggers/774052/,Jordan Swoosh Joggers,5000,12000,58.3,3500,0,-1500,D,False,False,False
https://m.global.jdsports.com/product/black-nike-street-fleece-joggers/774198/,Nike Street Fleece Joggers,5000,11000,54.5,3500,0,-1500,D,True,False,False
https://m.global.jdsports.com/product/brown-adidas-originals-vintage-track-top/774817/,adidas Originals Vintage Track Top,5000,13000,61.5,3500,0,-1500,D,False,False,False
https://m.global.jdsports.com/product/grey-adidas-originals-clima-woven-track-pants/774821/,adidas Originals Clima Woven Track Pants,5000,13000,61.5,3500,0,-1500,D,False,False,False
https://m.global.jdsports.com/product/grey-adidas-originals-trefoil-essential-joggers/774828/,adidas Originals Trefoil Essential Joggers,5000,9000,44.4,3500,0,-1500,D,False,False,False
https://m.global.jdsports.com/product/blue-the-north-face-performance-t-shirt/776510/,The North Face Performance T-Shirt,5000,8000,37.5,1500,0,-3500,D,False,False,False
https://m.global.jdsports.com/product/blue-the-north-face-performance-shorts/776511/,The North Face Performance Shorts,5000,9000,44.4,3500,0,-1500,D,False,False,False
https://m.global.jdsports.com/product/brown-the-north-face-trishul-cargo-shorts/776522/,The North Face Trishul Cargo Shorts,5000,11000,54.5,3500,0,-1500,D,True,False,False
https://m.global.jdsports.com/product/green-berghaus-explorer-tech-t-shirt/778048/,Berghaus Explorer Tech T-Shirt,5000,7600,34.2,2800,0,-2200,D,False,False,False
https://m.global.jdsports.com/product/red-berghaus-explorer-tech-t-shirt/778059/,Berghaus Explorer Tech T-Shirt,5000,7600,34.2,2800,0,-2200,D,False,False,False
https://m.global.jdsports.com/product/green-adidas-originals-sherpa-fleece-hoodie/778202/,adidas Originals Sherpa Fleece Hoodie,5000,12000,58.3,4500,0,-500,D,True,False,False
https://m.global.jdsports.com/product/blue-nike-challenger-woven-track-pants/778908/,Nike Challenger Woven Track Pants,5000,14000,64.3,3500,0,-1500,D,True,False,False
https://m.global.jdsports.com/product/blue-boss-ribbed-shorts/778929/,BOSS Ribbed Shorts,5000,11000,54.5,8000,0,3000,D,False,False,False
https://m.global.jdsports.com/product/grey-asics-core-track-pants/778997/,ASICS Core Track Pants,5000,10800,53.7,3500,0,-1500,D,False,False,False
https://m.global.jdsports.com/product/green-asics-logo-joggers/779023/,ASICS Logo Joggers,5000,11000,54.5,2500,0,-2500,D,False,False,False
https://m.global.jdsports.com/product/black-jordan-star-t-shirt/779395/,Jordan Star T-Shirt,5000,7600,34.2,2500,0,-2500,D,False,False,False
https://m.global.jdsports.com/product/black-fila-cress/779912/,Fila Cress,5000,10000,50.0,4500,0,-500,D,False,False,False
https://m.global.jdsports.com/product/grey-nike-foundation-joggers/780011/,Nike Foundation Joggers,5000,10000,50.0,2500,0,-2500,D,False,False,False
https://m.global.jdsports.com/product/black-nike-life-solo-t-shirt/780024/,Nike Life Solo T-Shirt,5000,11000,54.5,2500,0,-2500,D,False,False,False
https://m.global.jdsports.com/product/brown-nike-life-solo-t-shirt/780025/,Nike Life Solo T-Shirt,5000,11000,54.5,2500,0,-2500,D,False,False,False
https://m.global.jdsports.com/product/green-nike-acg-running-t-shirt/780034/,Nike ACG Running T-Shirt,5000,11000,54.5,2500,0,-2500,D,False,False,False
https://m.global.jdsports.com/product/blue-nike-miler-10-t-shirt/780043/,Nike Miler 1.0 T-Shirt,5000,7000,28.6,2500,0,-2500,D,True,False,False
https://m.global.jdsports.com/product/grey-nike-academy-14-zip-top/780076/,Nike Academy 1/4 Zip Top,5000,8000,37.5,2500,0,-2500,D,False,False,False
https://m.global.jdsports.com/product/black-nike-academy-track-pants/780077/,Nike Academy Track Pants,5000,8000,37.5,3500,0,-1500,D,False,False,False
https://m.global.jdsports.com/product/blue-nike-strike-14-zip-top/780088/,Nike Strike 1/4 Zip Top,5000,11000,54.5,3500,0,-1500,D,True,False,False
https://m.global.jdsports.com/product/black-under-armour-3-pack-performance-tech-boxers/780732/,Under Armour 3-Pack Performance Tech Boxers,5000,6800,26.5,2500,0,-2500,D,False,False,False
https://m.global.jdsports.com/product/black-under-armour-3-pack-boxers/780733/,Under Armour 3-Pack Boxers,5000,6800,26.5,2000,0,-3000,D,True,False,False
https://m.global.jdsports.com/product/white-under-armour-2-pack-ribbed-tank-top/780735/,Under Armour 2-Pack Ribbed Tank Top,5000,6400,21.9,2000,0,-3000,D,False,False,False
https://m.global.jdsports.com/product/blue-lacoste-france-shorts/781210/,Lacoste France Shorts,5000,13000,61.5,3000,0,-2000,D,False,False,False
https://m.global.jdsports.com/product/white-fila-teratach/781387/,Fila Teratach,5000,12000,58.3,4500,0,-500,D,False,False,False
https://m.global.jdsports.com/product/off-white-the-north-face-motion-relaxed-t-shirt/781487/,The North Face Motion Relaxed T-Shirt,5000,9000,44.4,2500,0,-2500,D,False,False,False
https://m.global.jdsports.com/product/white-new-balance-ramen-t-shirt/781908/,New Balance Ramen T-Shirt,5000,7000,28.6,0,0,0,?,False,False,False
https://m.global.jdsports.com/product/cream-new-balance-mono-canvas-tote-bag/781949/,New Balance Mono Canvas Tote Bag,5000,7600,34.2,3500,0,-1500,D,False,False,False
https://m.global.jdsports.com/product/black-berghaus-edgetech-cap/782379/,Berghaus Edgetech Cap,5000,6400,21.9,0,0,0,?,False,False,False
https://m.global.jdsports.com/product/grey-adidas-originals-trefoil-essentials-14-zip-sweatshirt/782404/,adidas Originals Trefoil Essentials 1/4 Zip Sweatshirt,5000,10000,50.0,3500,0,-1500,D,False,False,False
https://m.global.jdsports.com/product/black-nike-swoosh-link-fade-swim-shorts/783072/,Nike Swoosh Link Fade Swim Shorts,5000,8400,40.5,0,0,0,?,False,False,False
https://m.global.jdsports.com/product/blue-nike-swoosh-link-fade-swim-shorts/783073/,Nike Swoosh Link Fade Swim Shorts,5000,8400,40.5,0,0,0,?,False,False,False
https://m.global.jdsports.com/product/blue-fred-perry-pique-t-shirt/783847/,Fred Perry Pique T-Shirt,5000,9000,44.4,2500,0,-2500,D,False,False,False
https://m.global.jdsports.com/product/black-adidas-originals-fc-bayern-munich-polo-shirt/784234/,adidas Originals FC Bayern Munich Polo Shirt,5000,10000,50.0,3500,0,-1500,D,False,False,False
https://m.global.jdsports.com/product/black-adidas-originals-archive-collar-jersey/778113/,adidas Originals Archive Collar Jersey,5000,9000,44.4,3500,0,-1500,D,False,False,False
https://m.global.jdsports.com/product/black-adidas-tiro-woven-full-zip-hooded-jacket/784728/,adidas Tiro Woven Full Zip Hooded Jacket,5000,9000,44.4,3500,0,-1500,D,False,False,False
https://m.global.jdsports.com/product/pink-boss-ribbed-shorts/784890/,BOSS Ribbed Shorts,5000,11000,54.5,8000,0,3000,D,False,False,False
https://m.global.jdsports.com/product/grey-champion-sop-joggers/786133/,Champion Sop Joggers,5000,11000,54.5,0,0,0,?,False,False,False
https://m.global.jdsports.com/product/black-champion-state-of-play-long-sleeve-polo-shirt/786134/,Champion State Of Play Long Sleeve Polo Shirt,5000,10400,51.9,2800,0,-2200,D,False,False,False
https://m.global.jdsports.com/product/beige-columbia-challenger-12-zip-windbreaker/786463/,Columbia Challenger 1/2 Zip Windbreaker,5000,13000,61.5,3500,0,-1500,D,False,False,False
https://m.global.jdsports.com/product/green-columbia-challenger-12-zip-windbreaker/786465/,Columbia Challenger 1/2 Zip Windbreaker,5000,13000,61.5,3500,0,-1500,D,False,False,False
https://m.global.jdsports.com/product/blue-adidas-365-3-stripes-shorts/787526/,adidas 365 3-Stripes Shorts,5000,7000,28.6,2800,0,-2200,D,False,False,False
https://m.global.jdsports.com/product/green-adidas-365-3-stripes-shorts/787528/,adidas 365 3-Stripes Shorts,5000,7000,28.6,2800,0,-2200,D,False,False,False
https://m.global.jdsports.com/product/grey-nike-street-fleece-joggers/788884/,Nike Street Fleece Joggers,5000,11000,54.5,3500,0,-1500,D,False,False,False
https://m.global.jdsports.com/product/grey-nike-world-tour-joggers/789174/,Nike World Tour Joggers,5000,11000,54.5,3500,0,-1500,D,False,False,False
https://m.global.jdsports.com/product/orange-under-armour-tech-utility-t-shirt/789266/,Under Armour Tech Utility T-Shirt,5000,8000,37.5,1200,0,-3800,D,False,False,False
https://m.global.jdsports.com/product/green-under-armour-launch-shorts/789269/,Under Armour Launch Shorts,5000,7200,30.6,2500,0,-2500,D,False,False,False
https://m.global.jdsports.com/product/blue-nike-club-washed-polo-shirt/789897/,Nike Club Washed Polo Shirt,5000,9000,44.4,2800,0,-2200,D,False,False,False
https://m.global.jdsports.com/product/off-white-adidas-originals-seersucker-shirt/790089/,adidas Originals Seersucker Shirt,5000,8000,37.5,3500,0,-1500,D,False,False,False
https://m.global.jdsports.com/product/pink-adidas-originals-3-stripes-8-swim-shorts/790115/,"adidas Originals 3-Stripes 8"" Swim Shorts",5000,6000,16.7,3500,0,-1500,D,False,False,False
https://m.global.jdsports.com/product/white-adidas-originals-varsity-graphic-t-shirt/790120/,adidas Originals Varsity Graphic T-Shirt,5000,7000,28.6,2500,0,-2500,D,False,False,False
https://m.global.jdsports.com/product/white-adidas-originals-eqt-track-top/790121/,adidas Originals EQT Track Top,5000,13000,61.5,3500,0,-1500,D,False,False,False
https://m.global.jdsports.com/product/green-adidas-originals-eqt-track-top/790124/,adidas Originals EQT Track Top,5000,13000,61.5,3500,0,-1500,D,False,False,False
https://m.global.jdsports.com/product/black-adidas-originals-eqt-track-top/790126/,adidas Originals EQT Track Top,5000,13000,61.5,3500,0,-1500,D,False,False,False
https://m.global.jdsports.com/product/grey-adidas-originals-trefoil-essential-long-shorts/790134/,adidas Originals Trefoil Essential Long Shorts,5000,6600,24.2,3500,0,-1500,D,False,False,False
https://m.global.jdsports.com/product/black-adidas-originals-trefoil-essentials-french-terry-shorts/790135/,adidas Originals Trefoil Essentials French Terry Shorts,5000,7000,28.6,3500,0,-1500,D,False,False,False
https://m.global.jdsports.com/product/blue-adidas-originals-all-over-print-t-shirt/790140/,adidas Originals All Over Print T-Shirt,5000,9000,44.4,2500,0,-2500,D,False,False,False
https://m.global.jdsports.com/product/beige-jordan-jumpman-swoosh-shorts/790269/,Jordan Jumpman Swoosh Shorts,5000,9000,44.4,3500,0,-1500,D,False,False,False
https://m.global.jdsports.com/product/blue-jordan-mens-dri-fit-mesh-dark/790275/,Jordan MEN'S DRI-FIT MESH DARK,5000,9000,44.4,2800,0,-2200,D,False,False,False
https://m.global.jdsports.com/product/black-jordan-23-star-t-shirt/790283/,Jordan 23 Star T-Shirt,5000,7600,34.2,2500,0,-2500,D,False,False,False
https://m.global.jdsports.com/product/blue-jordan-23-star-t-shirt/790284/,Jordan 23 Star T-Shirt,5000,7600,34.2,2500,0,-2500,D,False,False,False
https://m.global.jdsports.com/product/black-nike-tech-mix-t-shirt/791115/,Nike Tech Mix T-Shirt,5000,7000,28.6,2000,0,-3000,D,False,False,False
https://m.global.jdsports.com/product/blue-nike-tech-mix-t-shirt/791117/,Nike Tech Mix T-Shirt,5000,7000,28.6,2000,0,-3000,D,False,False,False
https://m.global.jdsports.com/product/brown-nike-washed-t-shirt/791154/,Nike Washed T-Shirt,5000,8000,37.5,2500,0,-2500,D,False,False,False
https://m.global.jdsports.com/product/blue-nike-washed-t-shirt/791157/,Nike Washed T-Shirt,5000,8000,37.5,2500,0,-2500,D,False,False,False
https://m.global.jdsports.com/product/green-nike-distant-dreams-t-shirt/791203/,Nike Distant Dreams T-Shirt,5000,9000,44.4,2500,0,-2500,D,False,False,False
https://m.global.jdsports.com/product/green-nike-distant-dreams-stride-shorts/791204/,Nike Distant Dreams Stride Shorts,5000,10000,50.0,0,0,0,?,False,False,False
https://m.global.jdsports.com/product/blue-nike-stride-shorts/791206/,Nike Stride Shorts,5000,9000,44.4,2500,0,-2500,D,False,False,False
https://m.global.jdsports.com/product/white-nike-smile-graphic-t-shirt/791906/,Nike Smile Graphic T-Shirt,5000,7000,28.6,1500,0,-3500,D,False,False,False
https://m.global.jdsports.com/product/black-nike-smile-t-shirt/791907/,Nike Smile T-Shirt,5000,7000,28.6,1500,0,-3500,D,False,False,False
https://m.global.jdsports.com/product/blue-adidas-originals-colour-block-cali-t-shirt/792192/,adidas Originals Colour Block Cali T-Shirt,5000,7000,28.6,1500,0,-3500,D,False,False,False
https://m.global.jdsports.com/product/blue-adidas-originals-colour-block-cali-t-shirt/792193/,adidas Originals Colour Block Cali T-Shirt,5000,7000,28.6,1500,0,-3500,D,False,False,False
https://m.global.jdsports.com/product/black-adidas-originals-stripe-t-shirt/791705/,adidas Originals Stripe T-Shirt,5000,7000,28.6,1500,0,-3500,D,False,False,False
https://m.global.jdsports.com/product/green-nike-club-jersey-polo-shirt/794398/,Nike Club Jersey Polo Shirt,5000,9000,44.4,2500,0,-2500,D,False,False,False
https://m.global.jdsports.com/product/white-adidas-originals-poly-shorts/794595/,adidas Originals Poly Shorts,5000,7000,28.6,2500,0,-2500,D,False,False,False
https://m.global.jdsports.com/product/white-adidas-originals-terrace-shorts/794598/,adidas Originals Terrace Shorts,5000,7000,28.6,3500,0,-1500,D,False,False,False
https://m.global.jdsports.com/product/blue-new-era-mlb-new-york-yankees-9twenty-cap/795998/,New Era MLB New York Yankees 9TWENTY Cap,5000,6400,21.9,2500,0,-2500,D,False,False,False
https://m.global.jdsports.com/product/black-jordan-3-pack-boxers/690713/,Jordan 3-Pack Boxers,5000,7200,30.6,30000,0,25000,S,False,False,True
https://m.global.jdsports.com/product/blue-under-armour-tech-full-zip-hoodie/802911/,Under Armour Tech Full Zip Hoodie,5000,11000,54.5,3500,0,-1500,D,False,False,False
https://m.global.jdsports.com/product/blue-under-armour-tech-track-pants/802912/,Under Armour Tech Track Pants,5000,8000,37.5,3500,0,-1500,D,False,False,False
https://m.global.jdsports.com/product/brown-new-balance-runner-t-shirt/803000/,New Balance Runner T-Shirt,5000,6400,21.9,1200,0,-3800,D,False,False,False
https://m.global.jdsports.com/product/blue-tommy-hilfiger-cargo-shorts/805831/,Tommy Hilfiger Cargo Shorts,5000,17000,70.6,3500,0,-1500,D,False,False,False
https://m.global.jdsports.com/product/brown-tommy-hilfiger-pique-shorts/805834/,Tommy Hilfiger Pique Shorts,5000,17000,70.6,2500,0,-2500,D,False,False,False
https://m.global.jdsports.com/product/white-adidas-originals-surf-t-shirt/806877/,adidas Originals Surf T-Shirt,5000,7000,28.6,1800,0,-3200,D,False,False,False
https://m.global.jdsports.com/product/brown-birkenstock-boston/409266/,Birkenstock Boston,6000,26000,76.9,8000,0,2000,S,False,False,True
https://m.global.jdsports.com/product/black-fila-rgb-fuse/622611/,Fila RGB Fuse,6000,10000,40.0,8500,0,2500,D,False,False,False
https://m.global.jdsports.com/product/red-adidas-originals-zx-750/646373/,adidas Originals ZX 750,6000,16000,62.5,3500,0,-2500,D,False,False,False
https://m.global.jdsports.com/product/black-nike-woven-gym-club-2-bag/646500/,Nike Woven Gym Club 2 Bag,6000,8000,25.0,3500,0,-2500,D,False,False,False
https://m.global.jdsports.com/product/grey-nike-challenger-woven-track-pants/689945/,Nike Challenger Woven Track Pants,6000,13000,53.8,3500,0,-2500,D,False,False,False
https://m.global.jdsports.com/product/white-jordan-air-1-mid/690144/,Jordan Air 1 Mid,6000,27000,77.8,8500,0,2500,S,False,False,True
https://m.global.jdsports.com/product/white-fila-rgb-fuse/690833/,Fila RGB Fuse,6000,10000,40.0,8500,0,2500,D,False,False,False
https://m.global.jdsports.com/product/grey-nike-aries-hoodie/691632/,Nike Aries Hoodie,6000,13000,53.8,0,0,0,?,False,False,False
https://m.global.jdsports.com/product/black-nike-aries-hoodie/691641/,Nike Aries Hoodie,6000,13000,53.8,0,0,0,?,False,False,False
https://m.global.jdsports.com/product/black-adidas-originals-zx-750/694828/,adidas Originals ZX 750,6000,17000,64.7,3500,0,-2500,D,False,False,False
https://m.global.jdsports.com/product/white-fila-camalfi/699953/,Fila Camalfi,6000,10000,40.0,4500,0,-1500,D,False,False,False
https://m.global.jdsports.com/product/black-fila-camalfi/699955/,Fila Camalfi,6000,10000,40.0,4500,0,-1500,D,False,False,False
https://m.global.jdsports.com/product/blue-fila-camalfi/699956/,Fila Camalfi,6000,10000,40.0,4500,0,-1500,D,False,False,False
https://m.global.jdsports.com/product/black-nike-foundation-full-zip-hoodie/708667/,Nike Foundation Full Zip Hoodie,6000,13000,53.8,3500,0,-2500,D,False,False,False
https://m.global.jdsports.com/product/grey-nike-bungee-joggers/708679/,Nike Bungee Joggers,6000,11000,45.5,3500,0,-2500,D,False,False,False
https://m.global.jdsports.com/product/black-adidas-originals-sst-track-top/711439/,adidas Originals SST Track Top,6000,13000,53.8,3500,0,-2500,D,False,False,False
https://m.global.jdsports.com/product/green-lacoste-core-t-shirt/711687/,Lacoste Core T-Shirt,6000,9000,33.3,1500,0,-4500,D,False,False,False
https://m.global.jdsports.com/product/black-lacoste-core-swim-shorts/725807/,Lacoste Core Swim Shorts,6000,10000,40.0,3500,0,-2500,D,False,False,False
https://m.global.jdsports.com/product/black-under-armour-ua-storm-woven-full-zip-jacket/726644/,Under Armour UA Storm Woven Full Zip Jacket,6000,15000,60.0,3500,0,-2500,D,False,False,False
https://m.global.jdsports.com/product/white-jordan-diamond-shorts/727561/,Jordan Diamond Shorts,6000,9000,33.3,3000,0,-3000,D,False,False,False
https://m.global.jdsports.com/product/grey-adidas-originals-zx-600/728909/,adidas Originals ZX 600,6000,18000,66.7,3500,0,-2500,D,False,False,False
https://m.global.jdsports.com/product/black-asics-road-7-shorts/729116/,"ASICS Road 7"" Shorts",6000,9000,33.3,3500,0,-2500,D,True,False,False
https://m.global.jdsports.com/product/white-adidas-originals-adi-racer/729896/,adidas Originals Adi Racer,6000,20000,70.0,4500,0,-1500,D,False,False,False
https://m.global.jdsports.com/product/black-adidas-originals-firebird-denim-shorts/730733/,adidas Originals Firebird Denim Shorts,6000,12000,50.0,3500,0,-2500,D,False,False,False
https://m.global.jdsports.com/product/white-boss-waffle-shorts/749441/,BOSS Waffle Shorts,6000,9800,38.8,0,0,0,?,False,False,False
https://m.global.jdsports.com/product/black-the-north-face-fine-box-logo-joggers/756398/,The North Face Fine Box Logo Joggers,6000,13000,53.8,0,0,0,?,False,False,False
https://m.global.jdsports.com/product/black-adidas-newcastle-united-fc-202526-match-home-shirt/757331/,adidas Newcastle United FC 2025/26 Match Home Shirt,6000,24000,75.0,3500,0,-2500,S,False,False,True
https://m.global.jdsports.com/product/black-adidas-ajax-training-track-pants/757500/,adidas Ajax Training Track Pants,6000,11000,45.5,3500,0,-2500,D,False,False,False
https://m.global.jdsports.com/product/brown-adidas-benfica-202526-away-shirt/757575/,adidas Benfica 2025/26 Away Shirt,6000,17000,64.7,4500,0,-1500,D,True,False,False
https://m.global.jdsports.com/product/blue-adidas-originals-real-madrid-202526-third-shirt/758803/,adidas Originals Real Madrid 2025/26 Third Shirt,6000,17000,64.7,0,0,0,?,True,False,False
https://m.global.jdsports.com/product/black-adidas-celtic-202526-match-away-shirt/758946/,adidas Celtic 2025/26 Match Away Shirt,6000,24000,75.0,5000,0,-1000,S,False,False,True
https://m.global.jdsports.com/product/black-under-armour-vanish-performance-jacket/761634/,Under Armour Vanish Performance Jacket,6000,16000,62.5,3500,0,-2500,D,True,False,False
https://m.global.jdsports.com/product/yellow-adidas-originals-leeds-united-fc-icon-shirt/763332/,adidas Originals Leeds United FC Icon Shirt,6000,14000,57.1,3500,0,-2500,D,False,False,False
https://m.global.jdsports.com/product/green-lacoste-core-t-shirt/764777/,Lacoste Core T-Shirt,6000,9000,33.3,1500,0,-4500,D,False,False,False
https://m.global.jdsports.com/product/blue-adidas-originals-as-roma-icons-jacket/765615/,adidas Originals AS Roma Icons Jacket,6000,24000,75.0,8500,0,2500,S,False,False,True
https://m.global.jdsports.com/product/grey-adidas-originals-firebird-woven-track-top/772020/,adidas Originals Firebird Woven Track Top,6000,14000,57.1,3500,0,-2500,D,False,False,False
https://m.global.jdsports.com/product/black-boss-core-long-sleeve-t-shirt/773289/,BOSS Core Long Sleeve T-Shirt,6000,11800,49.2,2500,0,-3500,D,False,False,False
https://m.global.jdsports.com/product/white-nike-acg-lungs-long-sleeve-t-shirt/773903/,Nike ACG Lungs Long Sleeve T-Shirt,6000,10000,40.0,3500,0,-2500,D,False,False,False
https://m.global.jdsports.com/product/blue-jordan-air-fleece-joggers/774131/,Jordan Air Fleece Joggers,6000,11000,45.5,3500,0,-2500,D,False,False,False
https://m.global.jdsports.com/product/grey-jordan-air-fleece-joggers/774133/,Jordan Air Fleece Joggers,6000,11000,45.5,3500,0,-2500,D,False,False,False
https://m.global.jdsports.com/product/green-adidas-spain-2026-training-shirt/776215/,adidas Spain 2026 Training Shirt,6000,9000,33.3,3500,0,-2500,D,False,False,False
https://m.global.jdsports.com/product/green-the-north-face-trishul-cargo-shorts/776503/,The North Face Trishul Cargo Shorts,6000,11000,45.5,3500,0,-2500,D,False,False,False
https://m.global.jdsports.com/product/blue-the-north-face-performance-14-zip-top/776512/,The North Face Performance 1/4 Zip Top,6000,11000,45.5,3500,0,-2500,D,False,False,False
https://m.global.jdsports.com/product/blue-adidas-northern-ireland-tiro-26-sweat-hoodie/777178/,adidas Northern Ireland Tiro 26 Sweat Hoodie,6000,13000,53.8,3500,0,-2500,D,False,False,False
https://m.global.jdsports.com/product/blue-adidas-newcastle-united-fc-tiro-25-polo-shirt/777197/,adidas Newcastle United FC Tiro 25 Polo Shirt,6000,8000,25.0,3500,0,-2500,D,False,False,False
https://m.global.jdsports.com/product/black-adidas-originals-superstar-st/777425/,adidas Originals Superstar ST,6000,20000,70.0,4500,0,-1500,D,False,False,False
https://m.global.jdsports.com/product/blue-berghaus-theran-cargo-shorts/778047/,Berghaus Theran Cargo Shorts,6000,12000,50.0,0,0,0,?,False,False,False
https://m.global.jdsports.com/product/green-berghaus-stanope-shorts/778049/,Berghaus Stanope Shorts,6000,9000,33.3,0,0,0,?,False,False,False
https://m.global.jdsports.com/product/blue-adidas-originals-firebird-denim-shorts/778201/,adidas Originals Firebird Denim Shorts,6000,12000,50.0,3500,0,-2500,D,False,False,False
https://m.global.jdsports.com/product/grey-puma-manchester-city-fc-2026-year-of-the-horse-shirt/778227/,PUMA Manchester City FC 2026 Year of the Horse Shirt,6000,17000,64.7,2500,0,-3500,D,False,False,False
https://m.global.jdsports.com/product/grey-adidas-essential-crew-sweatshirt/778882/,adidas Essential Crew Sweatshirt,6000,7600,21.1,3500,0,-2500,D,False,False,False
https://m.global.jdsports.com/product/grey-adidas-essential-joggers/778883/,adidas Essential Joggers,6000,7000,14.3,3500,0,-2500,D,False,False,False
https://m.global.jdsports.com/product/blue-asics-icon-track-pants/778990/,ASICS Icon Track Pants,6000,11600,48.3,3500,0,-2500,D,False,False,False
https://m.global.jdsports.com/product/grey-asics-core-track-pants/779006/,ASICS Core Track Pants,6000,10800,44.4,3500,0,-2500,D,False,False,False
https://m.global.jdsports.com/product/green-asics-road-seamless-t-shirt/779010/,ASICS Road Seamless T-Shirt,6000,9800,38.8,2500,0,-3500,D,False,False,False
https://m.global.jdsports.com/product/green-asics-logo-hoodie/779022/,ASICS Logo Hoodie,6000,12000,50.0,3500,0,-2500,D,False,False,False
https://m.global.jdsports.com/product/black-jordan-collectors-mini-messenger-bag/779298/,Jordan Collectors Mini Messenger Bag,6000,11600,48.3,8000,0,2000,D,False,False,False
https://m.global.jdsports.com/product/white-jordan-swoosh-joggers/779381/,Jordan Swoosh Joggers,6000,12000,50.0,3500,0,-2500,D,False,False,False
https://m.global.jdsports.com/product/grey-jordan-globe-open-hem-joggers/779390/,Jordan Globe Open Hem Joggers,6000,14000,57.1,2500,0,-3500,D,False,False,False
https://m.global.jdsports.com/product/blue-jordan-jumpman-swoosh-overhead-hoodie/779392/,Jordan Jumpman Swoosh Overhead Hoodie,6000,11000,45.5,4500,0,-1500,D,True,False,False
https://m.global.jdsports.com/product/blue-jordan-swoosh-joggers/779393/,Jordan Swoosh Joggers,6000,12000,50.0,3500,0,-2500,D,False,False,False
https://m.global.jdsports.com/product/black-jordan-jumpman-swoosh-shorts/779403/,Jordan Jumpman Swoosh Shorts,6000,9000,33.3,3500,0,-2500,D,False,False,False
https://m.global.jdsports.com/product/black-nike-mens-jordan-dri-fit-football-knit-drill-top-brazil-strike/779844/,Nike Men's Jordan Dri-FIT Football Knit Drill Top Brazil Strike,6000,13000,53.8,3500,0,-2500,D,False,False,False
https://m.global.jdsports.com/product/black-jordan-brazil-2026-strike-track-pants/779846/,Jordan Brazil 2026 Strike Track Pants,6000,13000,53.8,24000,0,18000,A,False,False,True
https://m.global.jdsports.com/product/blue-nike-acg-inter-milan-202526-long-sleeve-fourth-shirt/779850/,Nike ACG Inter Milan 2025/26 Long Sleeve Fourth Shirt,6000,19000,68.4,0,0,0,?,True,False,False
https://m.global.jdsports.com/product/black-nike-acg-inter-milan-pre-match-shirt/779852/,Nike ACG Inter Milan Pre Match Shirt,6000,12000,50.0,0,0,0,?,True,False,False
https://m.global.jdsports.com/product/black-fila-valado-adv-2/779909/,Fila Valado ADV 2,6000,12000,50.0,4500,0,-1500,D,False,False,False
https://m.global.jdsports.com/product/black-fila-valado-adv-2/779910/,Fila Valado ADV 2,6000,12000,50.0,4500,0,-1500,D,False,False,False
https://m.global.jdsports.com/product/orange-nike-acg-running-t-shirt/780032/,Nike ACG Running T-Shirt,6000,11000,45.5,2500,0,-3500,D,False,False,False
https://m.global.jdsports.com/product/blue-nike-academy-14-zip-top/780078/,Nike Academy 1/4 Zip Top,6000,8000,25.0,2500,0,-3500,D,False,False,False
https://m.global.jdsports.com/product/blue-nike-academy-track-pants/780079/,Nike Academy Track Pants,6000,8000,25.0,3500,0,-2500,D,False,False,False
https://m.global.jdsports.com/product/black-lacoste-croc-woven-tape-shorts/781171/,Lacoste Croc Woven Tape Shorts,6000,13000,53.8,3500,0,-2500,D,False,False,False
https://m.global.jdsports.com/product/grey-lacoste-croc-woven-tape-shorts/781173/,Lacoste Croc Woven Tape Shorts,6000,13000,53.8,3500,0,-2500,D,False,False,False
https://m.global.jdsports.com/product/dark-blue-lacoste-core-fleece-shorts/781179/,Lacoste Core Fleece Shorts,6000,11000,45.5,3500,0,-2500,D,False,False,False
https://m.global.jdsports.com/product/grey-lacoste-croc-colour-block-tape-t-shirt/781183/,Lacoste Croc Colour Block Tape T-Shirt,6000,12000,50.0,2800,0,-3200,D,False,False,False
https://m.global.jdsports.com/product/black-the-north-face-mountain-athletics-fleece-joggers/781410/,The North Face Mountain Athletics Fleece Joggers,6000,13000,53.8,4500,0,-1500,D,False,False,False
https://m.global.jdsports.com/product/black-the-north-face-grid-reflective-belt-shorts/781468/,The North Face Grid Reflective Belt Shorts,6000,13000,53.8,3500,0,-2500,D,False,False,False
https://m.global.jdsports.com/product/grey-under-armour-vanish-wordmark-track-pants/781693/,Under Armour Vanish Wordmark Track Pants,6000,15000,60.0,3500,0,-2500,D,False,False,False
https://m.global.jdsports.com/product/green-under-armour-tech-hybrid-track-pants/781716/,Under Armour Tech Hybrid Track Pants,6000,14000,57.1,3500,0,-2500,D,False,False,False
https://m.global.jdsports.com/product/black-adidas-originals-sst-track-top/782401/,adidas Originals SST Track Top,6000,13000,53.8,3500,0,-2500,D,False,False,False
https://m.global.jdsports.com/product/brown-nike-seersucker-5-swim-shorts/783075/,"Nike Seersucker 5"" Swim Shorts",6000,9200,34.8,3500,0,-2500,D,False,False,False
https://m.global.jdsports.com/product/blue-nike-seersucker-5-swim-shorts/783076/,"Nike Seersucker 5"" Swim Shorts",6000,9200,34.8,3500,0,-2500,D,False,False,False
https://m.global.jdsports.com/product/green-fred-perry-tape-shorts/783851/,Fred Perry Tape Shorts,6000,14000,57.1,3500,0,-2500,D,False,False,False
https://m.global.jdsports.com/product/grey-fred-perry-stack-shorts/783852/,Fred Perry Stack Shorts,6000,13000,53.8,3500,0,-2500,D,False,False,False
https://m.global.jdsports.com/product/grey-fred-perry-side-logo-t-shirt/783867/,Fred Perry Side Logo T-Shirt,6000,12000,50.0,2500,0,-3500,D,False,False,False
https://m.global.jdsports.com/product/blue-fred-perry-side-logo-t-shirt/783871/,Fred Perry Side Logo T-Shirt,6000,12000,50.0,2500,0,-3500,D,False,False,False
https://m.global.jdsports.com/product/brown-fred-perry-tipped-shorts/783872/,Fred Perry Tipped Shorts,6000,12000,50.0,3500,0,-2500,D,True,False,False
https://m.global.jdsports.com/product/black-calvin-klein-underwear-3-pack-icon-boxers/784376/,Calvin Klein Underwear 3-Pack Icon Boxers,6000,8800,31.8,2500,0,-3500,D,True,False,False
https://m.global.jdsports.com/product/blue-adidas-originals-overhead-retro-windbreaker/784707/,adidas Originals Overhead Retro Windbreaker,6000,17000,64.7,4500,0,-1500,D,False,False,False
https://m.global.jdsports.com/product/blue-adidas-originals-colour-block-retro-track-top/784708/,adidas Originals Colour Block Retro Track Top,6000,14000,57.1,4500,0,-1500,D,False,False,False
https://m.global.jdsports.com/product/black-adidas-originals-waffle-polo-shirt/784725/,adidas Originals Waffle Polo Shirt,6000,7000,14.3,2500,0,-3500,D,False,False,False
https://m.global.jdsports.com/product/black-adidas-tiro-26-track-pants/784731/,adidas Tiro 26 Track Pants,6000,8000,25.0,3500,0,-2500,D,False,False,False
https://m.global.jdsports.com/product/black-adidas-germany-og-t-shirt/785079/,adidas Germany OG T-Shirt,6000,8000,25.0,3500,0,-2500,D,False,False,False
https://m.global.jdsports.com/product/red-adidas-originals-scotland-og-shorts/785296/,adidas Originals Scotland OG Shorts,6000,10000,40.0,3500,0,-2500,D,False,False,False
https://m.global.jdsports.com/product/black-nike-acg-solar-chase-t-shirt/786094/,Nike ACG Solar Chase T-Shirt,6000,11000,45.5,2500,0,-3500,D,False,False,False
https://m.global.jdsports.com/product/black-adidas-colour-block-hoodie/787531/,adidas Colour Block Hoodie,6000,9000,33.3,3500,0,-2500,D,False,False,False
https://m.global.jdsports.com/product/black-adidas-colour-block-hoodie/787533/,adidas Colour Block Hoodie,6000,9000,33.3,3500,0,-2500,D,False,False,False
https://m.global.jdsports.com/product/black-nike-street-fleece-shorts/788879/,Nike Street Fleece Shorts,6000,9000,33.3,3500,0,-2500,D,False,False,False
https://m.global.jdsports.com/product/grey-nike-street-fleece-overhead-hoodie/788883/,Nike Street Fleece Overhead Hoodie,6000,13000,53.8,4500,0,-1500,D,False,False,False
https://m.global.jdsports.com/product/grey-under-armour-lock-up-track-pants/789272/,Under Armour Lock Up Track Pants,6000,13000,53.8,3500,0,-2500,D,False,False,False
https://m.global.jdsports.com/product/brown-adidas-originals-seersucker-shirt/790091/,adidas Originals Seersucker Shirt,6000,8000,25.0,3500,0,-2500,D,False,False,False
https://m.global.jdsports.com/product/black-adidas-originals-all-over-print-t-shirt/790104/,adidas Originals All Over Print T-Shirt,6000,9000,33.3,2500,0,-3500,D,False,False,False
https://m.global.jdsports.com/product/red-jordan-globe-shorts/790277/,Jordan Globe Shorts,6000,10000,40.0,2500,0,-3500,D,False,False,False
https://m.global.jdsports.com/product/brown-nike-washed-shorts/791155/,Nike Washed Shorts,6000,9000,33.3,2500,0,-3500,D,False,False,False
https://m.global.jdsports.com/product/green-nike-stride-plus-t-shirt/791198/,Nike Stride Plus T-Shirt,6000,11000,45.5,1200,0,-4800,D,False,False,False
https://m.global.jdsports.com/product/grey-nike-golf-shorts/791225/,Nike Golf Shorts,6000,11000,45.5,3500,0,-2500,D,False,False,False
https://m.global.jdsports.com/product/black-nike-golf-shorts/791227/,Nike Golf Shorts,6000,11000,45.5,3500,0,-2500,D,False,False,False
https://m.global.jdsports.com/product/blue-nike-golf-shorts/791229/,Nike Golf Shorts,6000,11000,45.5,3500,0,-2500,D,False,False,False
https://m.global.jdsports.com/product/blue-nike-seoul-shorts/791244/,Nike Seoul Shorts,6000,11000,45.5,3500,0,-2500,D,False,False,False
https://m.global.jdsports.com/product/black-nike-air-force-1-retro/791410/,Nike Air Force 1 Retro,6000,22000,72.7,8500,0,2500,D,True,False,False
https://m.global.jdsports.com/product/black-fila-rgb-fuse-2/791905/,Fila RGB Fuse 2,6000,13000,53.8,3500,0,-2500,D,False,False,False
https://m.global.jdsports.com/product/black-the-north-face-notes-open-hem-joggers/793077/,The North Face Notes Open Hem Joggers,6000,14000,57.1,4500,0,-1500,D,False,False,False
https://m.global.jdsports.com/product/purple-nike-pro-long-shorts/794408/,Nike Pro Long Shorts,6000,9000,33.3,2500,0,-3500,D,False,False,False
https://m.global.jdsports.com/product/off-white-nike-acg-chase-t-shirt/794421/,Nike ACG Chase T-Shirt,6000,11000,45.5,2500,0,-3500,D,False,False,False
https://m.global.jdsports.com/product/green-nike-acg-chase-t-shirt/794422/,Nike ACG Chase T-Shirt,6000,11000,45.5,2500,0,-3500,D,False,False,False
https://m.global.jdsports.com/product/white-adidas-originals-waffle-shorts/794587/,adidas Originals Waffle Shorts,6000,8000,25.0,3500,0,-2500,D,False,False,False
https://m.global.jdsports.com/product/white-adidas-originals-embroidered-oversized-hoodie/794592/,adidas Originals Embroidered Oversized Hoodie,6000,11000,45.5,5800,0,-200,D,False,False,False
https://m.global.jdsports.com/product/blue-adidas-originals-embroidered-oversized-hoodie/794593/,adidas Originals Embroidered Oversized Hoodie,6000,11000,45.5,5800,0,-200,D,False,False,False
https://m.global.jdsports.com/product/green-new-era-nfl-green-bay-packers-jersey/795700/,New Era NFL Green Bay Packers Jersey,6000,10400,42.3,2500,0,-3500,D,False,False,False
https://m.global.jdsports.com/product/green-boss-basic-t-shirt/796442/,BOSS Basic T-Shirt,6000,9800,38.8,1500,0,-4500,D,False,False,False
https://m.global.jdsports.com/product/blue-adidas-originals-waffle-shorts/797468/,adidas Originals Waffle Shorts,6000,8000,25.0,3500,0,-2500,D,False,False,False
https://m.global.jdsports.com/product/black-fila-camalfi/802734/,Fila Camalfi,6000,10000,40.0,4500,0,-1500,D,False,False,False
https://m.global.jdsports.com/product/white-fila-trexler-n3/802780/,Fila Trexler N3,6000,10000,40.0,4500,0,-1500,D,False,False,False
https://m.global.jdsports.com/product/grey-fila-trexler-n3/802781/,Fila Trexler N3,6000,10000,40.0,4500,0,-1500,D,False,False,False
https://m.global.jdsports.com/product/black-fila-trexler-n3/802782/,Fila Trexler N3,6000,10000,40.0,4500,0,-1500,D,False,False,False
https://m.global.jdsports.com/product/black-fila-trexler-n3/802783/,Fila Trexler N3,6000,10000,40.0,4500,0,-1500,D,False,False,False
https://m.global.jdsports.com/product/black-fila-cress/802784/,Fila Cress,6000,11000,45.5,4500,0,-1500,D,False,False,False
https://m.global.jdsports.com/product/blue-jordan-brazil-duffle-bag/812222/,Jordan Brazil Duffle Bag,6000,12400,51.6,8000,0,2000,D,False,False,False
https://m.global.jdsports.com/product/black-under-armour-vanish-hybrid-jacket/710564/,Under Armour Vanish Hybrid Jacket,7000,16000,56.2,3500,0,-3500,D,False,False,False
https://m.global.jdsports.com/product/black-lacoste-core-fleece-joggers/725773/,Lacoste Core Fleece Joggers,7000,17000,58.8,3500,0,-3500,D,False,False,False
https://m.global.jdsports.com/product/grey-lacoste-core-fleece-joggers/725775/,Lacoste Core Fleece Joggers,7000,17000,58.8,3500,0,-3500,D,False,False,False
https://m.global.jdsports.com/product/blue-jordan-poly-track-top/727550/,Jordan Poly Track Top,7000,15000,53.3,8000,0,1000,D,False,False,False
https://m.global.jdsports.com/product/grey-berghaus-intervale-woven-jacket/728622/,Berghaus Intervale Woven Jacket,7000,20000,65.0,0,0,0,?,False,False,False
https://m.global.jdsports.com/product/green-columbia-helvetia-12-snap-fleece/732138/,Columbia Helvetia 1/2 Snap Fleece,7000,13000,46.2,3500,0,-3500,D,False,False,False
https://m.global.jdsports.com/product/black-jordan-paris-saint-germain-holdall-bag/752809/,Jordan Paris Saint Germain Holdall Bag,7000,11600,39.7,15000,0,8000,C,False,False,True
https://m.global.jdsports.com/product/black-berghaus-intervale-track-pants/759012/,Berghaus Intervale Track Pants,7000,17000,58.8,3500,0,-3500,D,False,False,False
https://m.global.jdsports.com/product/grey-the-north-face-tek-track-pants/761481/,The North Face Tek Track Pants,7000,15000,53.3,3500,0,-3500,D,False,False,False
https://m.global.jdsports.com/product/green-under-armour-lock-up-20-woven-track-pants/761657/,Under Armour Lock Up 2.0 Woven Track Pants,7000,14000,50.0,3500,0,-3500,D,True,False,False
https://m.global.jdsports.com/product/blue-nike-inter-milan-202526-third-shirt/762187/,Nike Inter Milan 2025/26 Third Shirt,7000,17000,58.8,0,0,0,?,False,False,False
https://m.global.jdsports.com/product/black-nike-premium-messenger-bag/762957/,Nike Premium Messenger Bag,7000,9000,22.2,3500,0,-3500,D,False,False,False
https://m.global.jdsports.com/product/brown-nike-x-nocta-fleece-joggers/764424/,Nike x NOCTA Fleece Joggers,7000,20000,65.0,8500,0,1500,D,False,False,False
https://m.global.jdsports.com/product/black-nike-aura-travel-wallet/766712/,Nike Aura Travel Wallet,7000,9000,22.2,2500,0,-4500,D,False,False,False
https://m.global.jdsports.com/product/blue-umbro-west-ham-united-fc-202526-third-shirt/765729/,Umbro West Ham United FC 2025/26 Third Shirt,7000,16000,56.2,3500,0,-3500,D,False,False,False
https://m.global.jdsports.com/product/green-jordan-brooklyn-realtree-camo-hoodie/772863/,Jordan Brooklyn Realtree Camo Hoodie,7000,14000,50.0,6500,0,-500,D,False,False,False
https://m.global.jdsports.com/product/black-jordan-paris-saint-germain-202526-fourth-shirt/773038/,Jordan Paris Saint Germain 2025/26 Fourth Shirt,7000,17000,58.8,24000,8237,17000,A,True,False,True
https://m.global.jdsports.com/product/grey-the-north-face-fine-box-hoodie/776362/,The North Face Fine Box Hoodie,7000,14000,50.0,3500,0,-3500,D,False,False,False
https://m.global.jdsports.com/product/grey-the-north-face-tek-track-pants/776490/,The North Face Tek Track Pants,7000,15000,53.3,3500,0,-3500,D,False,False,False
https://m.global.jdsports.com/product/blue-the-north-face-performance-woven-track-pants/776509/,The North Face Performance Woven Track Pants,7000,15000,53.3,3500,0,-3500,D,False,False,False
https://m.global.jdsports.com/product/blue-berghaus-intervale-woven-track-pants/778033/,Berghaus Intervale Woven Track Pants,7000,16000,56.2,2000,0,-5000,D,False,False,False
https://m.global.jdsports.com/product/green-nike-challenger-woven-track-pants/778915/,Nike Challenger Woven Track Pants,7000,14000,50.0,3500,0,-3500,D,False,False,False
https://m.global.jdsports.com/product/black-asics-core-colour-block-jacket/778981/,ASICS Core Colour Block Jacket,7000,12600,44.4,3500,0,-3500,D,False,False,False
https://m.global.jdsports.com/product/blue-boss-chest-tape-t-shirt/779247/,BOSS Chest Tape T-Shirt,7000,13000,46.2,3500,0,-3500,D,False,False,False
https://m.global.jdsports.com/product/grey-nike-rejuven8/779366/,Nike REJUVEN8,7000,13000,46.2,0,0,0,?,False,False,False
https://m.global.jdsports.com/product/black-jordan-globe-open-hem-joggers/779386/,Jordan Globe Open Hem Joggers,7000,14000,50.0,2500,0,-4500,D,False,False,False
https://m.global.jdsports.com/product/black-nike-air-max-cargo-pants/779980/,Nike Air Max Cargo Pants,7000,16000,56.2,0,0,0,?,False,False,False
https://m.global.jdsports.com/product/black-nike-air-max-fleece-overhead-hoodie/779983/,Nike Air Max Fleece Overhead Hoodie,7000,15000,53.3,4500,0,-2500,D,False,False,False
https://m.global.jdsports.com/product/black-nike-air-max-fleece-joggers/779984/,Nike Air Max Fleece Joggers,7000,15000,53.3,4500,0,-2500,D,False,False,False
https://m.global.jdsports.com/product/grey-nike-air-max-fleece-overhead-hoodie/779990/,Nike Air Max Fleece Overhead Hoodie,7000,15000,53.3,4500,0,-2500,D,False,False,False
https://m.global.jdsports.com/product/grey-nike-air-max-fleece-joggers/779991/,Nike Air Max Fleece Joggers,7000,15000,53.3,4500,0,-2500,D,False,False,False
https://m.global.jdsports.com/product/black-nike-acg-running-shorts/780033/,Nike ACG Running Shorts,7000,14000,50.0,3500,0,-3500,D,False,False,False
https://m.global.jdsports.com/product/blue-lacoste-colour-block-reflective-piping-shorts/781177/,Lacoste Colour Block Reflective Piping Shorts,7000,12000,41.7,3500,0,-3500,D,False,False,False
https://m.global.jdsports.com/product/white-lacoste-piping-t-shirt/781196/,Lacoste Piping T-Shirt,7000,14000,50.0,2500,0,-4500,D,False,False,False
https://m.global.jdsports.com/product/black-the-north-face-mountain-athletics-fleece-overhead-hoodie/781409/,The North Face Mountain Athletics Fleece Overhead Hoodie,7000,15000,53.3,8500,0,1500,D,False,False,False
https://m.global.jdsports.com/product/black-ea7-t-shirt/782953/,EA7 T-Shirt,7000,11000,36.4,3500,0,-3500,D,False,False,False
https://m.global.jdsports.com/product/blue-fred-perry-back-graphic-t-shirt/783875/,Fred Perry Back Graphic T-Shirt,7000,11000,36.4,2500,0,-4500,D,False,False,False
https://m.global.jdsports.com/product/black-vans-palm-drive-overhead-hoodie/784021/,Vans Palm Drive Overhead Hoodie,7000,13000,46.2,3500,0,-3500,D,False,False,False
https://m.global.jdsports.com/product/blue-vans-palm-drive-overhead-hoodie/784038/,Vans Palm Drive Overhead Hoodie,7000,13000,46.2,3500,0,-3500,D,False,False,False
https://m.global.jdsports.com/product/grey-nike-tech-shori-knit-track-pants/784079/,Nike Tech Shori Knit Track Pants,7000,16000,56.2,0,0,0,?,False,False,False
https://m.global.jdsports.com/product/grey-adidas-originals-sst-track-top/784699/,adidas Originals SST Track Top,7000,11000,36.4,3500,0,-3500,D,False,False,False
https://m.global.jdsports.com/product/red-adidas-originals-colour-block-retro-windbreaker/784702/,adidas Originals Colour Block Retro Windbreaker,7000,16000,56.2,3500,0,-3500,D,False,False,False
https://m.global.jdsports.com/product/blue-columbia-tech-full-zip-jacket/786455/,Columbia Tech Full Zip Jacket,7000,15000,53.3,4500,0,-2500,D,False,False,False
https://m.global.jdsports.com/product/green-columbia-tech-full-zip-jacket/786457/,Columbia Tech Full Zip Jacket,7000,15000,53.3,4500,0,-2500,D,False,False,False
https://m.global.jdsports.com/product/blue-adidas-originals-3-stripes-rugby-long-sleeve-polo-shirt/787378/,adidas Originals 3 Stripes Rugby Long Sleeve Polo Shirt,7000,10000,30.0,3500,0,-3500,D,False,False,False
https://m.global.jdsports.com/product/black-adidas-originals-all-over-print-windbreaker-jacket/790111/,adidas Originals All Over Print Windbreaker Jacket,7000,17000,58.8,8500,0,1500,D,False,False,False
https://m.global.jdsports.com/product/blue-adidas-originals-all-over-print-windbreaker-jacket/790112/,adidas Originals All Over Print Windbreaker Jacket,7000,17000,58.8,8500,0,1500,D,False,False,False
https://m.global.jdsports.com/product/white-adidas-originals-santiago-jersey/790129/,adidas Originals Santiago Jersey,7000,10000,30.0,2500,0,-4500,D,False,False,False
https://m.global.jdsports.com/product/blue-jordan-basketball-vest/790274/,Jordan Basketball Vest,7000,9000,22.2,4500,0,-2500,D,False,False,False
https://m.global.jdsports.com/product/black-nike-tech-woven-camo-shorts/791128/,Nike Tech Woven Camo Shorts,7000,15000,53.3,3500,0,-3500,D,False,False,False
https://m.global.jdsports.com/product/black-nike-stride-plus-t-shirt/791200/,Nike Stride Plus T-Shirt,7000,11000,36.4,1200,0,-5800,D,False,False,False
https://m.global.jdsports.com/product/black-nike-stride-plus-shorts/791201/,Nike Stride Plus Shorts,7000,12000,41.7,2500,0,-4500,D,False,False,False
https://m.global.jdsports.com/product/black-nike-football-long-sleeve-t-shirt/791243/,Nike Football Long Sleeve T-Shirt,7000,15000,53.3,2000,0,-5000,D,False,False,False
https://m.global.jdsports.com/product/red-jordan-hydro-vi-retro-slides/791276/,Jordan Hydro VI Retro Slides,7000,11000,36.4,8000,0,1000,D,False,False,False
https://m.global.jdsports.com/product/black-nike-all-over-print-shorts/791426/,Nike All Over Print Shorts,7000,14000,50.0,3500,0,-3500,D,False,False,False
https://m.global.jdsports.com/product/white-fila-valado-adv-2/791904/,Fila Valado ADV 2,7000,12000,41.7,4500,0,-2500,D,False,False,False
https://m.global.jdsports.com/product/blue-fred-perry-fine-stripe-t-shirt/793904/,Fred Perry Fine Stripe T-Shirt,7000,11000,36.4,3500,0,-3500,D,False,False,False
https://m.global.jdsports.com/product/white-fred-perry-fine-stripe-t-shirt/794816/,Fred Perry Fine Stripe T-Shirt,7000,11000,36.4,3500,0,-3500,D,False,False,False
https://m.global.jdsports.com/product/red-new-era-nfl-san-francisco-49ers-jersey/795699/,New Era NFL San Francisco 49ers Jersey,7000,10400,32.7,3500,0,-3500,D,False,False,False
https://m.global.jdsports.com/product/blue-adidas-originals-spain-eqt-t-shirt/797893/,adidas Originals Spain EQT T-Shirt,7000,9000,22.2,2500,0,-4500,D,False,False,False
https://m.global.jdsports.com/product/black-fila-valado-adv-2/802786/,Fila Valado ADV 2,7000,12000,41.7,4500,0,-2500,D,False,False,False
https://m.global.jdsports.com/product/brown-fila-valado/802787/,Fila Valado,7000,12000,41.7,3500,0,-3500,D,False,False,False
https://m.global.jdsports.com/product/pink-tommy-hilfiger-small-logo-sweatshirt/805826/,Tommy Hilfiger Small Logo Sweatshirt,7000,19000,63.2,3500,0,-3500,D,False,False,False
https://m.global.jdsports.com/product/black-adidas-originals-sst-track-top/244515/,adidas Originals SST Track Top,8000,13000,38.5,3500,0,-4500,D,False,False,False
https://m.global.jdsports.com/product/black-vans-knu-skool/638397/,Vans Knu Skool,8000,16000,50.0,4500,0,-3500,D,False,False,False
https://m.global.jdsports.com/product/black-under-armour-woven-cargo-track-pants/688671/,Under Armour Woven Cargo Track Pants,8000,15000,46.7,3500,0,-4500,D,False,False,False
https://m.global.jdsports.com/product/black-berghaus-vaskye-hybrid-vest/706076/,Berghaus Vaskye Hybrid Vest,8000,20000,60.0,0,0,0,?,False,False,False
https://m.global.jdsports.com/product/black-lacoste-double-knit-overhead-hoodie/711733/,Lacoste Double Knit Overhead Hoodie,8000,18000,55.6,4500,0,-3500,D,False,False,False
https://m.global.jdsports.com/product/grey-nike-tech-woven-pants/716446/,Nike Tech Woven Pants,8000,18000,55.6,4500,0,-3500,D,False,False,False
https://m.global.jdsports.com/product/grey-under-armour-vanish-hybrid-jacket/718258/,Under Armour Vanish Hybrid Jacket,8000,16000,50.0,3500,0,-4500,D,False,False,False
https://m.global.jdsports.com/product/black-lacoste-woven-cargo-shorts/725824/,Lacoste Woven Cargo Shorts,8000,13000,38.5,2800,0,-5200,D,False,False,False
https://m.global.jdsports.com/product/grey-nike-acg-light-windrunner-jacket/728063/,Nike ACG Light Windrunner Jacket,8000,27000,70.4,8000,0,0,D,True,False,False
https://m.global.jdsports.com/product/grey-berghaus-sidley-hoodie/728624/,Berghaus Sidley Hoodie,8000,20000,60.0,3500,0,-4500,D,False,False,False
https://m.global.jdsports.com/product/grey-the-north-face-hybrid-gilet/756407/,The North Face Hybrid Gilet,8000,20000,60.0,5500,0,-2500,D,False,False,False
https://m.global.jdsports.com/product/black-puma-ac-milan-tech-track-pants/757043/,PUMA AC Milan Tech Track Pants,8000,13000,38.5,3500,0,-4500,D,False,False,False
https://m.global.jdsports.com/product/white-adidas-afc-ajax-pre-match-jacket/757495/,adidas AFC Ajax Pre Match Jacket,8000,15000,46.7,8000,0,0,D,False,False,False
https://m.global.jdsports.com/product/black-adidas-ajax-training-track-top/757504/,adidas Ajax Training Track Top,8000,13000,38.5,3500,0,-4500,D,False,False,False
https://m.global.jdsports.com/product/blue-berghaus-intervale-jacket/759033/,Berghaus Intervale Jacket,8000,20000,60.0,3500,0,-4500,D,False,False,False
https://m.global.jdsports.com/product/grey-berghaus-theran-jacket/759035/,Berghaus Theran Jacket,8000,19000,57.9,0,0,0,?,False,False,False
https://m.global.jdsports.com/product/grey-adidas-originals-adicolor-loose-denim-track-pants/761185/,adidas Originals Adicolor Loose Denim Track Pants,8000,14000,42.9,4500,0,-3500,D,False,False,False
https://m.global.jdsports.com/product/grey-the-north-face-fine-box-full-zip-hoodie/761504/,The North Face Fine Box Full Zip Hoodie,8000,15000,46.7,0,0,0,?,False,False,False
https://m.global.jdsports.com/product/blue-under-armour-utility-winterized-track-pants/772528/,Under Armour Utility Winterized Track Pants,8000,18000,55.6,3500,0,-4500,D,False,False,False
https://m.global.jdsports.com/product/grey-nike-air-max-moto-2k/773986/,Nike Air Max Moto 2K,8000,24000,66.7,3500,0,-4500,D,True,False,False
https://m.global.jdsports.com/product/black-nike-air-max-moto-2k/773987/,Nike Air Max Moto 2K,8000,24000,66.7,3500,0,-4500,D,True,False,False
https://m.global.jdsports.com/product/blue-jordan-velour-track-top/774063/,Jordan Velour Track Top,8000,16000,50.0,8000,0,0,D,False,False,False
https://m.global.jdsports.com/product/blue-adidas-originals-hamburg/774640/,adidas Originals Hamburg,8000,18000,55.6,6500,0,-1500,D,False,False,False
https://m.global.jdsports.com/product/blue-adidas-scotland-tiro-travel-full-zip-windbreaker/776245/,adidas Scotland Tiro Travel Full Zip Windbreaker,8000,16000,50.0,3500,0,-4500,D,False,False,False
https://m.global.jdsports.com/product/blue-the-north-face-mountain-athletics-poly-track-pants/776505/,The North Face Mountain Athletics Poly Track Pants,8000,16000,50.0,3500,0,-4500,D,False,False,False
https://m.global.jdsports.com/product/black-new-era-poly-trapper-hat/776727/,New Era Poly Trapper Hat,8000,11600,31.0,2500,0,-5500,D,False,False,False
https://m.global.jdsports.com/product/blue-berghaus-logo-hoodie/778040/,Berghaus Logo Hoodie,8000,16000,50.0,3500,0,-4500,D,False,False,False
https://m.global.jdsports.com/product/grey-berghaus-wavertree-hooded-jacket/778044/,Berghaus Wavertree Hooded Jacket,8000,18000,55.6,3500,0,-4500,D,True,False,False
https://m.global.jdsports.com/product/grey-berghaus-lonnen-woven-track-pants/778045/,Berghaus Lonnen Woven Track Pants,8000,14000,42.9,3500,0,-4500,D,False,False,False
https://m.global.jdsports.com/product/black-berghaus-wavertree-hooded-jacket/778063/,Berghaus Wavertree Hooded Jacket,8000,18000,55.6,3500,0,-4500,D,False,False,False
https://m.global.jdsports.com/product/red-puma-czechia-2026-home-shirt/778215/,PUMA Czechia 2026 Home Shirt,8000,17000,52.9,0,0,0,?,False,False,False
https://m.global.jdsports.com/product/black-puma-new-zealand-2026-home-shirt/778280/,PUMA New Zealand 2026 Home Shirt,8000,17000,52.9,0,0,0,?,False,False,False
https://m.global.jdsports.com/product/black-boss-philix-zip-polo-shirt/779252/,BOSS Philix Zip Polo Shirt,8000,19800,59.6,0,0,0,?,True,False,False
https://m.global.jdsports.com/product/beige-boss-philix-zip-polo-shirt/779256/,BOSS Philix Zip Polo Shirt,8000,19800,59.6,0,0,0,?,False,False,False
https://m.global.jdsports.com/product/grey-jordan-brooklyn-fleece-oversized-full-zip-hoodie/779382/,Jordan Brooklyn Fleece Oversized Full Zip Hoodie,8000,14000,42.9,8000,0,0,D,False,False,False
https://m.global.jdsports.com/product/blue-nike-acg-inter-milan-pullover-hoodie/779849/,Nike ACG Inter Milan Pullover Hoodie,8000,23000,65.2,8000,0,0,D,False,False,False
https://m.global.jdsports.com/product/grey-nike-air-max-cargo-pants/779982/,Nike Air Max Cargo Pants,8000,16000,50.0,0,0,0,?,False,False,False
https://m.global.jdsports.com/product/blue-nike-air-max-poly-full-zip-hoodie/779988/,Nike Air Max Poly Full Zip Hoodie,8000,17000,52.9,3500,0,-4500,D,False,False,False
https://m.global.jdsports.com/product/blue-nike-air-max-poly-track-pants/779989/,Nike Air Max Poly Track Pants,8000,15000,46.7,3500,0,-4500,D,False,False,False
https://m.global.jdsports.com/product/white-nike-air-max-poly-full-zip-hoodie/779996/,Nike Air Max Poly Full Zip Hoodie,8000,17000,52.9,3500,0,-4500,D,False,False,False
https://m.global.jdsports.com/product/black-nike-air-max-95-woven-track-top/780000/,Nike Air Max 95 Woven Track Top,8000,18000,55.6,3500,0,-4500,D,False,False,False
https://m.global.jdsports.com/product/black-nike-air-max-95-woven-track-pants/780001/,Nike Air Max 95 Woven Track Pants,8000,16000,50.0,3500,0,-4500,D,False,False,False
https://m.global.jdsports.com/product/grey-nike-air-max-95-woven-track-top/780003/,Nike Air Max 95 Woven Track Top,8000,18000,55.6,3500,0,-4500,D,False,False,False
https://m.global.jdsports.com/product/grey-nike-air-max-95-woven-track-pants/780004/,Nike Air Max 95 Woven Track Pants,8000,16000,50.0,3500,0,-4500,D,False,False,False
https://m.global.jdsports.com/product/blue-nike-unlimited-woven-jacket/780056/,Nike Unlimited Woven Jacket,8000,16000,50.0,3500,0,-4500,D,False,False,False
https://m.global.jdsports.com/product/grey-nike-unlimited-woven-jacket/780063/,Nike Unlimited Woven Jacket,8000,16000,50.0,3500,0,-4500,D,False,False,False
https://m.global.jdsports.com/product/blue-nike-stride-track-pants/780067/,Nike Stride Track Pants,8000,16000,50.0,3500,0,-4500,D,False,False,False
https://m.global.jdsports.com/product/black-adidas-predator-league-fg/780970/,adidas Predator League FG,8000,16000,50.0,8500,0,500,D,False,False,False
https://m.global.jdsports.com/product/white-lacoste-colour-block-reflective-pipe-t-shirt/781169/,Lacoste Colour Block Reflective Pipe T-Shirt,8000,10000,20.0,3500,0,-4500,D,False,False,False
https://m.global.jdsports.com/product/blue-lacoste-core-swim-shorts/781201/,Lacoste Core Swim Shorts,8000,10000,20.0,3500,0,-4500,D,False,False,False
https://m.global.jdsports.com/product/blue-lacoste-double-knit-joggers/781203/,Lacoste Double Knit Joggers,8000,17000,52.9,3500,0,-4500,D,False,False,False
https://m.global.jdsports.com/product/orange-lacoste-wordmark-t-shirt/781206/,Lacoste Wordmark T-Shirt,8000,14000,42.9,1200,0,-6800,D,False,False,False
https://m.global.jdsports.com/product/white-lacoste-france-t-shirt/781207/,Lacoste France T-Shirt,8000,14000,42.9,2500,0,-5500,D,False,False,False
https://m.global.jdsports.com/product/blue-lacoste-france-t-shirt/781208/,Lacoste France T-Shirt,8000,14000,42.9,2500,0,-5500,D,False,False,False
https://m.global.jdsports.com/product/black-the-north-face-247-woven-track-pants/781464/,The North Face 24/7 Woven Track Pants,8000,13000,38.5,3500,0,-4500,D,False,False,False
https://m.global.jdsports.com/product/black-the-north-face-red-box-joggers/781475/,The North Face Red Box Joggers,8000,18000,55.6,3500,0,-4500,D,False,False,False
https://m.global.jdsports.com/product/black-under-armour-ua-storm-woven-full-zip-jacket/781672/,Under Armour UA Storm Woven Full Zip Jacket,8000,15000,46.7,3500,0,-4500,D,False,False,False
https://m.global.jdsports.com/product/grey-under-armour-vanish-woven-jacket/781692/,Under Armour Vanish Woven Jacket,8000,16000,50.0,3500,0,-4500,D,False,False,False
https://m.global.jdsports.com/product/black-new-balance-neon-crew-sweatshirt/781900/,New Balance Neon Crew Sweatshirt,8000,14000,42.9,2800,0,-5200,D,False,False,False
https://m.global.jdsports.com/product/grey-new-balance-neon-crew-sweatshirt/781905/,New Balance Neon Crew Sweatshirt,8000,14000,42.9,2800,0,-5200,D,False,False,False
https://m.global.jdsports.com/product/brown-adidas-originals-superstar/782205/,adidas Originals Superstar,8000,19000,57.9,5500,0,-2500,D,True,False,False
https://m.global.jdsports.com/product/black-adidas-originals-celtic-fc-irish-origins-track-top/782497/,adidas Originals Celtic FC Irish Origins Track Top,8000,17000,52.9,3500,0,-4500,D,False,False,False
https://m.global.jdsports.com/product/black-vans-lx-old-skool-36/783451/,Vans LX Old Skool 36,8000,14000,42.9,8500,0,500,D,True,False,False
https://m.global.jdsports.com/product/blue-fred-perry-badge-overhead-hoodie/783840/,Fred Perry Badge Overhead Hoodie,8000,20000,60.0,3500,0,-4500,D,False,False,False
https://m.global.jdsports.com/product/green-fred-perry-stack-logo-crew-sweatshirt/783842/,Fred Perry Stack Logo Crew Sweatshirt,8000,19000,57.9,3500,0,-4500,D,False,False,False
https://m.global.jdsports.com/product/brown-fred-perry-twin-tipped-t-shirt/783845/,Fred Perry Twin Tipped T-Shirt,8000,10000,20.0,2500,0,-5500,D,False,False,False
https://m.global.jdsports.com/product/grey-fred-perry-emblem-stack-t-shirt/783848/,Fred Perry Emblem Stack T-Shirt,8000,10000,20.0,2800,0,-5200,D,False,False,False
https://m.global.jdsports.com/product/blue-fred-perry-waffle-shorts/783858/,Fred Perry Waffle Shorts,8000,14000,42.9,3500,0,-4500,D,False,False,False
https://m.global.jdsports.com/product/grey-fred-perry-og-stack-joggers/783862/,Fred Perry OG Stack Joggers,8000,17000,52.9,3500,0,-4500,D,False,False,False
https://m.global.jdsports.com/product/black-nike-air-woven-track-pants/784069/,Nike Air Woven Track Pants,8000,16000,50.0,3500,0,-4500,D,False,False,False
https://m.global.jdsports.com/product/brown-nike-air-woven-track-pants/784071/,Nike Air Woven Track Pants,8000,16000,50.0,3500,0,-4500,D,False,False,False
https://m.global.jdsports.com/product/yellow-adidas-jamaica-2026-pre-match-home-shirt/784262/,adidas Jamaica 2026 Pre Match Home Shirt,8000,12000,33.3,8500,0,500,D,False,False,False
https://m.global.jdsports.com/product/black-nike-air-max-95/762609/,Nike Air Max 95,8000,35000,77.1,8500,6590,500,S,True,False,True
https://m.global.jdsports.com/product/blue-adidas-originals-argentina-og-track-top/785073/,adidas Originals Argentina OG Track Top,8000,17000,52.9,8500,0,500,D,False,False,False
https://m.global.jdsports.com/product/white-adidas-originals-germany-og-track-top/785080/,adidas Originals Germany OG Track Top,8000,17000,52.9,8000,0,0,D,False,False,False
https://m.global.jdsports.com/product/blue-adidas-originals-ukraine-2026-away-shirt/785100/,adidas Originals Ukraine 2026 Away Shirt,8000,17000,52.9,0,0,0,?,False,False,False
https://m.global.jdsports.com/product/purple-adidas-originals-scotland-og-track-pants/785298/,adidas Originals Scotland OG Track Pants,8000,16000,50.0,8500,0,500,D,False,False,False
https://m.global.jdsports.com/product/red-puma-scuderia-ferrari-hoodie/786409/,PUMA Scuderia Ferrari Hoodie,8000,20000,60.0,8500,0,500,D,False,False,False
https://m.global.jdsports.com/product/red-adidas-originals-wales-150th-anniversary-track-top/787270/,adidas Originals Wales 150th Anniversary Track Top,8000,18000,55.6,8000,0,0,D,False,False,False
https://m.global.jdsports.com/product/black-adidas-germany-14-retro-away-shirt/787877/,adidas Germany '14 Retro Away Shirt,8000,18000,55.6,8000,0,0,D,False,False,False
https://m.global.jdsports.com/product/red-nike-festival-jacket/788904/,Nike Festival Jacket,8000,16000,50.0,3500,0,-4500,D,False,False,False
https://m.global.jdsports.com/product/yellow-nike-festival-jacket/788908/,Nike Festival Jacket,8000,16000,50.0,3500,0,-4500,D,False,False,False
https://m.global.jdsports.com/product/red-nike-poland-2026-away-shirt/789365/,Nike Poland 2026 Away Shirt,8000,18000,55.6,0,0,0,?,False,False,False
https://m.global.jdsports.com/product/grey-converse-chuck-taylor-all-star-throwback-ox/789906/,Converse Chuck Taylor All Star Throwback Ox,8000,14000,42.9,4500,0,-3500,D,False,False,False
https://m.global.jdsports.com/product/blue-adidas-teamgeist-12-zip-track-top/790142/,adidas Teamgeist 1/2 Zip Track Top,8000,14000,42.9,3500,0,-4500,D,False,False,False
https://m.global.jdsports.com/product/blue-nike-tech-fleece-joggers/791120/,Nike Tech Fleece Joggers,8000,18000,55.6,4500,0,-3500,D,False,False,False
https://m.global.jdsports.com/product/grey-nike-tech-fleece-joggers/791124/,Nike Tech Fleece Joggers,8000,18000,55.6,4500,0,-3500,D,False,False,False
https://m.global.jdsports.com/product/black-nike-air-max-poly-full-zip-hoodie/791137/,Nike Air Max Poly Full Zip Hoodie,8000,18000,55.6,3500,0,-4500,D,False,False,False
https://m.global.jdsports.com/product/black-nike-air-max-poly-track-pants/791138/,Nike Air Max Poly Track Pants,8000,16000,50.0,3500,0,-4500,D,False,False,False
https://m.global.jdsports.com/product/brown-nike-washed-hoodie/791156/,Nike Washed Hoodie,8000,13000,38.5,3500,0,-4500,D,False,False,False
https://m.global.jdsports.com/product/blue-nike-washed-hoodie/791159/,Nike Washed Hoodie,8000,13000,38.5,3500,0,-4500,D,False,False,False
https://m.global.jdsports.com/product/black-nike-velocity-golf-pants/791297/,Nike Velocity Golf Pants,8000,13000,38.5,0,0,0,?,False,False,False
https://m.global.jdsports.com/product/black-puma-darter-tech/791565/,PUMA Darter Tech,8000,12000,33.3,3500,0,-4500,D,False,False,False
https://m.global.jdsports.com/product/black-puma-darter-tech/791566/,PUMA Darter Tech,8000,12000,33.3,3500,0,-4500,D,False,False,False
https://m.global.jdsports.com/product/pink-adidas-originals-all-over-print-football-jersey/792185/,adidas Originals All Over Print Football Jersey,8000,12000,33.3,2500,0,-5500,D,False,False,False
https://m.global.jdsports.com/product/green-adidas-originals-all-over-print-football-jersey/792186/,adidas Originals All Over Print Football Jersey,8000,12000,33.3,2500,0,-5500,D,True,False,False
https://m.global.jdsports.com/product/blue-adidas-originals-all-over-print-football-jersey/792187/,adidas Originals All Over Print Football Jersey,8000,12000,33.3,2500,0,-5500,D,False,False,False
https://m.global.jdsports.com/product/grey-new-balance-back-graphic-script-hoodie/792536/,New Balance Back Graphic Script Hoodie,8000,13000,38.5,3500,0,-4500,D,False,False,False
https://m.global.jdsports.com/product/green-nike-mens-dri-fit-hooded/795728/,Nike MEN'S DRI-FIT HOODED,8000,12000,33.3,3500,0,-4500,D,False,False,False
https://m.global.jdsports.com/product/black-adidas-newcastle-united-fc-202526-bruno-g-39-away-shirt/797061/,adidas Newcastle United FC 2025/26 Bruno G #39 Away Shirt,8000,20000,60.0,2800,0,-5200,D,False,False,False
https://m.global.jdsports.com/product/beige-nike-street-full-zip-graphic-hoodie/798646/,Nike Street Full Zip Graphic Hoodie,8000,15000,46.7,3500,0,-4500,D,False,False,False
https://m.global.jdsports.com/product/grey-nike-festival-20-jacket/798660/,Nike Festival 2.0 Jacket,8000,16000,50.0,3500,0,-4500,D,False,False,False
https://m.global.jdsports.com/product/black-lacoste-softshell-croc-woven-tape-track-pants/799317/,Lacoste Softshell Croc Woven Tape Track Pants,8000,19000,57.9,8500,0,500,D,False,False,False
https://m.global.jdsports.com/product/grey-adidas-trefoil-essentials-full-zip-hoodie/804775/,adidas Trefoil Essentials Full Zip Hoodie,8000,11000,27.3,4500,0,-3500,D,False,False,False
https://m.global.jdsports.com/product/black-puma-ca-pro-classic-ii/805510/,PUMA CA Pro Classic II,8000,14000,42.9,3500,0,-4500,D,False,False,False
https://m.global.jdsports.com/product/black-berghaus-reacon-20-joggers/706067/,Berghaus Reacon 2.0 Joggers,9000,18000,50.0,0,0,0,?,False,False,False
https://m.global.jdsports.com/product/blue-adidas-afc-ajax-urban-purist-track-pants/757507/,adidas AFC Ajax Urban Purist Track Pants,9000,12000,25.0,3500,0,-5500,D,False,False,False
https://m.global.jdsports.com/product/black-berghaus-intervale-jacket/759011/,Berghaus Intervale Jacket,9000,20000,55.0,3500,0,-5500,D,False,False,False
https://m.global.jdsports.com/product/blue-berghaus-sidley-full-zip-hoodie/759026/,Berghaus Sidley Full Zip Hoodie,9000,20000,55.0,3500,0,-5500,D,False,False,False
https://m.global.jdsports.com/product/green-berghaus-theran-jacket/759050/,Berghaus Theran Jacket,9000,19000,52.6,0,0,0,?,False,False,False
https://m.global.jdsports.com/product/black-adidas-originals-handball-spezial/762356/,adidas Originals Handball Spezial,9000,18000,50.0,8500,0,-500,D,False,False,False
https://m.global.jdsports.com/product/green-under-armour-unstoppable-cargo-pants/772547/,Under Armour Unstoppable Cargo Pants,9000,19000,52.6,3500,0,-5500,D,False,False,False
https://m.global.jdsports.com/product/green-adidas-originals-hockey-jersey/774831/,adidas Originals Hockey Jersey,9000,14000,35.7,3500,0,-5500,D,False,False,False
https://m.global.jdsports.com/product/grey-the-north-face-tek-full-zip-hoodie/776489/,The North Face Tek Full Zip Hoodie,9000,18000,50.0,5800,0,-3200,D,False,False,False
https://m.global.jdsports.com/product/brown-the-north-face-tek-track-pants/776495/,The North Face Tek Track Pants,9000,15000,40.0,3500,0,-5500,D,False,False,False
https://m.global.jdsports.com/product/blue-the-north-face-performance-woven-jacket/776496/,The North Face Performance Woven Jacket,9000,19000,52.6,3500,0,-5500,D,False,False,False
https://m.global.jdsports.com/product/orange-the-north-face-vent-jacket/776520/,The North Face Vent Jacket,9000,20000,55.0,5000,0,-4000,D,False,False,False
https://m.global.jdsports.com/product/blue-berghaus-intervale-woven-jacket/778032/,Berghaus Intervale Woven Jacket,9000,20000,55.0,0,0,0,?,False,False,False
https://m.global.jdsports.com/product/grey-berghaus-sidley-14-zip-top/778036/,Berghaus Sidley 1/4 Zip Top,9000,18000,50.0,2800,0,-6200,D,False,False,False
https://m.global.jdsports.com/product/black-berghaus-intervale-woven-track-pants/778051/,Berghaus Intervale Woven Track Pants,9000,17000,47.1,2000,0,-7000,D,False,False,False
https://m.global.jdsports.com/product/black-boss-iconic-t-shirt/778932/,BOSS Iconic T-Shirt,9000,11800,23.7,3500,0,-5500,D,False,False,False
https://m.global.jdsports.com/product/beige-boss-chest-tape-t-shirt/779248/,BOSS Chest Tape T-Shirt,9000,13000,30.8,3500,0,-5500,D,False,False,False
https://m.global.jdsports.com/product/grey-boss-large-logo-t-shirt/779250/,BOSS Large Logo T-Shirt,9000,13000,30.8,2500,0,-6500,D,False,False,False
https://m.global.jdsports.com/product/green-boss-large-logo-t-shirt/779261/,BOSS Large Logo T-Shirt,9000,13000,30.8,2500,0,-6500,D,False,False,False
https://m.global.jdsports.com/product/black-nike-air-max-woven-jacket/779979/,Nike Air Max Woven Jacket,9000,23000,60.9,8000,0,-1000,D,False,False,False
https://m.global.jdsports.com/product/white-nike-downshifter-14/780522/,Nike Downshifter 14,9000,13000,30.8,3500,0,-5500,D,False,False,False
https://m.global.jdsports.com/product/green-lacoste-croc-wrap-swim-shorts/781199/,Lacoste Croc Wrap Swim Shorts,9000,12000,25.0,4500,0,-4500,D,False,False,False
https://m.global.jdsports.com/product/white-the-north-face-vent-jacket/781438/,The North Face Vent Jacket,9000,20000,55.0,5000,0,-4000,D,False,False,False
https://m.global.jdsports.com/product/grey-the-north-face-vent-jacket/781443/,The North Face Vent Jacket,9000,20000,55.0,5000,0,-4000,D,False,False,False
https://m.global.jdsports.com/product/grey-the-north-face-performance-woven-full-zip-hooded-jacket/781448/,The North Face Performance Woven Full Zip Hooded Jacket,9000,19000,52.6,4500,0,-4500,D,False,False,False
https://m.global.jdsports.com/product/blue-the-north-face-red-box-12-zip-fleece/781478/,The North Face Red Box 1/2 Zip Fleece,9000,17000,47.1,8500,0,-500,D,False,False,False
https://m.global.jdsports.com/product/blue-the-north-face-red-box-joggers/781479/,The North Face Red Box Joggers,9000,18000,50.0,3500,0,-5500,D,False,False,False
https://m.global.jdsports.com/product/grey-the-north-face-247-woven-hoodie/781494/,The North Face 24/7 Woven Hoodie,9000,18000,50.0,3500,0,-5500,D,False,False,False
https://m.global.jdsports.com/product/black-vans-knu-skool/783241/,Vans Knu Skool,9000,16000,43.8,4500,0,-4500,D,False,False,False
https://m.global.jdsports.com/product/grey-fred-perry-original-stack-12-zip-sweatshirt/783841/,Fred Perry Original Stack 1/2 Zip Sweatshirt,9000,19000,52.6,3500,0,-5500,D,False,False,False
https://m.global.jdsports.com/product/grey-fred-perry-twin-tipped-t-shirt/783868/,Fred Perry Twin Tipped T-Shirt,9000,13000,30.8,2500,0,-6500,D,False,False,False
https://m.global.jdsports.com/product/blue-fred-perry-tape-shorts/783870/,Fred Perry Tape Shorts,9000,14000,35.7,3500,0,-5500,D,False,False,False
https://m.global.jdsports.com/product/black-fred-perry-tape-track-top/783874/,Fred Perry Tape Track Top,9000,20000,55.0,8500,0,-500,D,False,False,False
https://m.global.jdsports.com/product/black-nike-air-max-tl-25/762629/,Nike Air Max TL 2.5,9000,33000,72.7,6000,0,-3000,D,False,False,False
https://m.global.jdsports.com/product/green-under-armour-velociti-jacket/789268/,Under Armour Velociti Jacket,9000,18000,50.0,3500,0,-5500,D,False,False,False
https://m.global.jdsports.com/product/orange-under-armour-velociti-pro-storm-jacket/789270/,Under Armour Velociti Pro Storm Jacket,9000,18000,50.0,3500,0,-5500,D,False,False,False
https://m.global.jdsports.com/product/black-nike-downshifter-14/780520/,Nike Downshifter 14,9000,13000,30.8,3500,0,-5500,D,False,False,False
https://m.global.jdsports.com/product/white-nike-downshifter-14/790967/,Nike Downshifter 14,9000,13000,30.8,3500,0,-5500,D,False,False,False
https://m.global.jdsports.com/product/black-nike-downshifter-14/780521/,Nike Downshifter 14,9000,13000,30.8,3500,0,-5500,D,False,False,False
https://m.global.jdsports.com/product/blue-nike-tech-mix-shorts/791118/,Nike Tech Mix Shorts,9000,13000,30.8,3500,0,-5500,D,False,False,False
https://m.global.jdsports.com/product/grey-nike-unlimited-track-pants/791189/,Nike Unlimited Track Pants,9000,14000,35.7,3500,0,-5500,D,False,False,False
https://m.global.jdsports.com/product/grey-nike-miler-jacket/791435/,Nike Miler Jacket,9000,15000,40.0,3500,0,-5500,D,False,False,False
https://m.global.jdsports.com/product/white-fila-corda/802817/,Fila Corda,9000,13000,30.8,3500,0,-5500,D,False,False,False
https://m.global.jdsports.com/product/black-fila-corda/802819/,Fila Corda,9000,13000,30.8,3500,0,-5500,D,False,False,False
https://m.global.jdsports.com/product/blue-tommy-hilfiger-tommy-overhead-hoodie/805824/,Tommy Hilfiger Tommy Overhead Hoodie,9000,22000,59.1,3500,0,-5500,D,False,False,False
https://m.global.jdsports.com/product/blue-jordan-brasil-goalie-jersey/814594/,Jordan Brasil Goalie Jersey,9000,16000,43.8,24000,0,15000,A,False,False,True
https://m.global.jdsports.com/product/yellow-nike-nba-la-lakers-james-23-icon-jersey/697434/,Nike NBA LA Lakers James #23 Icon Jersey,10000,19000,47.4,3500,0,-6500,D,False,False,False
https://m.global.jdsports.com/product/black-berghaus-ortler-20-track-pants/706100/,Berghaus Ortler 2.0 Track Pants,10000,18000,44.4,0,0,0,?,True,False,False
https://m.global.jdsports.com/product/black-adidas-originals-zx-750/708547/,adidas Originals ZX 750,10000,17000,41.2,3500,0,-6500,D,False,False,False
https://m.global.jdsports.com/product/black-lacoste-core-full-zip-hoodie/725771/,Lacoste Core Full Zip Hoodie,10000,21000,52.4,3500,0,-6500,D,False,False,False
https://m.global.jdsports.com/product/grey-nike-tech-fleece-full-zip-hoodie/728033/,Nike Tech Fleece Full Zip Hoodie,10000,22000,54.5,4500,0,-5500,D,False,False,False
https://m.global.jdsports.com/product/blue-berghaus-22-lightweight-jacket/728647/,Berghaus 22 Lightweight Jacket,10000,21000,52.4,0,0,0,?,False,False,False
https://m.global.jdsports.com/product/black-the-north-face-247-full-zip-woven-hooded-jacket/728830/,The North Face 24/7 Full Zip Woven Hooded Jacket,10000,18000,44.4,8500,0,-1500,D,False,False,False
https://m.global.jdsports.com/product/green-berghaus-22-lightweight-jacket/730301/,Berghaus 22 Lightweight Jacket,10000,21000,52.4,0,0,0,?,False,False,False
https://m.global.jdsports.com/product/black-adidas-manchester-united-fc-european-training-track-top/757462/,adidas Manchester United FC European Training Track Top,10000,13000,23.1,3500,0,-6500,D,False,False,False
https://m.global.jdsports.com/product/white-puma-olympique-marseille-king-jacket/757979/,PUMA Olympique Marseille King Jacket,10000,16000,37.5,8000,0,-2000,D,False,False,False
https://m.global.jdsports.com/product/green-adidas-liverpool-fc-european-training-top/758585/,adidas Liverpool FC European Training Top,10000,13000,23.1,2800,0,-7200,D,False,False,False
https://m.global.jdsports.com/product/yellow-adidas-originals-arsenal-fc-lfstlr-jersey/760178/,adidas Originals Arsenal F.C. LFSTLR Jersey,10000,20000,50.0,3500,0,-6500,D,False,False,False
https://m.global.jdsports.com/product/green-adidas-originals-juventus-icons-track-pants/760201/,adidas Originals Juventus Icons Track Pants,10000,17000,41.2,8000,0,-2000,D,False,False,False
https://m.global.jdsports.com/product/black-the-north-face-samari-14-zip-fleece/761495/,The North Face Samari 1/4 Zip Fleece,10000,18000,44.4,8500,0,-1500,D,False,False,False
https://m.global.jdsports.com/product/purple-nike-fc-barcelona-strike-track-pants/762171/,Nike FC Barcelona Strike Track Pants,10000,13000,23.1,3500,0,-6500,D,False,False,False
https://m.global.jdsports.com/product/black-nike-air-max-phoenix/762671/,Nike Air Max Phoenix,10000,25000,60.0,7500,0,-2500,D,False,False,False
https://m.global.jdsports.com/product/blue-adidas-as-roma-icons-track-pants/765618/,adidas As Roma Icons Track Pants,10000,17000,41.2,8500,0,-1500,D,False,False,False
https://m.global.jdsports.com/product/black-new-balance-1906r/768508/,New Balance 1906R,10000,28000,64.3,8500,0,-1500,D,False,False,False
https://m.global.jdsports.com/product/blue-adidas-f50-messi-league-fg/769735/,adidas F50 Messi League FG,10000,17000,41.2,8000,0,-2000,D,False,False,False
https://m.global.jdsports.com/product/green-adidas-climacool-1/771884/,adidas Climacool 1,10000,22000,54.5,4500,0,-5500,D,True,False,False
https://m.global.jdsports.com/product/green-under-armour-unstoppable-woven-jacket/772546/,Under Armour Unstoppable Woven Jacket,10000,20000,50.0,2800,0,-7200,D,False,False,False
https://m.global.jdsports.com/product/green-nike-air-max-90-premium/773085/,Nike Air Max 90 Premium,10000,29000,65.5,8500,0,-1500,D,False,False,False
https://m.global.jdsports.com/product/black-adidas-originals-jeans/774600/,adidas Originals Jeans,10000,17000,41.2,3500,0,-6500,D,False,False,False
https://m.global.jdsports.com/product/green-adidas-originals-jeans/774601/,adidas Originals Jeans,10000,17000,41.2,3500,0,-6500,D,False,False,False
https://m.global.jdsports.com/product/yellow-adidas-sweden-2026-home-shirt/776217/,adidas Sweden 2026 Home Shirt,10000,17000,41.2,3500,0,-6500,D,False,False,False
https://m.global.jdsports.com/product/brown-the-north-face-trishull-jacket/776501/,The North Face Trishull Jacket,10000,22000,54.5,8500,0,-1500,D,False,False,False
https://m.global.jdsports.com/product/blue-the-north-face-mountain-athletics-full-zip-poly-hoodie/776504/,The North Face Mountain Athletics Full Zip Poly Hoodie,10000,21000,52.4,5500,0,-4500,D,False,False,False
https://m.global.jdsports.com/product/grey-the-north-face-performance-woven-full-zip-hooded-jacket/776516/,The North Face Performance Woven Full Zip Hooded Jacket,10000,19000,47.4,4500,0,-5500,D,False,False,False
https://m.global.jdsports.com/product/red-adidas-arsenal-fc-pre-match-shirt/777208/,adidas Arsenal FC Pre Match Shirt,10000,12000,16.7,3500,0,-6500,D,True,False,False
https://m.global.jdsports.com/product/black-berghaus-intervale-woven-jacket/778050/,Berghaus Intervale Woven Jacket,10000,20000,50.0,0,0,0,?,False,False,False
https://m.global.jdsports.com/product/green-berghaus-theran-woven-colour-block-jacket/778069/,Berghaus Theran Woven Colour Block Jacket,10000,19000,47.4,3500,0,-6500,D,False,False,False
https://m.global.jdsports.com/product/brown-adidas-originals-superstar/778226/,adidas Originals Superstar,10000,19000,47.4,5500,0,-4500,D,False,False,False
https://m.global.jdsports.com/product/white-puma-austria-2026-away-shirt/778282/,PUMA Austria 2026 Away Shirt,10000,17000,41.2,3500,0,-6500,D,False,False,False
https://m.global.jdsports.com/product/green-boss-salbo-sweatshirt/779246/,BOSS Salbo Sweatshirt,10000,29800,66.4,3500,0,-6500,D,False,False,False
https://m.global.jdsports.com/product/grey-boss-headlo-shorts/779251/,BOSS Headlo Shorts,10000,25800,61.2,3500,0,-6500,D,False,False,False
https://m.global.jdsports.com/product/blue-boss-headlo-shorts/779254/,BOSS Headlo Shorts,10000,25800,61.2,3500,0,-6500,D,False,False,False
https://m.global.jdsports.com/product/green-boss-urbanex-cargo-shorts/779258/,BOSS Urbanex Cargo Shorts,10000,27800,64.0,5800,0,-4200,D,False,False,False
https://m.global.jdsports.com/product/black-boss-headlo-shorts/779264/,BOSS Headlo Shorts,10000,25800,61.2,3500,0,-6500,D,False,False,False
https://m.global.jdsports.com/product/blue-boss-philix-zip-polo-shirt/779265/,BOSS Philix Zip Polo Shirt,10000,19800,49.5,0,0,0,?,False,False,False
https://m.global.jdsports.com/product/black-nike-puffle-bag/779343/,Nike Puffle Bag,10000,17000,41.2,3000,0,-7000,D,True,False,False
https://m.global.jdsports.com/product/grey-nike-air-max-moto-2k/779647/,Nike Air Max Moto 2K,10000,24000,58.3,3500,0,-6500,D,True,False,False
https://m.global.jdsports.com/product/grey-nike-tech-mix-full-zip-hoodie/779967/,Nike Tech Mix Full Zip Hoodie,10000,22000,54.5,8500,0,-1500,D,False,False,False
https://m.global.jdsports.com/product/white-nike-tech-mix-full-zip-hoodie/779969/,Nike Tech Mix Full Zip Hoodie,10000,22000,54.5,8500,0,-1500,D,False,False,False
https://m.global.jdsports.com/product/green-nike-air-max-woven-jacket/779994/,Nike Air Max Woven Jacket,10000,23000,56.5,8000,0,-2000,D,False,False,False
https://m.global.jdsports.com/product/grey-nike-solo-swoosh-open-hem-fleece-joggers/780021/,Nike Solo Swoosh Open Hem Fleece Joggers,10000,20000,50.0,3500,0,-6500,D,False,False,False
https://m.global.jdsports.com/product/black-nike-solo-swoosh-open-hem-fleece-joggers/780023/,Nike Solo Swoosh Open Hem Fleece Joggers,10000,20000,50.0,3500,0,-6500,D,False,False,False
https://m.global.jdsports.com/product/orange-nike-acg-aireez-jacket/780037/,Nike ACG Aireez Jacket,10000,20000,50.0,8000,0,-2000,D,False,False,False
https://m.global.jdsports.com/product/green-nike-packable-jacket/780048/,Nike Packable Jacket,10000,20000,50.0,3500,0,-6500,D,False,False,False
https://m.global.jdsports.com/product/grey-nike-element-full-zip-jacket/780052/,Nike Element Full Zip Jacket,10000,20000,50.0,3500,0,-6500,D,False,False,False
https://m.global.jdsports.com/product/blue-nike-tech-fleece-full-zip-hoodie/780114/,Nike Tech Fleece Full Zip Hoodie,10000,22000,54.5,4500,0,-5500,D,False,False,False
https://m.global.jdsports.com/product/purple-nike-stride-jacket/780118/,Nike Stride Jacket,10000,20000,50.0,3500,0,-6500,D,False,False,False
https://m.global.jdsports.com/product/blue-lacoste-piping-shorts/781194/,Lacoste Piping Shorts,10000,13000,23.1,3500,0,-6500,D,False,False,False
https://m.global.jdsports.com/product/blue-lacoste-piping-shorts/781195/,Lacoste Piping Shorts,10000,13000,23.1,3500,0,-6500,D,False,False,False
https://m.global.jdsports.com/product/grey-the-north-face-mountain-athletics-full-zip-hoodie/781446/,The North Face Mountain Athletics Full Zip Hoodie,10000,21000,52.4,8000,0,-2000,D,False,False,False
https://m.global.jdsports.com/product/grey-under-armour-vanish-woven-jacket/781674/,Under Armour Vanish Woven Jacket,10000,16000,37.5,3500,0,-6500,D,False,False,False
https://m.global.jdsports.com/product/grey-under-armour-vanish-wordmark-track-pants/781675/,Under Armour Vanish Wordmark Track Pants,10000,15000,33.3,3500,0,-6500,D,False,False,False
https://m.global.jdsports.com/product/grey-adidas-originals-montreal-rm/782189/,adidas Originals Montreal RM,10000,18000,44.4,4500,0,-5500,D,False,False,False
https://m.global.jdsports.com/product/burgundy-adidas-originals-handball-spezial/782195/,adidas Originals Handball Spezial,10000,20000,50.0,8500,0,-1500,D,False,False,False
https://m.global.jdsports.com/product/black-nike-air-woven-track-top/784068/,Nike Air Woven Track Top,10000,20000,50.0,3500,0,-6500,D,False,False,False
https://m.global.jdsports.com/product/black-nike-tech-shori-jacket/784076/,Nike Tech Shori Jacket,10000,20000,50.0,0,0,0,?,False,False,False
https://m.global.jdsports.com/product/brown-adidas-originals-fc-bayern-munich-og-track-top/784233/,adidas Originals FC Bayern Munich OG Track Top,10000,17000,41.2,8500,0,-1500,D,False,False,False
https://m.global.jdsports.com/product/black-adidas-originals-japan-og-track-top/785091/,adidas Originals Japan OG Track Top,10000,17000,41.2,8500,0,-1500,D,False,False,False
https://m.global.jdsports.com/product/blue-adidas-scotland-2026-anthem-jacket/787274/,adidas Scotland 2026 Anthem Jacket,10000,20000,50.0,0,0,0,?,False,False,False
https://m.global.jdsports.com/product/black-adidas-originals-adistar-xlg-20/788456/,adidas Originals Adistar XLG 2.0,10000,24000,58.3,8000,0,-2000,D,False,False,False
https://m.global.jdsports.com/product/white-nike-poland-2026-home-shirt/789366/,Nike Poland 2026 Home Shirt,10000,18000,44.4,3500,0,-6500,D,False,False,False
https://m.global.jdsports.com/product/blue-jordan-brazil-woven-track-pants/790292/,Jordan Brazil Woven Track Pants,10000,22000,54.5,3500,0,-6500,D,False,False,False
https://m.global.jdsports.com/product/white-adidas-originals-handball-spezial-snake/790312/,adidas Originals Handball Spezial Snake,10000,18000,44.4,8500,0,-1500,D,False,False,False
https://m.global.jdsports.com/product/white-adidas-originals-climacool-2/790506/,adidas Originals Climacool 2,10000,22000,54.5,3500,0,-6500,D,False,False,False
https://m.global.jdsports.com/product/black-adidas-originals-climacool-2/790507/,adidas Originals Climacool 2,10000,22000,54.5,3500,0,-6500,D,True,False,False
https://m.global.jdsports.com/product/blue-nike-tech-fleece-full-zip-hoodie/791121/,Nike Tech Fleece Full Zip Hoodie,10000,22000,54.5,4500,0,-5500,D,False,False,False
https://m.global.jdsports.com/product/grey-nike-tech-fleece-full-zip-hoodie/791123/,Nike Tech Fleece Full Zip Hoodie,10000,22000,54.5,4500,0,-5500,D,False,False,False
https://m.global.jdsports.com/product/blue-nike-stride-jacket/791205/,Nike Stride Jacket,10000,20000,50.0,3500,0,-6500,D,True,False,False
https://m.global.jdsports.com/product/grey-nike-air-track-jacket/794403/,Nike Air Track Jacket,10000,20000,50.0,3500,0,-6500,D,False,False,False
https://m.global.jdsports.com/product/black-boss-authentic-joggers/796437/,BOSS Authentic Joggers,10000,17000,41.2,4500,0,-5500,D,False,False,False
https://m.global.jdsports.com/product/blue-boss-authentic-joggers/796440/,BOSS Authentic Joggers,10000,17000,41.2,4500,0,-5500,D,False,False,False
https://m.global.jdsports.com/product/white-puma-ca-pro-classic-ii/805511/,PUMA CA Pro Classic II,10000,14000,28.6,3500,0,-6500,D,False,False,False
https://m.global.jdsports.com/product/black-adidas-originals-sl-72-rs/704932/,adidas Originals SL 72 RS,11000,17000,35.3,6500,0,-4500,D,False,False,False
https://m.global.jdsports.com/product/black-berghaus-reacon-20-jacket/706066/,Berghaus Reacon 2.0 Jacket,11000,20000,45.0,3500,0,-7500,D,False,False,False
https://m.global.jdsports.com/product/red-nike-packable-windrunner-jacket/728121/,Nike Packable Windrunner Jacket,11000,20000,45.0,4500,0,-6500,D,False,False,False
https://m.global.jdsports.com/product/black-boss-urbanex-cargo-shorts/735391/,BOSS Urbanex Cargo Shorts,11000,25800,57.4,5800,0,-5200,D,False,False,False
https://m.global.jdsports.com/product/blue-puma-manchester-city-fc-202526-match-home-shirt/757045/,PUMA Manchester City FC 2025/26 Match Home Shirt,11000,24000,54.2,4500,0,-6500,D,False,False,False
https://m.global.jdsports.com/product/white-adidas-olympique-lyon-202526-home-shirt/757534/,adidas Olympique Lyon 2025/26 Home Shirt,11000,17000,35.3,0,0,0,?,False,False,False
https://m.global.jdsports.com/product/grey-adidas-olympique-lyon-202526-third-shirt/758965/,adidas Olympique Lyon 2025/26 Third Shirt,11000,17000,35.3,0,0,0,?,False,False,False
https://m.global.jdsports.com/product/grey-berghaus-theran-jacket/759015/,Berghaus Theran Jacket,11000,19000,42.1,0,0,0,?,False,False,False
https://m.global.jdsports.com/product/grey-berghaus-winter-theran-jacket/759029/,Berghaus Winter Theran Jacket,11000,25000,56.0,0,0,0,?,False,False,False
https://m.global.jdsports.com/product/green-berghaus-intervale-jacket/759052/,Berghaus Intervale Jacket,11000,20000,45.0,3500,0,-7500,D,False,False,False
https://m.global.jdsports.com/product/white-lacoste-grid-tape-joggers/764814/,Lacoste Grid Tape Joggers,11000,24000,54.2,3500,0,-7500,D,False,False,False
https://m.global.jdsports.com/product/black-nike-air-max-moto-2k/773989/,Nike Air Max Moto 2K,11000,24000,54.2,3500,0,-7500,D,True,False,False
https://m.global.jdsports.com/product/black-jordan-air-1-low/774161/,Jordan Air 1 Low,11000,24000,54.2,8500,0,-2500,D,True,False,False
https://m.global.jdsports.com/product/blue-adidas-originals-gazelle-og/774596/,adidas Originals Gazelle OG,11000,17000,35.3,6500,0,-4500,D,False,False,False
https://m.global.jdsports.com/product/red-adidas-originals-gazelle-og/774597/,adidas Originals Gazelle OG,11000,17000,35.3,6500,0,-4500,D,False,False,False
https://m.global.jdsports.com/product/blue-the-north-face-performance-woven-jacket/776508/,The North Face Performance Woven Jacket,11000,19000,42.1,3500,0,-7500,D,False,False,False
https://m.global.jdsports.com/product/black-adidas-originals-samba-62/777377/,adidas Originals Samba 62,11000,20000,45.0,6500,0,-4500,D,False,False,False
https://m.global.jdsports.com/product/white-adidas-originals-samba-62/777380/,adidas Originals Samba 62,11000,20000,45.0,6500,0,-4500,D,True,False,False
https://m.global.jdsports.com/product/grey-berghaus-logo-hoodie/778071/,Berghaus Logo Hoodie,11000,16000,31.2,3500,0,-7500,D,False,False,False
https://m.global.jdsports.com/product/blue-lacoste-core-hoodie/781211/,Lacoste Core Hoodie,11000,18000,38.9,3500,0,-7500,D,False,False,False
https://m.global.jdsports.com/product/brown-the-north-face-mountain-jacket/781490/,The North Face Mountain Jacket,11000,22000,50.0,15000,0,4000,D,False,False,False
https://m.global.jdsports.com/product/grey-adidas-originals-superstar-ii-womens/782201/,adidas Originals Superstar II Women's,11000,19000,42.1,6500,0,-4500,D,False,False,False
https://m.global.jdsports.com/product/blue-nike-element-full-zip-jacket/784094/,Nike Element Full Zip Jacket,11000,20000,45.0,3500,0,-7500,D,False,False,False
https://m.global.jdsports.com/product/white-adidas-originals-sl-72-rs/784653/,adidas Originals SL 72 RS,11000,17000,35.3,6500,0,-4500,D,False,False,False
https://m.global.jdsports.com/product/black-nike-air-max-phoenix/762670/,Nike AIR MAX PHOENIX,11000,25000,56.0,7500,0,-3500,D,False,False,False
https://m.global.jdsports.com/product/white-adidas-originals-munchen-leather/790307/,adidas Originals Munchen Leather,11000,18000,38.9,6500,0,-4500,D,False,False,False
https://m.global.jdsports.com/product/black-under-armour-rival-fleece-hooded-tracksuit/678977/,Under Armour Rival Fleece Hooded Tracksuit,12000,21000,42.9,4500,0,-7500,D,False,False,False
https://m.global.jdsports.com/product/red-puma-switzerland-2024-home-shirt/685112/,PUMA Switzerland 2024 Home Shirt,12000,15000,20.0,3500,0,-8500,D,False,False,False
https://m.global.jdsports.com/product/black-adidas-climacool-1/697286/,adidas Climacool 1,12000,22000,45.5,4500,0,-7500,D,True,False,False
https://m.global.jdsports.com/product/purple-jordan-nba-la-lakers-james-23-swingman-jersey/697435/,Jordan NBA LA Lakers James #23 Swingman Jersey,12000,19000,36.8,5500,0,-6500,D,False,False,False
https://m.global.jdsports.com/product/black-nike-air-max-alpha-trainer-6/708036/,Nike Air Max Alpha Trainer 6,12000,16000,25.0,4500,0,-7500,D,False,False,False
https://m.global.jdsports.com/product/black-nike-air-max-alpha-trainer-6/708037/,Nike Air Max Alpha Trainer 6,12000,16000,25.0,4500,0,-7500,D,False,False,False
https://m.global.jdsports.com/product/grey-under-armour-ua-unstoppable-fleece-full-zip-hoodie/710593/,Under Armour UA Unstoppable Fleece Full Zip Hoodie,12000,20000,40.0,3500,0,-8500,D,False,False,False
https://m.global.jdsports.com/product/grey-adidas-originals-campus-00s-beta/734310/,adidas Originals Campus 00s Beta,12000,18000,33.3,8500,0,-3500,D,False,False,False
https://m.global.jdsports.com/product/black-boss-hadiko-pixel-joggers/735383/,BOSS Hadiko Pixel Joggers,12000,25800,53.5,3500,0,-8500,D,False,False,False
https://m.global.jdsports.com/product/black-adidas-newcastle-united-fc-urban-purist-track-top/753877/,adidas Newcastle United FC Urban Purist Track Top,12000,16000,25.0,2800,0,-9200,D,False,False,False
https://m.global.jdsports.com/product/red-adidas-benfica-202526-home-shirt/757576/,adidas Benfica 2025/26 Home Shirt,12000,17000,29.4,3500,0,-8500,D,False,False,False
https://m.global.jdsports.com/product/blue-fred-perry-badge-overshirt/764755/,Fred Perry Badge Overshirt,12000,28000,57.1,8500,0,-3500,D,False,False,False
https://m.global.jdsports.com/product/grey-new-balance-1906r/768509/,New Balance 1906R,12000,28000,57.1,8500,0,-3500,D,False,False,False
https://m.global.jdsports.com/product/blue-nike-air-max-dn8/773113/,Nike Air Max Dn8,12000,35000,65.7,24000,7326,12000,B,True,False,True
https://m.global.jdsports.com/product/white-nike-shox-nz/773149/,Nike SHOX NZ,12000,24000,50.0,3500,0,-8500,D,False,False,False
https://m.global.jdsports.com/product/green-nike-tech-woven-track-pants/773976/,Nike Tech Woven Track Pants,12000,20000,40.0,8500,0,-3500,D,False,False,False
https://m.global.jdsports.com/product/grey-nike-air-max-moto-2k/773988/,Nike Air Max Moto 2K,12000,24000,50.0,3500,0,-8500,D,False,False,False
https://m.global.jdsports.com/product/brown-adidas-originals-campus-00s-beta/774561/,adidas Originals Campus 00s Beta,12000,18000,33.3,8500,0,-3500,D,False,False,False
https://m.global.jdsports.com/product/grey-adidas-originals-hamburg/774639/,adidas Originals Hamburg,12000,18000,33.3,6500,0,-5500,D,False,False,False
https://m.global.jdsports.com/product/cream-fred-perry-outline-laurel-wreath-crew-sweatshirt/775696/,Fred Perry Outline Laurel Wreath Crew Sweatshirt,12000,19000,36.8,8500,0,-3500,D,False,False,False
https://m.global.jdsports.com/product/white-adidas-argentina-2026-messi-10-home-shirt/776176/,adidas Argentina 2026 Messi #10 Home Shirt,12000,18000,33.3,8500,0,-3500,D,True,False,False
https://m.global.jdsports.com/product/red-adidas-wales-2026-match-home-shirt/776265/,adidas Wales 2026 Match Home Shirt,12000,24000,50.0,0,0,0,?,False,False,False
https://m.global.jdsports.com/product/black-the-north-face-trishull-full-zip-jacket/776487/,The North Face Trishull Full Zip Jacket,12000,22000,45.5,8500,0,-3500,D,False,False,False
https://m.global.jdsports.com/product/red-puma-austria-2026-home-shirt/778220/,PUMA Austria 2026 Home Shirt,12000,17000,29.4,3500,0,-8500,D,False,False,False
https://m.global.jdsports.com/product/white-puma-switzerland-2026-away-shirt/778283/,PUMA Switzerland 2026 Away Shirt,12000,17000,29.4,0,0,0,?,False,False,False
https://m.global.jdsports.com/product/white-adidas-argentina-home-messi-jersey-2006/778808/,adidas Argentina Home Messi Jersey 2006,12000,18000,33.3,15000,0,3000,D,False,False,False
https://m.global.jdsports.com/product/black-jordan-flight-graphic-12-zip-fleece/779401/,Jordan Flight Graphic 1/2 Zip Fleece,12000,18000,33.3,3500,0,-8500,D,False,False,False
https://m.global.jdsports.com/product/blue-nike-acg-aireez-jacket/780036/,Nike ACG Aireez Jacket,12000,20000,40.0,8000,0,-4000,D,False,False,False
https://m.global.jdsports.com/product/black-adidas-climacool-1/781008/,adidas Climacool 1,12000,22000,45.5,4500,0,-7500,D,False,False,False
https://m.global.jdsports.com/product/grey-the-north-face-mountain-jacket/781489/,The North Face Mountain Jacket,12000,22000,45.5,15000,0,3000,D,False,False,False
https://m.global.jdsports.com/product/brown-adidas-originals-samba-og/782170/,adidas Originals Samba OG,12000,19000,36.8,7500,0,-4500,D,False,False,False
https://m.global.jdsports.com/product/brown-adidas-originals-gazelle-og/782173/,adidas Originals Gazelle OG,12000,18000,33.3,6500,0,-5500,D,False,False,False
https://m.global.jdsports.com/product/grey-adidas-originals-gazelle-og/782174/,adidas Originals Gazelle OG,12000,18000,33.3,6500,0,-5500,D,False,False,False
https://m.global.jdsports.com/product/brown-adidas-originals-samba-62/782175/,adidas Originals Samba 62,12000,20000,40.0,6500,0,-5500,D,False,False,False
https://m.global.jdsports.com/product/grey-adidas-originals-handball-spezial/782177/,adidas Originals Handball Spezial,12000,18000,33.3,8500,0,-3500,D,True,False,False
https://m.global.jdsports.com/product/blue-fred-perry-twin-tipped-polo-shirt/783843/,Fred Perry Twin Tipped Polo Shirt,12000,16000,25.0,3500,0,-8500,D,False,False,False
https://m.global.jdsports.com/product/black-fred-perry-twin-tipped-polo-shirt/783855/,Fred Perry Twin Tipped Polo Shirt,12000,16000,25.0,3500,0,-8500,D,False,False,False
https://m.global.jdsports.com/product/green-fred-perry-badge-crew-sweatshirt/783873/,Fred Perry Badge Crew Sweatshirt,12000,18000,33.3,3500,0,-8500,D,False,False,False
https://m.global.jdsports.com/product/grey-nike-tech-pro-woven-jacket/784082/,Nike Tech Pro Woven Jacket,12000,24000,50.0,8500,0,-3500,D,False,False,False
https://m.global.jdsports.com/product/black-nike-tech-utility-overhead-hoodie/784084/,Nike Tech Utility Overhead Hoodie,12000,27000,55.6,4500,0,-7500,D,False,False,False
https://m.global.jdsports.com/product/grey-nike-tech-utility-overhead-hoodie/784086/,Nike Tech Utility Overhead Hoodie,12000,27000,55.6,4500,0,-7500,D,False,False,False
https://m.global.jdsports.com/product/grey-nike-tech-utility-track-pants/784087/,Nike Tech Utility Track Pants,12000,24000,50.0,3500,0,-8500,D,False,False,False
https://m.global.jdsports.com/product/white-adidas-originals-munchen-leather/784738/,adidas Originals Munchen Leather,12000,18000,33.3,6500,0,-5500,D,False,False,False
https://m.global.jdsports.com/product/black-adidas-originals-munchen/784739/,adidas Originals Munchen,12000,18000,33.3,6500,0,-5500,D,False,False,False
https://m.global.jdsports.com/product/blue-the-north-face-pertex-woven-jacket/785394/,The North Face Pertex Woven Jacket,12000,24000,50.0,8500,0,-3500,D,False,False,False
https://m.global.jdsports.com/product/blue-adidas-originals-gazelle-og/790310/,adidas Originals Gazelle OG,12000,18000,33.3,6500,0,-5500,D,False,False,False
https://m.global.jdsports.com/product/black-adidas-originals-handball-spezial-snake/790313/,adidas Originals Handball Spezial Snake,12000,18000,33.3,8500,0,-3500,D,False,False,False
https://m.global.jdsports.com/product/black-adidas-originals-climacool-1/790502/,adidas Originals Climacool 1,12000,22000,45.5,4500,0,-7500,D,True,False,False
https://m.global.jdsports.com/product/grey-nike-tech-mix-joggers/791112/,Nike Tech Mix Joggers,12000,19000,36.8,3500,0,-8500,D,False,False,False
https://m.global.jdsports.com/product/grey-nike-packable-jacket/791183/,Nike Packable Jacket,12000,20000,40.0,3500,0,-8500,D,False,False,False
https://m.global.jdsports.com/product/black-nike-distant-dreams-stride-running-jacket/791202/,Nike Distant Dreams Stride Running Jacket,12000,22000,45.5,0,0,0,?,False,False,False
https://m.global.jdsports.com/product/black-adidas-originals-handball-spezial/792450/,adidas Originals Handball Spezial,12000,18000,33.3,8500,0,-3500,D,False,False,False
https://m.global.jdsports.com/product/black-boss-authentic-full-zip-hoodie/796436/,BOSS Authentic Full Zip Hoodie,12000,19800,39.4,8000,0,-4000,D,False,False,False
https://m.global.jdsports.com/product/black-adidas-originals-liverpool-fc-202526-ekitike-22-third-shirt/797033/,adidas Originals Liverpool FC 2025/26 Ekitike #22 Third Shirt,12000,20000,40.0,3500,0,-8500,D,False,False,False
https://m.global.jdsports.com/product/black-puma-manchester-city-fc-202526-foden-47-away-shirt/797039/,PUMA Manchester City FC 2025/26 Foden #47 Away Shirt,12000,20000,40.0,3500,0,-8500,D,False,False,False
https://m.global.jdsports.com/product/black-adidas-newcastle-united-fc-2526-woltemade-27-home-shirt/797060/,adidas Newcastle United FC 25/26 Woltemade #27 Home Shirt,12000,20000,40.0,3500,0,-8500,D,False,False,False
https://m.global.jdsports.com/product/grey-adidas-originals-campus-00s-beta/799610/,adidas Originals Campus 00s Beta,12000,18000,33.3,8500,0,-3500,D,False,False,False
https://m.global.jdsports.com/product/blue-adidas-originals-campus-00s/725173/,adidas Originals Campus 00s,12000,18000,33.3,8500,0,-3500,D,False,False,False
https://m.global.jdsports.com/product/black-adidas-aston-villa-fc-202526-long-sleeve-away-shirt/759334/,adidas Aston Villa FC 2025/26 Long Sleeve Away Shirt,12600,18000,30.0,4500,0,-8100,D,False,False,False
https://m.global.jdsports.com/product/grey-under-armour-rival-fleece-hooded-tracksuit/678975/,Under Armour Rival Fleece Hooded Tracksuit,13000,21000,38.1,4500,0,-8500,D,False,False,False
https://m.global.jdsports.com/product/black-nike-club-winterized-half-zip-fleece/719546/,Nike Club Winterized Half Zip Fleece,13000,20000,35.0,4500,0,-8500,D,False,False,False
https://m.global.jdsports.com/product/blue-nike-air-force-1-07-lv8/752279/,Nike Air Force 1 '07 LV8,13000,24000,45.8,8500,0,-4500,D,True,False,False
https://m.global.jdsports.com/product/black-boss-button-overshirt/773296/,BOSS Button Overshirt,13000,31800,59.1,12000,0,-1000,D,False,False,False
https://m.global.jdsports.com/product/black-adidas-aston-villa-fc-202526-watkins-away-shirt/777062/,adidas Aston Villa FC 2025/26 Watkins Away Shirt,13000,20000,35.0,5800,0,-7200,D,False,False,False
https://m.global.jdsports.com/product/black-adidas-aston-villa-fc-202526-rogers-away-shirt/777063/,adidas Aston Villa FC 2025/26 Rogers Away Shirt,13000,20000,35.0,3500,0,-9500,D,False,False,False
https://m.global.jdsports.com/product/blue-nike-stride-jacket/780066/,Nike Stride Jacket,13000,20000,35.0,3500,0,-9500,D,False,False,False
https://m.global.jdsports.com/product/black-asics-gel-ventx/780442/,ASICS GEL-VENTX,13000,19000,31.6,4500,0,-8500,D,False,False,False
https://m.global.jdsports.com/product/grey-lacoste-cargo-jacket/781165/,Lacoste Cargo Jacket,13000,26000,50.0,3500,0,-9500,D,False,False,False
https://m.global.jdsports.com/product/white-lacoste-spinor-hybrid/781299/,Lacoste Spinor Hybrid,13000,25000,48.0,3500,0,-9500,D,True,False,False
https://m.global.jdsports.com/product/brown-the-north-face-lightrange-jacket/781484/,The North Face LIGHTRANGE Jacket,13000,23000,43.5,8500,0,-4500,D,False,False,False
https://m.global.jdsports.com/product/orange-adidas-originals-gazelle-indoor/782182/,adidas Originals Gazelle Indoor,13000,19000,31.6,8500,0,-4500,D,False,False,False
https://m.global.jdsports.com/product/blue-fred-perry-original-stack-12-zip-sweatshirt/783849/,Fred Perry Original Stack 1/2 Zip Sweatshirt,13000,19000,31.6,3500,0,-9500,D,False,False,False
https://m.global.jdsports.com/product/green-adidas-originals-zx-750/784656/,adidas Originals ZX 750,13000,17000,23.5,3500,0,-9500,D,False,False,False
https://m.global.jdsports.com/product/blue-jordan-brazil-woven-jacket/790291/,Jordan Brazil Woven Jacket,13000,22000,40.9,8500,0,-4500,D,False,False,False
https://m.global.jdsports.com/product/grey-nike-air-max-moto-2k/791016/,Nike Air Max Moto 2K,13000,24000,45.8,3500,0,-9500,D,True,False,False
https://m.global.jdsports.com/product/black-nike-v5-rnr/791039/,Nike V5 RNR,13000,16000,18.8,0,0,0,?,False,False,False
https://m.global.jdsports.com/product/grey-nike-tech-mix-full-zip-hoodie/791111/,Nike Tech Mix Full Zip Hoodie,13000,23000,43.5,8500,0,-4500,D,False,False,False
https://m.global.jdsports.com/product/black-nike-tech-woven-camo-full-zip-jacket/791127/,Nike Tech Woven Camo Full Zip Jacket,13000,26000,50.0,8500,0,-4500,D,False,False,False
https://m.global.jdsports.com/product/grey-nike-tech-woven-camo-full-zip-jacket/791129/,Nike Tech Woven Camo Full Zip Jacket,13000,26000,50.0,8500,0,-4500,D,False,False,False
https://m.global.jdsports.com/product/black-nike-acg-aireez-jacket/794416/,Nike ACG Aireez Jacket,13000,21000,38.1,8000,0,-5000,D,False,False,False
https://m.global.jdsports.com/product/white-lacoste-deviation/794878/,Lacoste Deviation,13000,19000,31.6,8500,0,-4500,D,False,False,False
https://m.global.jdsports.com/product/black-jordan-monogram-tote-bag/800532/,Jordan Monogram Tote Bag,13000,20000,35.0,12000,0,-1000,D,False,False,False
https://m.global.jdsports.com/product/white-adidas-originals-handball-spezial-leather/802362/,adidas Originals Handball Spezial Leather,13000,18000,27.8,8500,0,-4500,D,False,False,False
https://m.global.jdsports.com/product/black-adidas-originals-ozweego/161363/,adidas Originals Ozweego,14000,20000,30.0,6500,0,-7500,D,False,False,False
https://m.global.jdsports.com/product/grey-adidas-originals-ozweego/622238/,adidas Originals Ozweego,14000,20000,30.0,6500,0,-7500,D,False,False,False
https://m.global.jdsports.com/product/brown-adidas-originals-samba-xlg/714170/,adidas Originals Samba XLG,14000,20000,30.0,8500,0,-5500,D,False,False,False
https://m.global.jdsports.com/product/grey-adidas-originals-samba-xlg/719429/,adidas Originals Samba XLG,14000,20000,30.0,8500,0,-5500,D,False,False,False
https://m.global.jdsports.com/product/black-adidas-originals-samba-xlg/719431/,adidas Originals Samba XLG,14000,20000,30.0,8500,0,-5500,D,False,False,False
https://m.global.jdsports.com/product/white-adidas-newcastle-united-202425-joelinton-home-shirt/722969/,adidas Newcastle United 2024/25 Joelinton Home Shirt,14000,19000,26.3,3500,0,-10500,D,False,False,False
https://m.global.jdsports.com/product/black-adidas-inter-miami-cf-202526-messi-10-away-shirt/725407/,adidas Inter Miami CF 2025/26 Messi #10 Away Shirt,14000,18000,22.2,6500,0,-7500,D,False,False,False
https://m.global.jdsports.com/product/grey-the-north-face-lungern-padded-jacket/756400/,The North Face Lungern Padded Jacket,14000,32000,56.2,8000,0,-6000,D,True,False,False
https://m.global.jdsports.com/product/orange-puma-ultra-6-ultimate-fg/767498/,PUMA ULTRA 6 ULTIMATE FG,14000,42000,66.7,8500,0,-5500,D,False,False,False
https://m.global.jdsports.com/product/white-adidas-copa-elite-3-fg/769721/,adidas Copa Elite 3 FG,14000,42000,66.7,8500,0,-5500,D,False,False,False
https://m.global.jdsports.com/product/green-new-balance-740/771739/,New Balance 740,14000,20000,30.0,4000,0,-10000,D,True,False,False
https://m.global.jdsports.com/product/brown-jordan-air-1-mid/773555/,Jordan Air 1 Mid,14000,27000,48.1,8500,0,-5500,D,True,False,False
https://m.global.jdsports.com/product/brown-adidas-adizero-evo-sl/774729/,adidas Adizero Evo SL,14000,26000,46.2,8500,0,-5500,D,False,False,False
https://m.global.jdsports.com/product/black-nike-mens-full-zip/775382/,Nike MEN'S FULL-ZIP,14000,22000,36.4,3000,0,-11000,D,False,False,False
https://m.global.jdsports.com/product/black-new-balance-509/777891/,New Balance 509,14000,22000,36.4,3500,0,-10500,D,False,False,False
https://m.global.jdsports.com/product/red-puma-switzerland-2026-home-shirt/778221/,PUMA Switzerland 2026 Home Shirt,14000,17000,17.6,3500,0,-10500,D,False,False,False
https://m.global.jdsports.com/product/blue-boss-hadiko-joggers/779241/,BOSS Hadiko Joggers,14000,29800,53.0,3500,0,-10500,D,False,False,False
https://m.global.jdsports.com/product/black-boss-hadiko-track-pants/779263/,BOSS Hadiko Track Pants,14000,29800,53.0,3500,0,-10500,D,False,False,False
https://m.global.jdsports.com/product/white-nike-air-force-1-low/779671/,Nike Air Force 1 Low,14000,22000,36.4,5800,0,-8200,D,True,False,False
https://m.global.jdsports.com/product/black-jordan-air-1-low/779896/,Jordan Air 1 Low,14000,26000,46.2,8500,0,-5500,D,True,False,False
https://m.global.jdsports.com/product/white-nike-packable-jacket/780044/,Nike Packable Jacket,14000,20000,30.0,3500,0,-10500,D,False,False,False
https://m.global.jdsports.com/product/blue-nike-phantom-6-low-pro-tf/780502/,Nike Phantom 6 Low Pro TF,14000,26000,46.2,4500,0,-9500,D,False,False,False
https://m.global.jdsports.com/product/grey-adidas-climacool-pre-order/781007/,adidas Climacool Pre Order,14000,22000,36.4,0,0,0,?,True,False,False
https://m.global.jdsports.com/product/grey-adidas-originals-samba-62/782176/,adidas Originals Samba 62,14000,20000,30.0,6500,0,-7500,D,False,False,False
https://m.global.jdsports.com/product/grey-ea7-woven-jacket/782946/,EA7 Woven Jacket,14000,26000,46.2,8500,0,-5500,D,False,False,False
https://m.global.jdsports.com/product/black-nike-tech-pro-oversized-woven-track-pants/784081/,Nike Tech Pro Oversized Woven Track Pants,14000,22000,36.4,3500,0,-10500,D,False,False,False
https://m.global.jdsports.com/product/grey-nike-tech-pro-oversized-woven-track-pants/784083/,Nike Tech Pro Oversized Woven Track Pants,14000,22000,36.4,3500,0,-10500,D,False,False,False
https://m.global.jdsports.com/product/blue-puma-ultra-6-pro-mg/784119/,PUMA ULTRA 6 PRO MG,14000,26000,46.2,4500,0,-9500,D,False,False,False
https://m.global.jdsports.com/product/black-adidas-originals-fc-bayern-munich-track-top/784236/,adidas Originals FC Bayern Munich Track Top,14000,26000,46.2,4500,0,-9500,D,False,False,False
https://m.global.jdsports.com/product/black-adidas-originals-megaride-f50/784646/,adidas Originals Megaride F50,14000,32000,56.2,0,0,0,?,True,False,False
https://m.global.jdsports.com/product/grey-nike-pegasus-2k5/762646/,Nike Pegasus 2K5,14000,26000,46.2,8500,0,-5500,D,False,False,False
https://m.global.jdsports.com/product/red-adidas-originals-spain-og-track-top/785084/,adidas Originals Spain OG Track Top,14000,17000,17.6,8500,0,-5500,D,False,False,False
https://m.global.jdsports.com/product/grey-the-north-face-windwall-fleece-14-zip-top/785390/,The North Face WindWall Fleece 1/4 Zip Top,14000,27000,48.1,3500,0,-10500,D,False,False,False
https://m.global.jdsports.com/product/white-adidas-germany-94-retro-track-top/787882/,adidas Germany '94 Retro Track Top,14000,20000,30.0,8000,0,-6000,D,False,False,False
https://m.global.jdsports.com/product/white-adidas-originals-handball-spezial-leather/790305/,adidas Originals Handball Spezial Leather,14000,18000,22.2,8500,0,-5500,D,False,False,False
https://m.global.jdsports.com/product/blue-adidas-originals-handball-spezial/792451/,adidas Originals Handball Spezial,14000,18000,22.2,8500,0,-5500,D,False,False,False
https://m.global.jdsports.com/product/green-adidas-originals-south-africa-2026-away-shirt/798069/,adidas Originals South Africa 2026 Away Shirt,14000,17000,17.6,0,0,0,?,False,False,False
https://m.global.jdsports.com/product/white-adidas-originals-samba-xlg/802933/,adidas Originals Samba XLG,14000,20000,30.0,8500,0,-5500,D,False,False,False
https://m.global.jdsports.com/product/blue-adidas-originals-newcastle-united-fc-2526-long-sleeve-third-shirt/758953/,adidas Originals Newcastle United FC 25/26 Long Sleeve Third Shirt,15000,18000,16.7,3500,0,-11500,D,False,False,False
https://m.global.jdsports.com/product/black-the-north-face-hike-utility-jacket/761497/,The North Face Hike Utility Jacket,15000,29000,48.3,8500,0,-6500,D,False,False,False
https://m.global.jdsports.com/product/grey-the-north-face-middle-cloud-hybrid-jacket/761516/,The North Face Middle Cloud Hybrid Jacket,15000,31000,51.6,8500,0,-6500,D,False,False,False
https://m.global.jdsports.com/product/black-nike-air-max-90/762617/,Nike Air Max 90,15000,27000,44.4,8500,0,-6500,D,False,False,False
https://m.global.jdsports.com/product/blue-nike-vomero-18/763788/,Nike Vomero 18,15000,27000,44.4,8500,0,-6500,D,False,False,False
https://m.global.jdsports.com/product/blue-nike-air-max-90/720064/,Nike Air Max 90,15000,27000,44.4,8500,0,-6500,D,False,False,False
https://m.global.jdsports.com/product/black-nike-air-max-tl-25/779638/,Nike Air Max TL 2.5,15000,33000,54.5,6000,0,-9000,D,True,False,False
https://m.global.jdsports.com/product/white-nike-air-max-moto-2k/791017/,Nike Air Max Moto 2K,15000,24000,37.5,3500,0,-11500,D,False,False,False
https://m.global.jdsports.com/product/brown-jordan-spizike-low/791255/,Jordan Spizike Low,15000,31000,51.6,8500,0,-6500,D,False,False,False
https://m.global.jdsports.com/product/blue-adidas-originals-kegler-super/792453/,adidas Originals Kegler Super,15000,19000,21.1,8000,0,-7000,D,False,False,False
https://m.global.jdsports.com/product/grey-nike-unlimited-woven-jacket/795729/,Nike Unlimited Woven Jacket,15000,23000,34.8,3500,0,-11500,D,False,False,False
https://m.global.jdsports.com/product/grey-the-north-face-overhead-fleece-tracksuit/549278/,The North Face Overhead Fleece Tracksuit,16000,27000,40.7,8500,0,-7500,D,True,False,False
https://m.global.jdsports.com/product/black-fred-perry-inline-gilet/709844/,Fred Perry Inline Gilet,16000,28000,42.9,3500,0,-12500,D,False,False,False
https://m.global.jdsports.com/product/black-the-north-face-middle-cloud-hybrid-jacket/761485/,The North Face Middle Cloud Hybrid Jacket,16000,31000,48.4,8500,0,-7500,D,False,False,False
https://m.global.jdsports.com/product/black-nike-react-vision/762661/,Nike React Vision,16000,26000,38.5,4500,0,-11500,D,False,False,False
https://m.global.jdsports.com/product/white-asics-gel-cumulus-16/772621/,ASICS GEL-CUMULUS 16,16000,29000,44.8,5000,0,-11000,D,False,False,False
https://m.global.jdsports.com/product/grey-nike-air-max-tl-25/773121/,Nike Air Max TL 2.5,16000,33000,51.5,6000,0,-10000,D,True,False,False
https://m.global.jdsports.com/product/green-jordan-flight-chicago-realtree-jacket/772861/,Jordan Flight Chicago Realtree Jacket,16000,33000,51.5,24000,0,8000,C,False,False,True
https://m.global.jdsports.com/product/grey-new-balance-abzorb-2000/777867/,New Balance ABZORB 2000,16000,34000,52.9,8500,0,-7500,D,False,False,False
https://m.global.jdsports.com/product/black-new-balance-1906-utility/777884/,New Balance 1906 Utility,16000,28000,42.9,8500,0,-7500,D,False,False,False
https://m.global.jdsports.com/product/green-boss-woven-jacket/779259/,BOSS Woven Jacket,16000,42000,61.9,8500,0,-7500,D,False,False,False
https://m.global.jdsports.com/product/grey-nike-air-force-1-07/779672/,Nike Air Force 1 '07,16000,22000,27.3,5500,0,-10500,D,False,False,False
https://m.global.jdsports.com/product/black-jordan-spizike-low/779894/,Jordan Spizike Low,16000,31000,48.4,8500,0,-7500,D,False,False,False
https://m.global.jdsports.com/product/white-adidas-adizero-evo-sl-woven/780687/,adidas Adizero Evo SL Woven,16000,26000,38.5,8000,0,-8000,D,False,False,False
https://m.global.jdsports.com/product/green-nike-p-6000/752469/,Nike P-6000,16000,22000,27.3,6500,0,-9500,D,False,False,False
https://m.global.jdsports.com/product/red-adidas-liverpool-fc-202526-wirtz-7-home-shirt/786591/,adidas Liverpool FC 2025/26 Wirtz #7 Home Shirt,16000,20000,20.0,0,0,0,?,False,False,False
https://m.global.jdsports.com/product/white-nike-air-max-95-england/790453/,Nike Air Max 95 'England',16000,35000,54.3,12000,0,-4000,D,False,False,False
https://m.global.jdsports.com/product/blue-adidas-originals-climacool-1/790501/,adidas Originals Climacool 1,16000,22000,27.3,4500,0,-11500,D,True,False,False
https://m.global.jdsports.com/product/black-nike-acg-pegasus-trail/790971/,Nike ACG Pegasus Trail,16000,26000,38.5,8500,0,-7500,D,False,False,False
https://m.global.jdsports.com/product/black-nike-air-force-1-low/791403/,Nike Air Force 1 Low,16000,24000,33.3,5800,0,-10200,D,False,False,False
https://m.global.jdsports.com/product/green-nike-air-force-1-low/791406/,Nike Air Force 1 Low,16000,24000,33.3,5800,0,-10200,D,False,False,False
https://m.global.jdsports.com/product/black-asics-gel-venture-6-gtx/717820/,ASICS GEL-Venture 6 GTX,17000,25000,32.0,4500,0,-12500,D,False,False,False
https://m.global.jdsports.com/product/brown-asics-gel-nyc/729144/,ASICS GEL-NYC,17000,29000,41.4,8500,0,-8500,D,False,False,False
https://m.global.jdsports.com/product/black-nike-air-max-95/753799/,Nike Air Max 95,17000,35000,51.4,8500,0,-8500,D,True,False,False
https://m.global.jdsports.com/product/blue-berghaus-vaskye-jacket/759009/,Berghaus Vaskye Jacket,17000,32000,46.9,8000,0,-9000,D,False,False,False
https://m.global.jdsports.com/product/grey-asics-gt-2160/772616/,ASICS GT-2160,17000,25000,32.0,8500,0,-8500,D,False,False,False
https://m.global.jdsports.com/product/grey-nike-air-max-moto-2k/791019/,Nike Air Max Moto 2K,17000,24000,29.2,3500,0,-13500,D,False,False,False
https://m.global.jdsports.com/product/black-new-balance-1906w/724890/,New Balance 1906W,18000,28000,35.7,12000,0,-6000,D,False,False,False
https://m.global.jdsports.com/product/grey-nike-air-max-90-drift/727360/,Nike Air Max 90 Drift,18000,27000,33.3,8500,0,-9500,D,False,False,False
https://m.global.jdsports.com/product/black-nike-shox-tl/773160/,Nike Shox TL,18000,31000,41.9,4500,0,-13500,D,False,False,False
https://m.global.jdsports.com/product/grey-new-balance-1000/777881/,New Balance 1000,18000,30000,40.0,8000,0,-10000,D,False,False,False
https://m.global.jdsports.com/product/white-new-balance-1906f/777887/,New Balance 1906F,18000,30000,40.0,8000,0,-10000,D,False,False,False
https://m.global.jdsports.com/product/black-boss-woven-jacket/779244/,BOSS Woven Jacket,18000,42000,57.1,8500,0,-9500,D,True,False,False
https://m.global.jdsports.com/product/black-nike-air-max-90/779637/,Nike Air Max 90,18000,27000,33.3,8500,0,-9500,D,False,False,False
https://m.global.jdsports.com/product/black-nike-air-force-1-07-lv8/779665/,Nike Air Force 1 '07 LV8,18000,24000,25.0,8500,0,-9500,D,False,False,False
https://m.global.jdsports.com/product/brown-timberland-heritage-lace-up-shoe/784967/,Timberland Heritage Lace Up Shoe,18000,30000,40.0,8000,0,-10000,D,False,False,False
https://m.global.jdsports.com/product/black-nike-p-6000/791027/,Nike P-6000,18000,22000,18.2,6500,0,-11500,D,False,False,False
https://m.global.jdsports.com/product/black-nike-react-vision/356016/,Nike React Vision,19000,26000,26.9,4500,0,-14500,D,False,False,False
https://m.global.jdsports.com/product/black-new-balance-1906-utility/712268/,New Balance 1906 Utility,20000,28000,28.6,8500,0,-11500,D,False,False,False
https://m.global.jdsports.com/product/grey-new-balance-1000/750844/,New Balance 1000,20000,30000,33.3,8000,0,-12000,D,False,False,False
https://m.global.jdsports.com/product/black-asics-gel-nyc-rgd/779364/,ASICS GEL-NYC RGD,20000,31000,35.5,8500,0,-11500,D,False,False,False
https://m.global.jdsports.com/product/grey-lacoste-wrap-croc-tracksuit/781182/,Lacoste Wrap Croc Tracksuit,20000,42000,52.4,8000,0,-12000,D,True,False,False
https://m.global.jdsports.com/product/blue-puma-ultra-6-ultimate-mg/784116/,PUMA ULTRA 6 ULTIMATE MG,20000,42000,52.4,8000,0,-12000,D,False,False,False
https://m.global.jdsports.com/product/blue-columbia-titanium-pro-shell-jacket/786470/,Columbia Titanium Pro Shell Jacket,20000,54000,63.0,8000,0,-12000,D,False,False,False
https://m.global.jdsports.com/product/white-adidas-predator-elite-fg/753468/,adidas Predator Elite FG,21000,44000,52.3,18000,0,-3000,D,False,False,False
https://m.global.jdsports.com/product/grey-nike-air-max-95/773098/,Nike Air Max 95,21000,35000,40.0,8500,0,-12500,D,False,False,False
https://m.global.jdsports.com/product/black-nike-vomero-plus/763795/,Nike Vomero Plus,22000,31000,29.0,8500,0,-13500,D,False,False,False
https://m.global.jdsports.com/product/black-asics-gel-kayano-20/779335/,ASICS GEL-KAYANO 20,22000,33000,33.3,8500,0,-13500,D,False,False,False
https://m.global.jdsports.com/product/black-nike-pegasus-premium/780514/,Nike Pegasus Premium,22000,40000,45.0,8500,0,-13500,D,True,False,False
https://m.global.jdsports.com/product/brown-asics-gel-nyc-20/790235/,ASICS GEL-NYC 2.0,22000,31000,29.0,8500,0,-13500,D,False,False,False
https://m.global.jdsports.com/product/black-nike-air-max-95-ultra/727350/,Nike Air Max 95 Ultra,23000,35000,34.3,8500,0,-14500,D,False,False,False
https://m.global.jdsports.com/product/grey-nike-air-max-tl-25/779843/,Nike Air Max TL 2.5,23000,33000,30.3,6000,0,-17000,D,True,False,False
https://m.global.jdsports.com/product/green-jordan-flight-hooded-bomber-jacket/774056/,Jordan Flight Hooded Bomber Jacket,24000,42000,42.9,8500,0,-15500,D,False,False,False
https://m.global.jdsports.com/product/black-new-balance-9060/777882/,New Balance 9060,24000,32000,25.0,8500,0,-15500,D,False,False,False
https://m.global.jdsports.com/product/brown-new-balance-9060/777883/,New Balance 9060,24000,32000,25.0,8500,0,-15500,D,True,False,False
https://m.global.jdsports.com/product/grey-nike-air-max-95-ultra/752433/,Nike Air Max 95 Ultra,25000,35000,28.6,8500,0,-16500,D,False,False,False
https://m.global.jdsports.com/product/black-new-balance-abzorb-2000/771011/,New Balance ABZORB 2000,25000,34000,26.5,8500,0,-16500,D,False,False,False
https://m.global.jdsports.com/product/black-jordan-air-6-retro-infrared-salesman/779908/,Jordan Air 6 Retro 'Infrared Salesman',26000,38000,31.6,24000,0,-2000,D,False,False,False
https://m.global.jdsports.com/product/black-nike-acg-storm-fit-skull-peak-jacket/708833/,Nike ACG Storm-FIT 'Skull Peak' Jacket,28000,55000,49.1,8500,0,-19500,D,False,False,False
https://m.global.jdsports.com/product/blue-puma-ultra-6-ultimate-fg/784115/,PUMA ULTRA 6 ULTIMATE FG,28000,42000,33.3,8500,0,-19500,D,False,False,False
https://m.global.jdsports.com/product/white-nike-pegasus-premium/790956/,Nike Pegasus Premium,28000,38000,26.3,8500,0,-19500,D,True,False,False
https://m.global.jdsports.com/product/blue-puma-future-9-ultimate-fg/784096/,PUMA FUTURE 9 Ultimate FG,30000,44000,31.8,8500,0,-21500,D,False,False,False
https://m.global.jdsports.com/product/black-lacoste-back-crocodile-padded-jacket/764817/,Lacoste Back Crocodile Padded Jacket,32000,68000,52.9,8500,0,-23500,D,False,False,False
