url,name,price,was_price,discount,expected_price,mercari_price,profit,grade,is_new,is_price_down,notified
https://m.global.jdsports.com/product/red-adidas-as-roma-202526-home-socks/757585/,adidas AS Roma 2025/26 Home Socks,200,4000,95.0,0,0,0,?,False,False,True
https://m.global.jdsports.com/product/red-adidas-liverpool-fc-202526-home-socks/758602/,adidas Liverpool FC 2025/26 Home Socks,200,4000,95.0,1200,0,1000,S,True,False,True
https://m.global.jdsports.com/product/red-adidas-arsenal-fc-202526-home-socks/757583/,adidas Arsenal FC 2025/26 Home Socks,400,4000,90.0,0,0,0,?,True,False,True
https://m.global.jdsports.com/product/white-adidas-3-pack-sport-quarter-socks/128715/,adidas 3 Pack Sport Quarter Socks,600,2400,75.0,1500,0,900,S,False,False,True
https://m.global.jdsports.com/product/black-nike-grid-lock-sleeves/414597/,Nike Grid Lock Sleeves,600,1400,57.1,0,0,0,?,False,False,False
https://m.global.jdsports.com/product/black-nike-small-logo-t-shirt-junior/151250/,Nike Small Logo T-Shirt Junior,1000,3400,70.6,1500,0,500,D,False,False,False
https://m.global.jdsports.com/product/blue-nike-squad-leg-sleeves/668439/,Nike Squad Leg Sleeves,1000,2200,54.5,0,0,0,?,False,False,False
https://m.global.jdsports.com/product/black-adidas-tiro-club-shin-guards/688805/,adidas Tiro Club Shin Guards,1000,2400,58.3,2000,0,1000,D,False,False,False
https://m.global.jdsports.com/product/brown-champion-small-logo-t-shirt/776035/,Champion Small Logo T-Shirt,1000,3000,66.7,2500,0,1500,D,False,False,False
https://m.global.jdsports.com/product/pink-champion-small-logo-t-shirt/786128/,Champion Small Logo T-Shirt,1000,3600,72.2,2500,0,1500,D,False,False,False
https://m.global.jdsports.com/product/brown-nike-peak-beanie-hat/772843/,Nike Peak Beanie Hat,1000,5000,80.0,1500,0,500,S,False,False,True
https://m.global.jdsports.com/product/black-champion-small-logo-t-shirt/750860/,Champion Small Logo T-Shirt,1000,3000,66.7,2500,0,1500,D,False,False,False
https://m.global.jdsports.com/product/white-champion-small-logo-t-shirt/750861/,Champion Small Logo T-Shirt,1000,3000,66.7,2500,0,1500,D,False,False,False
https://m.global.jdsports.com/product/white-adidas-celtic-202526-home-shorts/757311/,adidas Celtic 2025/26 Home Shorts,1000,7600,86.8,3500,0,2500,S,False,False,True
https://m.global.jdsports.com/product/red-adidas-liverpool-fc-202526-home-shorts/758567/,adidas Liverpool FC 2025/26 Home Shorts,1000,7600,86.8,2500,0,1500,S,False,False,True
https://m.global.jdsports.com/product/green-adidas-originals-liverpool-fc-202526-third-socks/758598/,adidas Originals Liverpool FC 2025/26 Third Socks,1000,4000,75.0,0,0,0,?,False,False,True
https://m.global.jdsports.com/product/white-adidas-celtic-202526-home-shirt/757306/,adidas Celtic 2025/26 Home Shirt,1000,15000,93.3,5500,6082,4500,S,True,False,True
https://m.global.jdsports.com/product/black-adidas-manchester-united-fc-training-track-pants/757482/,adidas Manchester United FC Training Track Pants,1000,11000,90.9,3500,0,2500,S,True,False,True
https://m.global.jdsports.com/product/blue-adidas-arsenal-fc-202526-away-socks/757766/,adidas Arsenal FC 2025/26 Away Socks,1000,4000,75.0,0,0,0,?,True,False,True
https://m.global.jdsports.com/product/black-adidas-tiro-shorts/774332/,adidas Tiro Shorts,1000,4000,75.0,2500,0,1500,S,True,False,True
https://m.global.jdsports.com/product/red-adidas-wales-2026-home-socks/776262/,adidas Wales 2026 Home Socks,1000,4000,75.0,0,0,0,?,True,False,True
https://m.global.jdsports.com/product/blue-nike-heritage-waistpack/088522/,Nike Heritage Waistpack,1600,4000,60.0,3500,0,1900,D,False,False,False
https://m.global.jdsports.com/product/white-nike-core-t-shirt/708681/,Nike Core T-Shirt,1600,4600,65.2,1500,0,-100,D,False,False,False
https://m.global.jdsports.com/product/white-nike-foundation-vest/752945/,Nike Foundation Vest,1600,4600,65.2,3500,0,1900,D,False,False,False
https://m.global.jdsports.com/product/white-adidas-originals-outline-trefoil-t-shirt/756734/,adidas Originals Outline Trefoil T-Shirt,1600,4600,65.2,1500,0,-100,D,False,False,False
https://m.global.jdsports.com/product/grey-adidas-originals-multi-colour-contrast-logo-t-shirt/756736/,adidas Originals Multi Colour Contrast Logo T-Shirt,1600,4600,65.2,1500,0,-100,D,False,False,False
https://m.global.jdsports.com/product/grey-champion-large-logo-v2-t-shirt/776033/,Champion Large Logo V2 T-Shirt,1600,3000,46.7,2500,0,900,D,False,False,False
https://m.global.jdsports.com/product/black-nike-foundation-vest/780012/,Nike Foundation Vest,1600,4600,65.2,3500,0,1900,D,False,False,False
https://m.global.jdsports.com/product/white-adidas-tiro-26-shorts/782426/,adidas Tiro 26 Shorts,1600,4000,60.0,2500,0,900,D,False,False,False
https://m.global.jdsports.com/product/beige-ugg-jedlyn-varsity-crew-socks/782909/,UGG Jedlyn Varsity Crew Socks,1600,2400,33.3,2500,0,900,D,False,False,False
https://m.global.jdsports.com/product/white-adidas-originals-multi-colour-contrast-logo-t-shirt/785630/,adidas Originals Multi Colour Contrast Logo T-Shirt,1600,4600,65.2,1500,0,-100,D,False,False,False
https://m.global.jdsports.com/product/blue-champion-small-logo-t-shirt/786127/,Champion Small Logo T-Shirt,1600,3600,55.6,2500,0,900,D,False,False,False
https://m.global.jdsports.com/product/red-nike-sportswear-club-t-shirt/105068/,Nike Sportswear Club T-Shirt,2000,4600,56.5,2500,0,500,D,False,False,False
https://m.global.jdsports.com/product/white-adidas-originals-adilette-slides/515608/,adidas Originals Adilette Slides,2000,5000,60.0,2500,0,500,D,False,False,False
https://m.global.jdsports.com/product/green-under-armour-tech-utility-t-shirt/750305/,Under Armour Tech Utility T-Shirt,2000,8200,75.6,1200,0,-800,S,False,False,True
https://m.global.jdsports.com/product/blue-puma-manchester-city-fc-training-shorts/757085/,PUMA Manchester City FC Training Shorts,2000,8000,75.0,2500,0,500,S,False,False,True
https://m.global.jdsports.com/product/white-new-balance-cafe-t-shirt/766722/,New Balance Cafe T-Shirt,2000,6400,68.8,2500,0,500,D,False,False,False
https://m.global.jdsports.com/product/white-adidas-originals-adicolor-beanie-hat/774171/,adidas Originals Adicolor Beanie Hat,2000,4000,50.0,1500,0,-500,D,False,False,False
https://m.global.jdsports.com/product/brown-nike-core-t-shirt/774214/,Nike Core T-Shirt,2000,4600,56.5,1500,0,-500,D,False,False,False
https://m.global.jdsports.com/product/black-adidas-tiro-26-training-track-pants/774836/,adidas Tiro 26 Training Track Pants,2000,8000,75.0,3500,0,1500,S,False,False,True
https://m.global.jdsports.com/product/blue-adidas-tiro-26-training-track-pants/774838/,adidas Tiro 26 Training Track Pants,2000,8000,75.0,3500,0,1500,S,False,False,True
https://m.global.jdsports.com/product/brown-columbia-blight-t-shirt/776604/,Columbia Blight T-Shirt,2000,5000,60.0,1500,0,-500,D,False,False,False
https://m.global.jdsports.com/product/black-adidas-originals-adicolor-classics-3-stripes-ringer-t-shirt/778107/,adidas Originals Adicolor Classics 3-Stripes Ringer T-Shirt,2000,5600,64.3,2500,0,500,D,False,False,False
https://m.global.jdsports.com/product/blue-the-north-face-mountain-athletics-t-shirt/781444/,The North Face Mountain Athletics T-Shirt,2000,5600,64.3,1500,0,-500,D,False,False,False
https://m.global.jdsports.com/product/green-under-armour-velocity-jacquard-t-shirt/781698/,Under Armour Velocity Jacquard T-Shirt,2000,7200,72.2,2500,0,500,D,False,False,False
https://m.global.jdsports.com/product/red-under-armour-velocity-jacquard-t-shirt/781699/,Under Armour Velocity Jacquard T-Shirt,2000,7200,72.2,2500,0,500,D,False,False,False
https://m.global.jdsports.com/product/grey-under-armour-tech-fade-shorts/781724/,Under Armour Tech Fade Shorts,2000,7600,73.7,1200,0,-800,D,False,False,False
https://m.global.jdsports.com/product/green-new-era-mlb-new-york-yankees-9forty-cap/783814/,New Era MLB New York Yankees 9FORTY Cap,2000,6000,66.7,2500,0,500,D,False,False,False
https://m.global.jdsports.com/product/brown-new-era-mlb-new-york-yankees-9forty-cap/783815/,New Era MLB New York Yankees 9FORTY Cap,2000,5600,64.3,2500,0,500,D,False,False,False
https://m.global.jdsports.com/product/green-adidas-originals-colour-block-retro-t-shirt/784705/,adidas Originals Colour Block Retro T-Shirt,2000,6000,66.7,2500,0,500,D,False,False,False
https://m.global.jdsports.com/product/grey-adidas-originals-waffle-shorts/784723/,adidas Originals Waffle Shorts,2000,8000,75.0,3500,0,1500,S,False,False,True
https://m.global.jdsports.com/product/black-adidas-training-essential-t-shirt/784732/,adidas Training Essential T-Shirt,2000,3600,44.4,1500,0,-500,D,False,False,False
https://m.global.jdsports.com/product/black-adidas-training-shorts/784733/,adidas Training Shorts,2000,3600,44.4,2500,0,500,D,False,False,False
https://m.global.jdsports.com/product/blue-adidas-training-essential-t-shirt/784736/,adidas Training Essential T-Shirt,2000,3600,44.4,1500,0,-500,D,False,False,False
https://m.global.jdsports.com/product/blue-adidas-training-shorts/787520/,adidas Training Shorts,2000,5000,60.0,2500,0,500,D,False,False,False
https://m.global.jdsports.com/product/green-adidas-365-3-stripes-t-shirt/787527/,adidas 365 3-Stripes T-Shirt,2000,5600,64.3,2500,0,500,D,False,False,False
https://m.global.jdsports.com/product/green-adidas-365-3-stripes-shorts/787528/,adidas 365 3-Stripes Shorts,2000,7000,71.4,2800,0,800,D,False,False,False
https://m.global.jdsports.com/product/red-new-era-liverpool-fc-9forty-cap/787561/,New Era Liverpool FC 9FORTY Cap,2000,4600,56.5,2500,0,500,D,False,False,False
https://m.global.jdsports.com/product/green-adidas-originals-3-stripes-8-swim-shorts/787850/,"adidas Originals 3-Stripes 8"" Swim Shorts",2000,6000,66.7,3500,0,1500,D,False,False,False
https://m.global.jdsports.com/product/black-nike-foundation-shorts/788869/,Nike Foundation Shorts,2000,7600,73.7,2500,0,500,D,False,False,False
https://m.global.jdsports.com/product/grey-nike-foundation-shorts/788870/,Nike Foundation Shorts,2000,7600,73.7,2500,0,500,D,False,False,False
https://m.global.jdsports.com/product/blue-under-armour-launch-7-shorts/789255/,"Under Armour Launch 7"" Shorts",2000,8000,75.0,2800,0,800,S,False,False,True
https://m.global.jdsports.com/product/white-adidas-originals-cali-t-shirt/790082/,adidas Originals Cali T-Shirt,2000,5600,64.3,2500,0,500,D,False,False,False
https://m.global.jdsports.com/product/black-adidas-originals-all-over-print-t-shirt/790104/,adidas Originals All Over Print T-Shirt,2000,9000,77.8,2500,0,500,S,False,False,True
https://m.global.jdsports.com/product/red-adidas-originals-all-over-print-t-shirt/790105/,adidas Originals All Over Print T-Shirt,2000,9000,77.8,2500,0,500,S,False,False,True
https://m.global.jdsports.com/product/yellow-adidas-originals-all-over-print-t-shirt/790106/,adidas Originals All Over Print T-Shirt,2000,9000,77.8,2500,0,500,S,False,False,True
https://m.global.jdsports.com/product/pink-adidas-originals-3-stripes-8-swim-shorts/790115/,"adidas Originals 3-Stripes 8"" Swim Shorts",2000,6000,66.7,3500,0,1500,D,False,False,False
https://m.global.jdsports.com/product/red-adidas-originals-mesh-varsity-jersey/790118/,adidas Originals Mesh Varsity Jersey,2000,10000,80.0,3500,0,1500,S,False,False,True
https://m.global.jdsports.com/product/black-adidas-originals-mesh-varsity-jersey/790119/,adidas Originals Mesh Varsity Jersey,2000,10000,80.0,3500,0,1500,S,False,False,True
https://m.global.jdsports.com/product/white-adidas-originals-africa-graphic-t-shirt/790133/,adidas Originals Africa Graphic T-Shirt,2000,6000,66.7,1500,0,-500,D,False,False,False
https://m.global.jdsports.com/product/black-adidas-originals-stripe-t-shirt/791705/,adidas Originals Stripe T-Shirt,2000,7000,71.4,1500,0,-500,D,False,False,False
https://m.global.jdsports.com/product/green-new-balance-fast-days-shorts/792542/,New Balance Fast Days Shorts,2000,7000,71.4,3000,0,1000,D,False,False,False
https://m.global.jdsports.com/product/green-new-balance-athletics-t-shirt/792548/,New Balance Athletics T-Shirt,2000,8000,75.0,2500,0,500,S,False,False,True
https://m.global.jdsports.com/product/white-adidas-originals-waffle-shorts/794587/,adidas Originals Waffle Shorts,2000,8000,75.0,3500,0,1500,S,False,False,True
https://m.global.jdsports.com/product/brown-adidas-originals-embroidered-oversized-t-shirt/794594/,adidas Originals Embroidered Oversized T-Shirt,2000,7000,71.4,2500,0,500,D,False,False,False
https://m.global.jdsports.com/product/grey-new-balance-run-club-t-shirt/795077/,New Balance Run Club T-Shirt,2000,6400,68.8,2500,0,500,D,False,False,False
https://m.global.jdsports.com/product/grey-adidas-originals-trefoil-bubble-open-hem-joggers/795511/,adidas Originals Trefoil Bubble Open Hem Joggers,2000,10000,80.0,3500,0,1500,S,False,False,True
https://m.global.jdsports.com/product/blue-adidas-tiro-26-essentials-shorts/800646/,adidas Tiro 26 Essentials Shorts,2000,4000,50.0,3500,0,1500,D,False,False,False
https://m.global.jdsports.com/product/green-adidas-originals-emblem-shorts/806880/,adidas Originals Emblem Shorts,2000,7000,71.4,2500,0,500,D,False,False,False
https://m.global.jdsports.com/product/off-white-adidas-originals-colour-block-3-stripes-t-shirt/806882/,adidas Originals Colour Block 3-Stripes T-Shirt,2000,6000,66.7,2500,0,500,D,False,False,False
https://m.global.jdsports.com/product/black-adidas-adilette-aqua-slides-womens/137307/,adidas Adilette Aqua Slides Women's,2000,4000,50.0,3500,0,1500,D,False,False,False
https://m.global.jdsports.com/product/black-adidas-aston-villa-fc-training-shorts/757289/,adidas Aston Villa FC Training Shorts,2000,7600,73.7,2500,0,500,D,False,False,False
https://m.global.jdsports.com/product/black-berghaus-skye-trail-cap/757940/,Berghaus Skye Trail Cap,2000,5000,60.0,0,0,0,?,False,False,False
https://m.global.jdsports.com/product/grey-new-era-mlb-chicago-white-sox-9forty-pastel-cap/758213/,New Era MLB Chicago White Sox 9FORTY Pastel Cap,2000,5600,64.3,2500,0,500,D,False,False,False
https://m.global.jdsports.com/product/black-adidas-celtic-pre-match-shirt/760037/,adidas Celtic Pre Match Shirt,2000,12000,83.3,3500,0,1500,S,False,False,True
https://m.global.jdsports.com/product/black-adidas-tiro-25-14-zip-training-top/763455/,adidas Tiro 25 1/4 Zip Training Top,2000,7600,73.7,3500,0,1500,D,False,False,False
https://m.global.jdsports.com/product/white-adidas-originals-liverpool-fc-icons-shirt/758570/,adidas Originals Liverpool FC Icons Shirt,2000,14000,85.7,3500,0,1500,S,True,False,True
https://m.global.jdsports.com/product/multi-new-era-mlb-new-york-yankees-tiger-print-trucker-cap/776712/,New Era MLB New York Yankees Tiger Print Trucker Cap,2000,6000,66.7,3500,0,1500,D,True,False,False
https://m.global.jdsports.com/product/cream-new-era-mlb-new-york-yankees-9forty-patch-cap/776723/,New Era MLB New York Yankees 9FORTY Patch Cap,2000,5000,60.0,2500,0,500,D,True,False,False
https://m.global.jdsports.com/product/brown-nike-cafe-swoosh-graphic-t-shirt/780018/,Nike Cafe Swoosh Graphic T-Shirt,2000,6600,69.7,2500,0,500,D,True,False,False
https://m.global.jdsports.com/product/blue-new-era-mlb-la-dodgers-contrast-stitch-9twenty-denim-cap/783822/,New Era MLB LA Dodgers Contrast Stitch 9TWENTY Denim Cap,2000,5600,64.3,3500,0,1500,D,True,False,False
https://m.global.jdsports.com/product/black-jordan-airborne-crossbody-bag/535745/,Jordan Airborne Crossbody Bag,2400,3600,33.3,2800,0,400,D,False,False,False
https://m.global.jdsports.com/product/pink-adidas-originals-script-cap/790072/,adidas Originals Script Cap,2400,3600,33.3,2500,0,100,D,False,False,False
https://m.global.jdsports.com/product/blue-adidas-mls-training-202526-club-football/790736/,adidas MLS Training 2025/26 Club Football,2400,4600,47.8,0,0,0,?,False,False,False
https://m.global.jdsports.com/product/white-nike-phantom-football/791386/,Nike Phantom Football,2400,4600,47.8,0,0,0,?,False,False,False
https://m.global.jdsports.com/product/grey-under-armour-brawl-track-pants/761655/,Under Armour Brawl Track Pants,2400,11000,78.2,3500,0,1100,S,False,False,True
https://m.global.jdsports.com/product/black-nike-street-t-shirt/774201/,Nike Street T-Shirt,2400,6000,60.0,2500,0,100,D,True,False,False
https://m.global.jdsports.com/product/green-nike-tech-waist-bag/088531/,Nike Tech Waist Bag,3000,7000,57.1,3500,0,500,D,False,False,False
https://m.global.jdsports.com/product/black-under-armour-blitzing-2-cap/613592/,Under Armour Blitzing 2 Cap,3000,4600,34.8,2500,0,-500,D,False,False,False
https://m.global.jdsports.com/product/black-adidas-training-shorts/711477/,adidas Training Shorts,3000,4600,34.8,2500,0,-500,D,False,False,False
https://m.global.jdsports.com/product/black-nike-alumni-french-terry-shorts/728060/,Nike Alumni French Terry Shorts,3000,8000,62.5,3500,0,500,D,False,False,False
https://m.global.jdsports.com/product/black-adidas-originals-firebird-denim-shorts/730733/,adidas Originals Firebird Denim Shorts,3000,12000,75.0,3500,0,500,S,False,False,True
https://m.global.jdsports.com/product/blue-adidas-originals-firebird-denim-shorts/730734/,adidas Originals Firebird Denim Shorts,3000,12000,75.0,3500,0,500,S,False,False,True
https://m.global.jdsports.com/product/black-nike-academy-shorts/764264/,Nike Academy Shorts,3000,5000,40.0,1200,0,-1800,D,False,False,False
https://m.global.jdsports.com/product/black-nike-baselayer-shorts/764315/,Nike Baselayer Shorts,3000,6600,54.5,2000,0,-1000,D,False,False,False
https://m.global.jdsports.com/product/blue-adidas-originals-real-madrid-third-scarf/764348/,adidas Originals Real Madrid Third Scarf,3000,4600,34.8,0,0,0,?,False,False,False
https://m.global.jdsports.com/product/red-puma-core-sportswear-joggers/767161/,PUMA Core Sportswear Joggers,3000,9000,66.7,2800,0,-200,D,False,False,False
https://m.global.jdsports.com/product/grey-nike-miler-10-t-shirt/773928/,Nike Miler 1.0 T-Shirt,3000,7000,57.1,2500,0,-500,D,False,False,False
https://m.global.jdsports.com/product/grey-the-north-face-performance-woven-shorts/776519/,The North Face Performance Woven Shorts,3000,9000,66.7,3500,0,500,D,False,False,False
https://m.global.jdsports.com/product/black-berghaus-stanope-shorts/778072/,Berghaus Stanope Shorts,3000,9000,66.7,0,0,0,?,False,False,False
https://m.global.jdsports.com/product/blue-adidas-originals-firebird-denim-shorts/778201/,adidas Originals Firebird Denim Shorts,3000,12000,75.0,3500,0,500,S,False,False,True
https://m.global.jdsports.com/product/blue-puma-manchester-city-fc-ftblculture-t-shirt/778238/,PUMA Manchester City FC FtblCulture T-Shirt,3000,6400,53.1,2500,0,-500,D,False,False,False
https://m.global.jdsports.com/product/black-jordan-jumpman-swoosh-shorts/779403/,Jordan Jumpman Swoosh Shorts,3000,9000,66.7,3500,0,500,D,False,False,False
https://m.global.jdsports.com/product/black-nike-air-max-95-graphic-t-shirt/779998/,Nike Air Max 95 Graphic T-Shirt,3000,7000,57.1,2500,0,-500,D,False,False,False
https://m.global.jdsports.com/product/white-nike-air-max-95-graphic-t-shirt/779999/,Nike Air Max 95 Graphic T-Shirt,3000,7000,57.1,2500,0,-500,D,False,False,False
https://m.global.jdsports.com/product/black-nike-air-max-95-graphic-t-shirt/780005/,Nike Air Max 95 Graphic T-Shirt,3000,7000,57.1,2500,0,-500,D,False,False,False
https://m.global.jdsports.com/product/black-nike-academy-shorts/780081/,Nike Academy Shorts,3000,5000,40.0,1200,0,-1800,D,False,False,False
https://m.global.jdsports.com/product/blue-nike-academy-t-shirt/780082/,Nike Academy T-Shirt,3000,5000,40.0,1500,0,-1500,D,False,False,False
https://m.global.jdsports.com/product/blue-nike-academy-shorts/780083/,Nike Academy Shorts,3000,5000,40.0,1200,0,-1800,D,False,False,False
https://m.global.jdsports.com/product/white-puma-premier-league-202526-orbita-cup-thrill-football/780998/,PUMA Premier League 2025/26 Orbita Cup Thrill Football,3000,5600,46.4,0,0,0,?,False,False,False
https://m.global.jdsports.com/product/grey-the-north-face-247-shorts/781440/,The North Face 24/7 Shorts,3000,8000,62.5,3500,0,500,D,False,False,False
https://m.global.jdsports.com/product/blue-the-north-face-graphic-performance-t-shirt/781450/,The North Face Graphic Performance T-Shirt,3000,7000,57.1,1500,0,-1500,D,False,False,False
https://m.global.jdsports.com/product/blue-the-north-face-graphic-reaxion-shorts/781451/,The North Face Graphic Reaxion Shorts,3000,9000,66.7,3000,0,0,D,False,False,False
https://m.global.jdsports.com/product/grey-the-north-face-247-shorts/781456/,The North Face 24/7 Shorts,3000,9000,66.7,3500,0,500,D,False,False,False
https://m.global.jdsports.com/product/grey-the-north-face-graphic-performance-t-shirt/781462/,The North Face Graphic Performance T-Shirt,3000,7000,57.1,1500,0,-1500,D,False,False,False
https://m.global.jdsports.com/product/grey-under-armour-tech-grid-t-shirt/781680/,Under Armour Tech Grid T-Shirt,3000,6000,50.0,1500,0,-1500,D,False,False,False
https://m.global.jdsports.com/product/grey-under-armour-tech-grid-shorts/781681/,Under Armour Tech Grid Shorts,3000,7000,57.1,2500,0,-500,D,False,False,False
https://m.global.jdsports.com/product/yellow-under-armour-tech-reflective-t-shirt/781683/,Under Armour Tech Reflective T-Shirt,3000,6400,53.1,1500,0,-1500,D,False,False,False
https://m.global.jdsports.com/product/blue-under-armour-tech-grid-shorts/781685/,Under Armour Tech Grid Shorts,3000,7000,57.1,2500,0,-500,D,False,False,False
https://m.global.jdsports.com/product/blue-under-armour-tech-fade-shorts/781691/,Under Armour Tech Fade Shorts,3000,7200,58.3,1200,0,-1800,D,False,False,False
https://m.global.jdsports.com/product/brown-under-armour-tech-emboss-t-shirt/781694/,Under Armour Tech Emboss T-Shirt,3000,7200,58.3,1500,0,-1500,D,False,False,False
https://m.global.jdsports.com/product/green-under-armour-launch-7-shorts/781712/,"Under Armour Launch 7"" Shorts",3000,7200,58.3,2800,0,-200,D,False,False,False
https://m.global.jdsports.com/product/green-under-armour-tech-hybrid-t-shirt/781717/,Under Armour Tech Hybrid T-Shirt,3000,6400,53.1,2500,0,-500,D,False,False,False
https://m.global.jdsports.com/product/green-under-armour-tech-hybrid-shorts/781718/,Under Armour Tech Hybrid Shorts,3000,7200,58.3,3500,0,500,D,False,False,False
https://m.global.jdsports.com/product/grey-under-armour-tech-fade-t-shirt/781723/,Under Armour Tech Fade T-Shirt,3000,7000,57.1,1500,0,-1500,D,False,False,False
https://m.global.jdsports.com/product/grey-new-balance-fast-days-shorts/781886/,New Balance Fast Days Shorts,3000,7000,57.1,3000,0,0,D,False,False,False
https://m.global.jdsports.com/product/blue-adidas-originals-cali-t-shirt/782412/,adidas Originals Cali T-Shirt,3000,5600,46.4,2500,0,-500,D,False,False,False
https://m.global.jdsports.com/product/blue-adidas-originals-cali-t-shirt/782414/,adidas Originals Cali T-Shirt,3000,5600,46.4,2500,0,-500,D,False,False,False
https://m.global.jdsports.com/product/black-adidas-tiro-26-14-zip-training-top/782419/,adidas Tiro 26 1/4 Zip Training Top,3000,7600,60.5,3500,0,500,D,False,False,False
https://m.global.jdsports.com/product/black-adidas-tiro-track-pants/782420/,adidas Tiro Track Pants,3000,7600,60.5,3500,0,500,D,False,False,False
https://m.global.jdsports.com/product/grey-adidas-tiro-26-shorts/782424/,adidas Tiro 26 Shorts,3000,4000,25.0,2500,0,-500,D,False,False,False
https://m.global.jdsports.com/product/black-adidas-originals-waffle-shorts/784718/,adidas Originals Waffle Shorts,3000,8000,62.5,3500,0,500,D,False,False,False
https://m.global.jdsports.com/product/black-puma-x-hyrox-t-shirt/787303/,PUMA x HYROX T-Shirt,3000,9000,66.7,2500,0,-500,D,False,False,False
https://m.global.jdsports.com/product/blue-adidas-originals-3-stripes-8-swim-shorts/787848/,"adidas Originals 3-Stripes 8"" Swim Shorts",3000,6000,50.0,3500,0,500,D,False,False,False
https://m.global.jdsports.com/product/blue-nike-palm-t-shirt/788872/,Nike Palm T-Shirt,3000,6000,50.0,2500,0,-500,D,False,False,False
https://m.global.jdsports.com/product/black-nike-street-t-shirt/788877/,Nike Street T-Shirt,3000,6000,50.0,2500,0,-500,D,False,False,False
https://m.global.jdsports.com/product/grey-nike-world-tour-t-shirt/788887/,Nike World Tour T-Shirt,3000,6600,54.5,1200,0,-1800,D,False,False,False
https://m.global.jdsports.com/product/grey-nike-world-tour-shorts/788888/,Nike World Tour Shorts,3000,7600,60.5,2500,0,-500,D,False,False,False
https://m.global.jdsports.com/product/green-under-armour-velocity-jacquard-t-shirt/789262/,Under Armour Velocity Jacquard T-Shirt,3000,7200,58.3,2500,0,-500,D,False,False,False
https://m.global.jdsports.com/product/orange-under-armour-tech-embossed-shorts/789264/,Under Armour Tech Embossed Shorts,3000,7000,57.1,2800,0,-200,D,False,False,False
https://m.global.jdsports.com/product/black-under-armour-coldgear-t-shirt/789273/,Under Armour ColdGear T-Shirt,3000,5000,40.0,2500,0,-500,D,False,False,False
https://m.global.jdsports.com/product/grey-under-armour-coldgear-shorts/789276/,Under Armour ColdGear Shorts,3000,5000,40.0,2800,0,-200,D,False,False,False
https://m.global.jdsports.com/product/blue-under-armour-heatgear-short-sleeve-compression-t-shirt/789282/,Under Armour HeatGear Short Sleeve Compression T-Shirt,3000,6400,53.1,1500,0,-1500,D,False,False,False
https://m.global.jdsports.com/product/blue-nike-paris-saint-germain-202627-club-cap/789534/,Nike Paris Saint Germain 2026/27 Club Cap,3000,5200,42.3,2500,0,-500,D,False,False,False
https://m.global.jdsports.com/product/white-nike-nike-academy-football/789878/,Nike Nike Academy Football,3000,4600,34.8,3500,0,500,D,False,False,False
https://m.global.jdsports.com/product/green-adidas-originals-adicolor-jacquard-poly-t-shirt/790122/,adidas Originals Adicolor Jacquard Poly T-Shirt,3000,7000,57.1,2800,0,-200,D,False,False,False
https://m.global.jdsports.com/product/black-adidas-originals-adicolor-jacquard-poly-t-shirt/790125/,adidas Originals Adicolor Jacquard Poly T-Shirt,3000,7000,57.1,2800,0,-200,D,False,False,False
https://m.global.jdsports.com/product/green-adidas-originals-eqt-woven-track-pants/790128/,adidas Originals EQT Woven Track Pants,3000,12000,75.0,3500,0,500,S,False,False,True
https://m.global.jdsports.com/product/white-adidas-originals-santiago-jersey/790129/,adidas Originals Santiago Jersey,3000,10000,70.0,2500,0,-500,D,False,False,False
https://m.global.jdsports.com/product/blue-adidas-originals-all-over-print-t-shirt/790140/,adidas Originals All Over Print T-Shirt,3000,9000,66.7,2500,0,-500,D,False,False,False
https://m.global.jdsports.com/product/white-nike-club-structured-metal-swoosh-cap/719505/,Nike Club Structured Metal Swoosh Cap,3000,4600,34.8,2800,0,-200,D,False,False,False
https://m.global.jdsports.com/product/white-nike-air-max-t-shirt/791135/,Nike Air Max T-Shirt,3000,6600,54.5,1800,0,-1200,D,False,False,False
https://m.global.jdsports.com/product/green-nike-palm-t-shirt/791141/,Nike Palm T-Shirt,3000,6600,54.5,2500,0,-500,D,False,False,False
https://m.global.jdsports.com/product/blue-nike-academy-shorts/791174/,Nike Academy Shorts,3000,5000,40.0,1200,0,-1800,D,False,False,False
https://m.global.jdsports.com/product/pink-nike-academy-t-shirt/791175/,Nike Academy T-Shirt,3000,5000,40.0,1500,0,-1500,D,False,False,False
https://m.global.jdsports.com/product/black-nike-miler-vest/791178/,Nike Miler Vest,3000,5600,46.4,4000,0,1000,D,False,False,False
https://m.global.jdsports.com/product/blue-nike-miler-5-shorts/791195/,"Nike Miler 5"" Shorts",3000,7000,57.1,3500,0,500,D,False,False,False
https://m.global.jdsports.com/product/gold-nike-t90-academy-football/791385/,Nike T90 Academy Football,3000,5000,40.0,3500,0,500,D,False,False,False
https://m.global.jdsports.com/product/black-nike-all-over-print-shorts/791426/,Nike All Over Print Shorts,3000,14000,78.6,3500,0,500,S,False,False,True
https://m.global.jdsports.com/product/green-nike-legend-t-shirt/791441/,Nike Legend T-Shirt,3000,5600,46.4,1200,0,-1800,D,False,False,False
https://m.global.jdsports.com/product/green-the-north-face-notes-relax-shorts/793080/,The North Face Notes Relax Shorts,3000,9000,66.7,3500,0,500,D,False,False,False
https://m.global.jdsports.com/product/grey-the-north-face-notes-relax-shorts/793082/,The North Face Notes Relax Shorts,3000,9000,66.7,3500,0,500,D,False,False,False
https://m.global.jdsports.com/product/black-the-north-face-mountain-athletics-shorts/793960/,The North Face Mountain Athletics Shorts,3000,9000,66.7,3500,0,500,D,False,False,False
https://m.global.jdsports.com/product/white-nike-air-t-shirt/794426/,Nike Air T-Shirt,3000,5600,46.4,2000,0,-1000,D,False,False,False
https://m.global.jdsports.com/product/white-nike-dna-remix-t-shirt/794428/,Nike DNA Remix T-Shirt,3000,5600,46.4,2500,0,-500,D,False,False,False
https://m.global.jdsports.com/product/blue-nike-dna-remix-t-shirt/794429/,Nike DNA Remix T-Shirt,3000,5600,46.4,2500,0,-500,D,False,False,False
https://m.global.jdsports.com/product/black-adidas-originals-terrace-shorts/794597/,adidas Originals Terrace Shorts,3000,7000,57.1,3500,0,500,D,False,False,False
https://m.global.jdsports.com/product/black-puma-ac-milan-culture-t-shirt/794797/,PUMA AC Milan Culture T-Shirt,3000,4800,37.5,2500,0,-500,D,False,False,False
https://m.global.jdsports.com/product/green-asics-core-t-shirt/796748/,ASICS Core T-Shirt,3000,6000,50.0,1500,0,-1500,D,False,False,False
https://m.global.jdsports.com/product/beige-adidas-originals-waffle-t-shirt/797461/,adidas Originals Waffle T-Shirt,3000,5600,46.4,2500,0,-500,D,False,False,False
https://m.global.jdsports.com/product/green-adidas-originals-waffle-t-shirt/797462/,adidas Originals Waffle T-Shirt,3000,5600,46.4,2500,0,-500,D,False,False,False
https://m.global.jdsports.com/product/black-adidas-originals-waffle-t-shirt/797463/,adidas Originals Waffle T-Shirt,3000,5600,46.4,2500,0,-500,D,False,False,False
https://m.global.jdsports.com/product/black-new-balance-fast-days-shorts/798178/,New Balance Fast Days Shorts,3000,7000,57.1,3000,0,0,D,False,False,False
https://m.global.jdsports.com/product/blue-new-balance-essential-all-over-print-t-shirt/798181/,New Balance Essential All Over Print T-Shirt,3000,6400,53.1,2500,0,-500,D,False,False,False
https://m.global.jdsports.com/product/grey-nike-chilli-t-shirt/798637/,Nike Chilli T-Shirt,3000,6000,50.0,2500,0,-500,D,False,False,False
https://m.global.jdsports.com/product/green-nike-palm-t-shirt/798639/,Nike Palm T-Shirt,3000,6000,50.0,2500,0,-500,D,False,False,False
https://m.global.jdsports.com/product/brown-nike-waffle-t-shirt/798640/,Nike Waffle T-Shirt,3000,6000,50.0,2500,0,-500,D,False,False,False
https://m.global.jdsports.com/product/brown-nike-waffle-t-shirt/798641/,Nike Waffle T-Shirt,3000,6000,50.0,2500,0,-500,D,False,False,False
https://m.global.jdsports.com/product/white-nike-street-t-shirt/798642/,Nike Street T-Shirt,3000,6000,50.0,2500,0,-500,D,False,False,False
https://m.global.jdsports.com/product/blue-nike-world-tour-t-shirt/798647/,Nike World Tour T-Shirt,3000,6600,54.5,1200,0,-1800,D,False,False,False
https://m.global.jdsports.com/product/blue-nike-world-tour-shorts/798648/,Nike World Tour Shorts,3000,7600,60.5,2500,0,-500,D,False,False,False
https://m.global.jdsports.com/product/black-nike-festival-20-shorts/798653/,Nike Festival 2.0 Shorts,3000,8000,62.5,2000,0,-1000,D,False,False,False
https://m.global.jdsports.com/product/blue-nike-festival-20-shorts/798656/,Nike Festival 2.0 Shorts,3000,8000,62.5,2000,0,-1000,D,False,False,False
https://m.global.jdsports.com/product/grey-nike-festival-20-shorts/798659/,Nike Festival 2.0 Shorts,3000,8000,62.5,2000,0,-1000,D,False,False,False
https://m.global.jdsports.com/product/blue-under-armour-ua-armourvent-20-cap/798853/,Under Armour UA ArmourVent 2.0 Cap,3000,5400,44.4,2500,0,-500,D,False,False,False
https://m.global.jdsports.com/product/blue-under-armour-storm-cap/798856/,Under Armour Storm Cap,3000,5400,44.4,2500,0,-500,D,False,False,False
https://m.global.jdsports.com/product/beige-under-armour-heatgear-camo-shorts/799012/,Under Armour HeatGear Camo Shorts,3000,6400,53.1,3500,0,500,D,False,False,False
https://m.global.jdsports.com/product/black-new-era-mlb-new-york-mets-graphic-t-shirt/799600/,New Era MLB New York Mets Graphic T-Shirt,3000,5000,40.0,1500,0,-1500,D,False,False,False
https://m.global.jdsports.com/product/white-new-era-new-york-yankees-graphic-t-shirt/799601/,New Era New York Yankees Graphic T-Shirt,3000,5000,40.0,2500,0,-500,D,False,False,False
https://m.global.jdsports.com/product/blue-adidas-originals-cali-t-shirt/800643/,adidas Originals Cali T-Shirt,3000,5000,40.0,2500,0,-500,D,False,False,False
https://m.global.jdsports.com/product/white-adidas-originals-cali-t-shirt/800644/,adidas Originals Cali T-Shirt,3000,5000,40.0,2500,0,-500,D,False,False,False
https://m.global.jdsports.com/product/grey-adidas-originals-adicolor-classics-3-stripes-t-shirt/778111/,adidas Originals Adicolor Classics 3-stripes T-shirt,3000,5000,40.0,2500,0,-500,D,False,False,False
https://m.global.jdsports.com/product/blue-adidas-tiro-26-essentials-shirt/800645/,adidas Tiro 26 Essentials Shirt,3000,4000,25.0,2800,0,-200,D,False,False,False
https://m.global.jdsports.com/product/brown-adidas-originals-cali-t-shirt/801621/,adidas Originals Cali T-Shirt,3000,5600,46.4,2500,0,-500,D,False,False,False
https://m.global.jdsports.com/product/green-under-armour-tech-reflective-t-shirt-junior/801636/,Under Armour Tech Reflective T-Shirt Junior,3000,4400,31.8,1500,0,-1500,D,False,False,False
https://m.global.jdsports.com/product/brown-new-balance-runner-t-shirt/803000/,New Balance Runner T-Shirt,3000,6400,53.1,1200,0,-1800,D,False,False,False
https://m.global.jdsports.com/product/grey-new-balance-run-club-joggers/794978/,New Balance Run Club Joggers,3000,10000,70.0,2500,0,-500,D,False,False,False
https://m.global.jdsports.com/product/white-new-era-mlb-la-dodgers-9forty-bambi-cap/804937/,New Era MLB LA Dodgers 9FORTY Bambi Cap,3000,5600,46.4,2800,0,-200,D,False,False,False
https://m.global.jdsports.com/product/white-new-era-mlb-new-york-yankees-9forty-cow-cap/804940/,New Era MLB New York Yankees 9FORTY Cow Cap,3000,5600,46.4,2800,0,-200,D,False,False,False
https://m.global.jdsports.com/product/blue-nike-treat-t-shirt/807784/,Nike Treat T-Shirt,3000,6600,54.5,2500,0,-500,D,False,False,False
https://m.global.jdsports.com/product/pink-nike-treat-t-shirt/807785/,Nike Treat T-Shirt,3000,6600,54.5,2500,0,-500,D,False,False,False
https://m.global.jdsports.com/product/pink-adidas-world-cup-26-trionda-club-football/812197/,adidas World Cup 26 Trionda Club Football,3000,4600,34.8,0,0,0,?,False,False,False
https://m.global.jdsports.com/product/green-adidas-world-cup-26-trionda-club-football/812200/,adidas World Cup 26 Trionda Club Football,3000,4600,34.8,0,0,0,?,False,False,False
https://m.global.jdsports.com/product/orange-the-north-face-performance-t-shirt/776521/,The North Face Performance T-Shirt,3000,8000,62.5,1500,0,-1500,D,False,False,False
https://m.global.jdsports.com/product/white-adidas-aston-villa-fc-pre-match-shirt/757283/,adidas Aston Villa FC Pre Match Shirt,3000,12000,75.0,3500,0,500,S,False,False,True
https://m.global.jdsports.com/product/blue-adidas-originals-real-madrid-third-bucket-hat/764349/,adidas Originals Real Madrid Third Bucket Hat,3000,4600,34.8,2500,0,-500,D,False,False,False
https://m.global.jdsports.com/product/green-nike-air-max-t-shirt/773879/,Nike Air Max T-Shirt,3000,7000,57.1,1800,0,-1200,D,False,False,False
https://m.global.jdsports.com/product/white-adidas-manchester-united-fc-202526-away-shirt/757443/,adidas Manchester United FC 2025/26 Away Shirt,3000,17000,82.4,3500,4349,500,S,True,False,True
https://m.global.jdsports.com/product/grey-adidas-algeria-tech-full-zip-windbreaker/776191/,adidas Algeria Tech Full Zip Windbreaker,3000,16000,81.2,4500,2384,1500,S,True,False,True
https://m.global.jdsports.com/product/blue-adidas-newcastle-united-fc-training-hoodie/777198/,adidas Newcastle United FC Training Hoodie,3000,11000,72.7,3500,0,500,D,True,False,False
https://m.global.jdsports.com/product/green-nike-tottenham-hotspur-graphic-t-shirt/780132/,Nike Tottenham Hotspur Graphic T-Shirt,3000,12000,75.0,2500,1257,-500,S,True,False,True
https://m.global.jdsports.com/product/black-adidas-originals-manchester-united-fc-og-shorts/784247/,adidas Originals Manchester United FC OG Shorts,3000,10000,70.0,3500,0,500,D,True,False,False
https://m.global.jdsports.com/product/purple-adidas-manchester-united-fc-training-top/777144/,adidas Manchester United FC Training Top,3000,13000,76.9,3500,0,500,S,True,False,True
https://m.global.jdsports.com/product/white-jordan-2-pack-flight-tank-tops/718437/,Jordan 2 Pack Flight Tank Tops,3600,5600,35.7,24000,0,20400,S,False,False,True
https://m.global.jdsports.com/product/black-jordan-2-pack-flight-tank-top/728254/,Jordan 2-Pack Flight Tank Top,3600,5600,35.7,2500,0,-1100,D,False,False,False
https://m.global.jdsports.com/product/purple-adidas-uefa-champions-league-202526-final-football/780228/,adidas UEFA Champions League 2025/26 Final Football,3600,5000,28.0,0,0,0,?,False,False,False
https://m.global.jdsports.com/product/green-nike-academy-erling-haaland-football/789879/,Nike Academy Erling Haaland Football,3600,5600,35.7,0,0,0,?,False,False,False
https://m.global.jdsports.com/product/black-adidas-originals-waffle-t-shirt/784717/,adidas Originals Waffle T-Shirt,3600,5600,35.7,2500,0,-1100,D,False,False,False
https://m.global.jdsports.com/product/purple-nike-nba-la-lakers-swingman-shorts/592477/,Nike NBA LA Lakers Swingman Shorts,4000,13000,69.2,3500,0,-500,D,False,False,False
https://m.global.jdsports.com/product/black-nike-sphere-gloves/603187/,Nike Sphere Gloves,4000,6000,33.3,0,0,0,?,False,False,False
https://m.global.jdsports.com/product/blue-boss-core-t-shirt/695604/,BOSS Core T-Shirt,4000,9000,55.6,2500,0,-1500,D,False,False,False
https://m.global.jdsports.com/product/black-adidas-originals-trefoil-essential-joggers/719771/,adidas Originals Trefoil Essential Joggers,4000,9000,55.6,3500,0,-500,D,False,False,False
https://m.global.jdsports.com/product/grey-nike-am95-swim-shorts/735105/,Nike AM95 Swim Shorts,4000,9000,55.6,0,0,0,?,False,False,False
https://m.global.jdsports.com/product/black-nike-graphic-swim-shorts/756821/,Nike Graphic Swim Shorts,4000,5600,28.6,3500,0,-500,D,False,False,False
https://m.global.jdsports.com/product/black-under-armour-heatgear-compression-shorts/761689/,Under Armour HeatGear Compression Shorts,4000,6400,37.5,1500,0,-2500,D,False,False,False
https://m.global.jdsports.com/product/blue-adidas-leeds-united-fc-training-shirt/763336/,adidas Leeds United FC Training Shirt,4000,9000,55.6,2500,0,-1500,D,False,False,False
https://m.global.jdsports.com/product/green-lacoste-core-t-shirt/764777/,Lacoste Core T-Shirt,4000,9000,55.6,1500,0,-2500,D,False,False,False
https://m.global.jdsports.com/product/blue-nike-paris-saint-germain-apex-bucket-hat/765335/,Nike Paris Saint Germain Apex Bucket Hat,4000,6400,37.5,3500,0,-500,D,False,False,False
https://m.global.jdsports.com/product/brown-puma-core-sportswear-hoodie/767144/,PUMA Core Sportswear Hoodie,4000,10000,60.0,3500,0,-500,D,False,False,False
https://m.global.jdsports.com/product/brown-puma-core-sportswear-joggers/767145/,PUMA Core Sportswear Joggers,4000,9000,55.6,2800,0,-1200,D,False,False,False
https://m.global.jdsports.com/product/blue-adidas-essential-crew-sweatshirt/771758/,adidas Essential Crew Sweatshirt,4000,7600,47.4,3500,0,-500,D,False,False,False
https://m.global.jdsports.com/product/black-under-armour-essential-ripstop-bag-20/772356/,Under Armour Essential Ripstop Bag 2.0,4000,5400,25.9,3500,0,-500,D,False,False,False
https://m.global.jdsports.com/product/grey-fila-fiorenzo/773598/,Fila Fiorenzo,4000,10000,60.0,3500,0,-500,D,False,False,False
https://m.global.jdsports.com/product/brown-fila-fiorenzo/773599/,Fila Fiorenzo,4000,10000,60.0,3500,0,-500,D,False,False,False
https://m.global.jdsports.com/product/grey-nike-academy-track-pants/773916/,Nike Academy Track Pants,4000,8000,50.0,3500,0,-500,D,False,False,False
https://m.global.jdsports.com/product/black-adidas-originals-nylon-trefoil-tote-bag/776023/,adidas Originals Nylon Trefoil Tote Bag,4000,6000,33.3,3500,0,-500,D,False,False,False
https://m.global.jdsports.com/product/green-adidas-algeria-training-shirt/776219/,adidas Algeria Training Shirt,4000,9000,55.6,2500,0,-1500,D,False,False,False
https://m.global.jdsports.com/product/brown-the-north-face-trishul-cargo-shorts/776522/,The North Face Trishul Cargo Shorts,4000,11000,63.6,3500,0,-500,D,False,False,False
https://m.global.jdsports.com/product/blue-berghaus-stanope-shorts/778035/,Berghaus Stanope Shorts,4000,9000,55.6,0,0,0,?,False,False,False
https://m.global.jdsports.com/product/blue-berghaus-explorer-tech-t-shirt/778041/,Berghaus Explorer Tech T-Shirt,4000,8000,50.0,2800,0,-1200,D,False,False,False
https://m.global.jdsports.com/product/blue-berghaus-motion-shorts/778042/,Berghaus Motion Shorts,4000,9000,55.6,3500,0,-500,D,False,False,False
https://m.global.jdsports.com/product/green-berghaus-explorer-tech-t-shirt/778048/,Berghaus Explorer Tech T-Shirt,4000,7600,47.4,2800,0,-1200,D,False,False,False
https://m.global.jdsports.com/product/grey-berghaus-motion-shorts/778062/,Berghaus Motion Shorts,4000,9000,55.6,3500,0,-500,D,False,False,False
https://m.global.jdsports.com/product/green-adidas-originals-archive-collar-jersey/778114/,adidas Originals Archive Collar Jersey,4000,9000,55.6,3500,0,-500,D,False,False,False
https://m.global.jdsports.com/product/yellow-adidas-originals-adicolor-classics-3-stripes-t-shirt/778166/,adidas Originals Adicolor Classics 3-stripes T-shirt,4000,5600,28.6,2500,0,-1500,D,False,False,False
https://m.global.jdsports.com/product/black-puma-new-zealand-2026-home-shirt/778280/,PUMA New Zealand 2026 Home Shirt,4000,17000,76.5,0,0,0,?,False,False,True
https://m.global.jdsports.com/product/white-puma-switzerland-2026-away-shirt/778283/,PUMA Switzerland 2026 Away Shirt,4000,17000,76.5,0,0,0,?,False,False,True
https://m.global.jdsports.com/product/white-nike-mlb-new-york-yankees-club-t-shirt/778690/,Nike MLB New York Yankees Club T-Shirt,4000,6000,33.3,2800,0,-1200,D,False,False,False
https://m.global.jdsports.com/product/grey-nike-mlb-boston-red-sox-club-t-shirt/778691/,Nike MLB Boston Red Sox Club T-Shirt,4000,6000,33.3,2500,0,-1500,D,False,False,False
https://m.global.jdsports.com/product/grey-nike-mlb-new-york-yankees-club-t-shirt/778692/,Nike MLB New York Yankees Club T-Shirt,4000,6000,33.3,2800,0,-1200,D,False,False,False
https://m.global.jdsports.com/product/blue-boss-chest-tape-t-shirt/779247/,BOSS Chest Tape T-Shirt,4000,13000,69.2,3500,0,-500,D,False,False,False
https://m.global.jdsports.com/product/beige-boss-chest-tape-t-shirt/779248/,BOSS Chest Tape T-Shirt,4000,13000,69.2,3500,0,-500,D,False,False,False
https://m.global.jdsports.com/product/black-boss-logo-t-shirt/779249/,BOSS Logo T-Shirt,4000,12000,66.7,2500,0,-1500,D,False,False,False
https://m.global.jdsports.com/product/grey-boss-large-logo-t-shirt/779250/,BOSS Large Logo T-Shirt,4000,13000,69.2,2500,0,-1500,D,False,False,False
https://m.global.jdsports.com/product/blue-boss-chest-tape-t-shirt/779253/,BOSS Chest Tape T-Shirt,4000,11800,66.1,3500,0,-500,D,False,False,False
https://m.global.jdsports.com/product/white-boss-chest-tape-t-shirt/779255/,BOSS Chest Tape T-Shirt,4000,11800,66.1,3500,0,-500,D,False,False,False
https://m.global.jdsports.com/product/green-boss-large-logo-t-shirt/779261/,BOSS Large Logo T-Shirt,4000,13000,69.2,2500,0,-1500,D,False,False,False
https://m.global.jdsports.com/product/black-jordan-air-pocket-t-shirt/779388/,Jordan Air Pocket T-Shirt,4000,6600,39.4,1200,0,-2800,D,False,False,False
https://m.global.jdsports.com/product/black-jordan-globe-t-shirt/779391/,Jordan Globe T-Shirt,4000,7600,47.4,1500,0,-2500,D,False,False,False
https://m.global.jdsports.com/product/blue-under-armour-ua-armourvent-cap/779466/,Under Armour UA ArmourVent Cap,4000,5400,25.9,2800,0,-1200,D,False,False,False
https://m.global.jdsports.com/product/black-nike-air-max-tape-t-shirt/779986/,Nike Air Max Tape T-Shirt,4000,7600,47.4,2500,0,-1500,D,False,False,False
https://m.global.jdsports.com/product/brown-nike-foundation-joggers/780016/,Nike Foundation Joggers,4000,10000,60.0,2500,0,-1500,D,False,False,False
https://m.global.jdsports.com/product/grey-nike-academy-14-zip-top/780076/,Nike Academy 1/4 Zip Top,4000,8000,50.0,2500,0,-1500,D,False,False,False
https://m.global.jdsports.com/product/black-nike-challenger-2-in-1-shorts/780116/,Nike Challenger 2-In-1 Shorts,4000,8000,50.0,4500,0,500,D,False,False,False
https://m.global.jdsports.com/product/black-jordan-brazil-2026-away-shorts/780127/,Jordan Brazil 2026 Away Shorts,4000,10000,60.0,24000,0,20000,S,False,False,True
https://m.global.jdsports.com/product/black-under-armour-2-pack-ribbed-tank-top/780736/,Under Armour 2-Pack Ribbed Tank Top,4000,6400,37.5,2000,0,-2000,D,False,False,False
https://m.global.jdsports.com/product/blue-lacoste-reflective-piping-colour-block-t-shirt/781112/,Lacoste Reflective Piping Colour Block T-Shirt,4000,10000,60.0,1500,0,-2500,D,False,False,False
https://m.global.jdsports.com/product/grey-fila-trexler-5/781318/,Fila Trexler 5,4000,9000,55.6,3500,0,-500,D,False,False,False
https://m.global.jdsports.com/product/white-fila-trexler-5/781320/,Fila Trexler 5,4000,9000,55.6,3500,0,-500,D,False,False,False
https://m.global.jdsports.com/product/green-the-north-face-performance-t-shirt/781442/,The North Face Performance T-Shirt,4000,8000,50.0,1500,0,-2500,D,False,False,False
https://m.global.jdsports.com/product/grey-the-north-face-graphic-reaxion-shorts/781463/,The North Face Graphic Reaxion Shorts,4000,9000,55.6,3000,0,-1000,D,False,False,False
https://m.global.jdsports.com/product/green-under-armour-tech-utility-t-shirt/781705/,Under Armour Tech Utility T-Shirt,4000,8000,50.0,1200,0,-2800,D,False,False,False
https://m.global.jdsports.com/product/black-under-armour-neolast-heatgear-t-shirt/781707/,Under Armour NEOLAST HeatGear T-Shirt,4000,8200,51.2,1500,0,-2500,D,False,False,False
https://m.global.jdsports.com/product/black-under-armour-neolast-heatgear-long-sleeve-top/781709/,Under Armour NEOLAST HeatGear Long Sleeve Top,4000,10000,60.0,2500,0,-1500,D,False,False,False
https://m.global.jdsports.com/product/pink-under-armour-vanish-seamless-t-shirt/781713/,Under Armour Vanish Seamless T-Shirt,4000,8200,51.2,2500,0,-1500,D,False,False,False
https://m.global.jdsports.com/product/grey-new-balance-essential-all-over-print-t-shirt/781885/,New Balance Essential All Over Print T-Shirt,4000,6400,37.5,2500,0,-1500,D,False,False,False
https://m.global.jdsports.com/product/white-new-balance-neon-large-logo-t-shirt/781898/,New Balance Neon Large Logo T-Shirt,4000,7000,42.9,2500,0,-1500,D,False,False,False
https://m.global.jdsports.com/product/black-berghaus-edgetech-cap/782377/,Berghaus Edgetech Cap,4000,6400,37.5,0,0,0,?,False,False,False
https://m.global.jdsports.com/product/white-adidas-mercedes-amg-petronas-f1-dna-graphic-t-shirt/782468/,adidas Mercedes Amg Petronas F1 Dna Graphic T-shirt,4000,7000,42.9,2800,0,-1200,D,False,False,False
https://m.global.jdsports.com/product/black-vans-advanced-intelligence-long-sleeve-t-shirt/784025/,Vans Advanced Intelligence Long Sleeve T-Shirt,4000,8000,50.0,2500,0,-1500,D,False,False,False
https://m.global.jdsports.com/product/blue-adidas-originals-real-madrid-og-shorts/784253/,adidas Originals Real Madrid OG Shorts,4000,10000,60.0,3500,0,-500,D,False,False,False
https://m.global.jdsports.com/product/blue-adidas-originals-overhead-retro-windbreaker/784707/,adidas Originals Overhead Retro Windbreaker,4000,17000,76.5,4500,0,500,S,False,False,True
https://m.global.jdsports.com/product/blue-adidas-originals-argentina-og-t-shirt/785072/,adidas Originals Argentina OG T-Shirt,4000,8000,50.0,3500,0,-500,D,False,False,False
https://m.global.jdsports.com/product/black-adidas-manchester-united-fc-1990-92-away-sweatshirt/785200/,adidas Manchester United FC 1990-92 Away Sweatshirt,4000,8000,50.0,8500,0,4500,D,False,False,False
https://m.global.jdsports.com/product/grey-champion-sop-hoodie/786130/,Champion Sop Hoodie,4000,12000,66.7,0,0,0,?,False,False,False
https://m.global.jdsports.com/product/grey-champion-12-zip-sweatshirt/786131/,Champion 1/2 Zip Sweatshirt,4000,12000,66.7,3500,0,-500,D,False,False,False
https://m.global.jdsports.com/product/blue-adidas-originals-adicolor-classics-3-stripes-t-shirt/787376/,adidas Originals Adicolor Classics 3-stripes T-shirt,4000,5600,28.6,2500,0,-1500,D,False,False,False
https://m.global.jdsports.com/product/black-adidas-colour-block-hoodie/787531/,adidas Colour Block Hoodie,4000,9000,55.6,3500,0,-500,D,False,False,False
https://m.global.jdsports.com/product/black-adidas-colour-block-hoodie/787533/,adidas Colour Block Hoodie,4000,9000,55.6,3500,0,-500,D,False,False,False
https://m.global.jdsports.com/product/white-nike-street-t-shirt/788878/,Nike Street T-Shirt,4000,6000,33.3,2500,0,-1500,D,False,False,False
https://m.global.jdsports.com/product/black-nike-street-fleece-shorts/788879/,Nike Street Fleece Shorts,4000,9000,55.6,3500,0,-500,D,False,False,False
https://m.global.jdsports.com/product/red-nike-festival-miler-t-shirt/788900/,Nike Festival Miler T-Shirt,4000,8000,50.0,2500,0,-1500,D,False,False,False
https://m.global.jdsports.com/product/orange-under-armour-tech-utility-t-shirt/789266/,Under Armour Tech Utility T-Shirt,4000,8000,50.0,1200,0,-2800,D,False,False,False
https://m.global.jdsports.com/product/green-under-armour-launch-shorts/789269/,Under Armour Launch Shorts,4000,7200,44.4,2500,0,-1500,D,False,False,False
https://m.global.jdsports.com/product/white-nike-poland-2026-home-shirt/789366/,Nike Poland 2026 Home Shirt,4000,18000,77.8,3500,0,-500,S,False,False,True
https://m.global.jdsports.com/product/blue-nike-france-2026-strike-shorts/789688/,Nike France 2026 Strike Shorts,4000,8600,53.5,3500,0,-500,D,False,False,False
https://m.global.jdsports.com/product/black-adidas-teamgeist-t-shirt/790144/,adidas Teamgeist T-Shirt,4000,5600,28.6,2500,0,-1500,D,False,False,False
https://m.global.jdsports.com/product/brown-jordan-jumpman-swoosh-t-shirt/790268/,Jordan Jumpman Swoosh T-Shirt,4000,5600,28.6,2500,0,-1500,D,False,False,False
https://m.global.jdsports.com/product/black-jordan-basketball-vest/790270/,Jordan Basketball Vest,4000,9000,55.6,4500,0,500,D,False,False,False
https://m.global.jdsports.com/product/blue-jordan-jumpman-swoosh-t-shirt/790281/,Jordan Jumpman Swoosh T-Shirt,4000,5600,28.6,2500,0,-1500,D,False,False,False
https://m.global.jdsports.com/product/black-jordan-23-star-t-shirt/790283/,Jordan 23 Star T-Shirt,4000,7600,47.4,2500,0,-1500,D,False,False,False
https://m.global.jdsports.com/product/blue-jordan-23-star-t-shirt/790284/,Jordan 23 Star T-Shirt,4000,7600,47.4,2500,0,-1500,D,False,False,False
https://m.global.jdsports.com/product/black-nike-tech-mix-t-shirt/791115/,Nike Tech Mix T-Shirt,4000,7000,42.9,2000,0,-2000,D,False,False,False
https://m.global.jdsports.com/product/blue-nike-tech-mix-t-shirt/791117/,Nike Tech Mix T-Shirt,4000,7000,42.9,2000,0,-2000,D,False,False,False
https://m.global.jdsports.com/product/black-nike-tech-woven-camo-shorts/791128/,Nike Tech Woven Camo Shorts,4000,15000,73.3,3500,0,-500,D,False,False,False
https://m.global.jdsports.com/product/white-nike-sounds-t-shirt/791142/,Nike Sounds T-Shirt,4000,6600,39.4,2800,0,-1200,D,False,False,False
https://m.global.jdsports.com/product/brown-nike-washed-shorts/791155/,Nike Washed Shorts,4000,9000,55.6,2500,0,-1500,D,False,False,False
https://m.global.jdsports.com/product/blue-nike-washed-t-shirt/791157/,Nike Washed T-Shirt,4000,8000,50.0,2500,0,-1500,D,False,False,False
https://m.global.jdsports.com/product/blue-nike-washed-shorts/791158/,Nike Washed Shorts,4000,9000,55.6,2500,0,-1500,D,False,False,False
https://m.global.jdsports.com/product/white-nike-academy-t-shirt/791171/,Nike Academy T-Shirt,4000,5000,20.0,1500,0,-2500,D,False,False,False
https://m.global.jdsports.com/product/blue-nike-academy-t-shirt/791173/,Nike Academy T-Shirt,4000,5000,20.0,1500,0,-2500,D,False,False,False
https://m.global.jdsports.com/product/pink-nike-miler-t-shirt/791177/,Nike Miler T-Shirt,4000,7000,42.9,1200,0,-2800,D,False,False,False
https://m.global.jdsports.com/product/pink-nike-challenger-7-shorts/791182/,"Nike Challenger 7"" Shorts",4000,7600,47.4,2500,0,-1500,D,False,False,False
https://m.global.jdsports.com/product/green-nike-air-max-graphic-t-shirt/791213/,Nike Air Max Graphic T-Shirt,4000,6600,39.4,1500,0,-2500,D,False,False,False
https://m.global.jdsports.com/product/green-nike-air-max-fleece-shorts/791214/,Nike Air Max Fleece Shorts,4000,11000,63.6,3500,0,-500,D,False,False,False
https://m.global.jdsports.com/product/white-nike-pro-compression-vest/791217/,Nike Pro Compression Vest,4000,6600,39.4,3500,0,-500,D,False,False,False
https://m.global.jdsports.com/product/white-nike-golf-polo-shirt/791231/,Nike Golf Polo Shirt,4000,8000,50.0,2500,0,-1500,D,False,False,False
https://m.global.jdsports.com/product/pink-nike-stride-t-shirt/791442/,Nike Stride T-Shirt,4000,8000,50.0,2500,0,-1500,D,False,False,False
https://m.global.jdsports.com/product/orange-nike-miler-shorts/791446/,Nike Miler Shorts,4000,7000,42.9,3500,0,-500,D,False,False,False
https://m.global.jdsports.com/product/white-nike-smile-graphic-t-shirt/791906/,Nike Smile Graphic T-Shirt,4000,7000,42.9,1500,0,-2500,D,False,False,False
https://m.global.jdsports.com/product/black-nike-smile-t-shirt/791907/,Nike Smile T-Shirt,4000,7000,42.9,1500,0,-2500,D,False,False,False
https://m.global.jdsports.com/product/pink-adidas-originals-all-over-print-football-jersey/792185/,adidas Originals All Over Print Football Jersey,4000,12000,66.7,2500,0,-1500,D,False,False,False
https://m.global.jdsports.com/product/blue-adidas-originals-all-over-print-football-jersey/792187/,adidas Originals All Over Print Football Jersey,4000,12000,66.7,2500,0,-1500,D,False,False,False
https://m.global.jdsports.com/product/blue-adidas-originals-stripe-t-shirt/792191/,adidas Originals Stripe T-Shirt,4000,7000,42.9,1500,0,-2500,D,False,False,False
https://m.global.jdsports.com/product/grey-the-north-face-notes-relax-t-shirt/793081/,The North Face Notes Relax T-Shirt,4000,8000,50.0,2000,0,-2000,D,False,False,False
https://m.global.jdsports.com/product/white-adidas-fc-bayern-munich-dna-t-shirt/794562/,adidas FC Bayern Munich DNA T-Shirt,4000,5600,28.6,2800,0,-1200,D,False,False,False
https://m.global.jdsports.com/product/black-adidas-liverpool-fc-dna-t-shirt/794578/,adidas Liverpool FC DNA T-Shirt,4000,5600,28.6,2500,0,-1500,D,False,False,False
https://m.global.jdsports.com/product/red-adidas-manchester-united-fc-dna-t-shirt/794910/,adidas Manchester United FC DNA T-Shirt,4000,5600,28.6,2500,0,-1500,D,False,False,False
https://m.global.jdsports.com/product/black-adidas-manchester-united-fc-dna-t-shirt/794911/,adidas Manchester United FC DNA T-Shirt,4000,5600,28.6,2500,0,-1500,D,False,False,False
https://m.global.jdsports.com/product/white-adidas-real-madrid-dna-t-shirt/794934/,adidas Real Madrid DNA T-Shirt,4000,5600,28.6,2800,0,-1200,D,False,False,False
https://m.global.jdsports.com/product/blue-adidas-real-madrid-dna-t-shirt/794935/,adidas Real Madrid DNA T-Shirt,4000,5600,28.6,2800,0,-1200,D,False,False,False
https://m.global.jdsports.com/product/red-adidas-as-roma-dna-t-shirt/794944/,adidas AS Roma DNA T-Shirt,4000,5600,28.6,2800,0,-1200,D,False,False,False
https://m.global.jdsports.com/product/green-new-era-nfl-green-bay-packers-jersey/795700/,New Era NFL Green Bay Packers Jersey,4000,10400,61.5,2500,0,-1500,D,False,False,False
https://m.global.jdsports.com/product/green-adidas-celtic-fc-stadium-t-shirt/795786/,adidas Celtic FC Stadium T-Shirt,4000,5000,20.0,1500,0,-2500,D,False,False,False
https://m.global.jdsports.com/product/black-new-era-mlb-new-york-yankees-9forty-cap/795929/,New Era MLB New York Yankees 9FORTY Cap,4000,5600,28.6,2500,0,-1500,D,False,False,False
https://m.global.jdsports.com/product/blue-new-era-mlb-la-dodgers-patch-9forty-trucker-cap/795938/,New Era MLB LA Dodgers Patch 9FORTY Trucker Cap,4000,5600,28.6,2500,0,-1500,D,False,False,False
https://m.global.jdsports.com/product/blue-new-era-denim-a-frame-9forty-trucker-cap/795940/,New Era Denim A-Frame 9FORTY Trucker Cap,4000,6000,33.3,3500,0,-500,D,False,False,False
https://m.global.jdsports.com/product/orange-asics-fujitrail-t-shirt/796770/,ASICS FUJITRAIL T-Shirt,4000,7000,42.9,3500,0,-500,D,False,False,False
https://m.global.jdsports.com/product/blue-the-north-face-performance-t-shirt/797349/,The North Face Performance T-Shirt,4000,8000,50.0,1500,0,-2500,D,False,False,False
https://m.global.jdsports.com/product/green-the-north-face-performance-embossed-t-shirt/797353/,The North Face Performance Embossed T-Shirt,4000,7000,42.9,2500,0,-1500,D,False,False,False
https://m.global.jdsports.com/product/black-adidas-originals-cross-body-bag/797401/,adidas Originals Cross Body Bag,4000,6000,33.3,3500,0,-500,D,False,False,False
https://m.global.jdsports.com/product/beige-adidas-originals-waffle-shorts/797464/,adidas Originals Waffle Shorts,4000,8000,50.0,3500,0,-500,D,False,False,False
https://m.global.jdsports.com/product/green-adidas-originals-waffle-shorts/797465/,adidas Originals Waffle Shorts,4000,8000,50.0,3500,0,-500,D,False,False,False
https://m.global.jdsports.com/product/black-adidas-originals-waffle-shorts/797466/,adidas Originals Waffle Shorts,4000,8000,50.0,3500,0,-500,D,False,False,False
https://m.global.jdsports.com/product/blue-adidas-originals-waffle-shorts/797468/,adidas Originals Waffle Shorts,4000,8000,50.0,3500,0,-500,D,False,False,False
https://m.global.jdsports.com/product/black-new-balance-essential-all-over-print-t-shirt/798177/,New Balance Essential All Over Print T-Shirt,4000,6400,37.5,2500,0,-1500,D,False,False,False
https://m.global.jdsports.com/product/black-new-balance-trackside-woven-shorts/798183/,New Balance Trackside Woven Shorts,4000,10000,60.0,3500,0,-500,D,False,False,False
https://m.global.jdsports.com/product/cream-nike-street-fleece-shorts/798643/,Nike Street Fleece Shorts,4000,9000,55.6,3500,0,-500,D,False,False,False
https://m.global.jdsports.com/product/beige-nike-street-graphic-t-shirt/798644/,Nike Street Graphic T-Shirt,4000,8000,50.0,1500,0,-2500,D,False,False,False
https://m.global.jdsports.com/product/blue-nike-festival-20-t-shirt/798655/,Nike Festival 2.0 T-Shirt,4000,8000,50.0,2500,0,-1500,D,False,False,False
https://m.global.jdsports.com/product/grey-under-armour-tech-grid-shorts/798992/,Under Armour Tech Grid Shorts,4000,7000,42.9,2500,0,-1500,D,False,False,False
https://m.global.jdsports.com/product/blue-under-armour-fade-t-shirt/798993/,Under Armour Fade T-Shirt,4000,6400,37.5,1500,0,-2500,D,False,False,False
https://m.global.jdsports.com/product/black-adidas-originals-reflective-trefoil-messenger-bag/799484/,adidas Originals Reflective Trefoil Messenger Bag,4000,6000,33.3,4500,0,500,D,False,False,False
https://m.global.jdsports.com/product/black-new-era-nfl-la-raiders-jersey/799588/,New Era NFL LA Raiders Jersey,4000,7000,42.9,3500,0,-500,D,False,False,False
https://m.global.jdsports.com/product/white-new-era-nfl-dallas-cowboys-jersey/799591/,New Era NFL Dallas Cowboys Jersey,4000,7000,42.9,2500,0,-1500,D,False,False,False
https://m.global.jdsports.com/product/white-new-era-mlb-new-york-yankees-infill-camo-t-shirt/799599/,New Era MLB New York Yankees Infill Camo T-Shirt,4000,5200,23.1,2500,0,-1500,D,False,False,False
https://m.global.jdsports.com/product/blue-new-era-mlb-new-york-yankees-t-shirt/799608/,New Era MLB New York Yankees T-Shirt,4000,6600,39.4,2000,0,-2000,D,False,False,False
https://m.global.jdsports.com/product/white-jordan-swoosh-air-backpack/800536/,Jordan Swoosh Air Backpack,4000,7000,42.9,4500,0,500,D,False,False,False
https://m.global.jdsports.com/product/black-nike-club-knit-cap/800589/,Nike Club Knit Cap,4000,6600,39.4,1500,0,-2500,D,False,False,False
https://m.global.jdsports.com/product/green-adidas-originals-munich-93-t-shirt/800604/,adidas Originals Munich 93 T-Shirt,4000,6600,39.4,2500,0,-1500,D,False,False,False
https://m.global.jdsports.com/product/black-adidas-originals-munich-93-t-shirt/800610/,adidas Originals Munich 93 T-Shirt,4000,6600,39.4,2500,0,-1500,D,False,False,False
https://m.global.jdsports.com/product/white-adidas-originals-adicolor-oversized-football-jersey/800633/,adidas Originals Adicolor Oversized Football Jersey,4000,10000,60.0,4500,0,500,D,False,False,False
https://m.global.jdsports.com/product/green-adidas-originals-adicolor-oversized-football-jersey/800634/,adidas Originals Adicolor Oversized Football Jersey,4000,10000,60.0,4500,0,500,D,False,False,False
https://m.global.jdsports.com/product/grey-adidas-originals-adicolor-court-shorts/800635/,adidas Originals Adicolor Court Shorts,4000,10000,60.0,3500,0,-500,D,False,False,False
https://m.global.jdsports.com/product/black-adidas-originals-adicolor-court-shorts/800636/,adidas Originals Adicolor Court Shorts,4000,10000,60.0,3500,0,-500,D,False,False,False
https://m.global.jdsports.com/product/black-nike-miler-all-over-print-shorts/801121/,Nike Miler All Over Print Shorts,4000,8000,50.0,2800,0,-1200,D,False,False,False
https://m.global.jdsports.com/product/black-nike-miler-all-over-print-t-shirt/801122/,Nike Miler All Over Print T-Shirt,4000,7600,47.4,2500,0,-1500,D,False,False,False
https://m.global.jdsports.com/product/red-nike-miler-t-shirt/801124/,Nike Miler T-Shirt,4000,6600,39.4,1200,0,-2800,D,False,False,False
https://m.global.jdsports.com/product/red-nike-miler-shorts/801125/,Nike Miler Shorts,4000,7600,47.4,3500,0,-500,D,False,False,False
https://m.global.jdsports.com/product/brown-the-north-face-fine-box-logo-t-shirt/801756/,The North Face Fine Box Logo T-Shirt,4000,5600,28.6,0,0,0,?,False,False,False
https://m.global.jdsports.com/product/off-white-the-north-face-mountain-graphic-relaxed-t-shirt/801758/,The North Face Mountain Graphic Relaxed T-Shirt,4000,6000,33.3,2500,0,-1500,D,False,False,False
https://m.global.jdsports.com/product/blue-the-north-face-explore-graphic-t-shirt/802520/,The North Face Explore Graphic T-Shirt,4000,6000,33.3,2500,0,-1500,D,False,False,False
https://m.global.jdsports.com/product/blue-under-armour-tech-full-zip-hoodie/802911/,Under Armour Tech Full Zip Hoodie,4000,11000,63.6,3500,0,-500,D,False,False,False
https://m.global.jdsports.com/product/blue-under-armour-tech-track-pants/802912/,Under Armour Tech Track Pants,4000,8000,50.0,3500,0,-500,D,False,False,False
https://m.global.jdsports.com/product/brown-nike-varsity-t-shirt/807777/,Nike Varsity T-Shirt,4000,6600,39.4,2500,0,-1500,D,False,False,False
https://m.global.jdsports.com/product/brown-nike-varsity-shorts/807778/,Nike Varsity Shorts,4000,9000,55.6,2500,0,-1500,D,False,False,False
https://m.global.jdsports.com/product/red-nike-varsity-t-shirt/807782/,Nike Varsity T-Shirt,4000,6600,39.4,2500,0,-1500,D,False,False,False
https://m.global.jdsports.com/product/red-nike-varsity-shorts/807783/,Nike Varsity Shorts,4000,9000,55.6,2500,0,-1500,D,False,False,False
https://m.global.jdsports.com/product/black-nike-foundation-shorts/807786/,Nike Foundation Shorts,4000,9000,55.6,2500,0,-1500,D,False,False,False
https://m.global.jdsports.com/product/grey-the-north-face-fine-box-logo-t-shirt/808263/,The North Face Fine Box Logo T-Shirt,4000,5600,28.6,0,0,0,?,False,False,False
https://m.global.jdsports.com/product/black-adidas-originals-karate-t-shirt/810824/,adidas Originals Karate T-Shirt,4000,7000,42.9,3500,0,-500,D,False,False,False
https://m.global.jdsports.com/product/white-new-balance-oval-t-shirt/813633/,New Balance Oval T-Shirt,4000,6400,37.5,1500,0,-2500,D,False,False,False
https://m.global.jdsports.com/product/blue-nike-all-over-print-fade-swim-shorts/734441/,Nike All Over Print Fade Swim Shorts,4000,7200,44.4,2500,0,-1500,D,False,False,False
https://m.global.jdsports.com/product/yellow-new-balance-essential-run-t-shirt/781893/,New Balance Essential Run T-Shirt,4000,6400,37.5,2000,0,-2000,D,False,False,False
https://m.global.jdsports.com/product/blue-puma-manchester-city-fc-202526-long-sleeve-home-shirt/757046/,PUMA Manchester City FC 2025/26 Long Sleeve Home Shirt,4000,18000,77.8,3500,0,-500,S,False,False,True
https://m.global.jdsports.com/product/blue-puma-manchester-city-fc-202526-home-shirt/757047/,PUMA Manchester City FC 2025/26 Home Shirt,4000,17000,76.5,3500,0,-500,S,False,False,True
https://m.global.jdsports.com/product/black-adidas-manchester-united-fc-european-training-track-pants/757460/,adidas Manchester United FC European Training Track Pants,4000,11000,63.6,3500,0,-500,D,False,False,False
https://m.global.jdsports.com/product/black-nike-academy-track-pants/780077/,Nike Academy Track Pants,4000,8000,50.0,3500,0,-500,D,False,False,False
https://m.global.jdsports.com/product/black-adidas-liverpool-fc-training-track-pants/758584/,adidas Liverpool FC Training Track Pants,4000,11000,63.6,3500,0,-500,D,True,False,False
https://m.global.jdsports.com/product/black-adidas-liverpool-fc-presentation-track-pants/758587/,adidas Liverpool FC Presentation Track Pants,4000,11000,63.6,3500,0,-500,D,True,False,False
https://m.global.jdsports.com/product/white-adidas-northern-ireland-pre-match-shirt/769817/,adidas Northern Ireland Pre Match Shirt,4000,12000,66.7,3500,0,-500,D,True,False,False
https://m.global.jdsports.com/product/grey-lacoste-l003-evo-winterized/773735/,Lacoste L003 Evo Winterized,4000,21000,81.0,8500,0,4500,S,True,False,True
https://m.global.jdsports.com/product/white-nike-world-tour-t-shirt/788893/,Nike World Tour T-Shirt,4000,6600,39.4,1200,0,-2800,D,True,False,False
https://m.global.jdsports.com/product/blue-nike-england-2026-polo-shirt/789297/,Nike England 2026 Polo Shirt,4000,14000,71.4,3500,0,-500,D,True,False,False
https://m.global.jdsports.com/product/blue-jordan-brazil-diamond-shorts/790288/,Jordan Brazil Diamond Shorts,4000,10000,60.0,2500,0,-1500,D,True,False,False
https://m.global.jdsports.com/product/black-nike-acg-lungs-t-shirt/621554/,Nike ACG Lungs T-Shirt,5000,10000,50.0,3500,0,-1500,D,False,False,False
https://m.global.jdsports.com/product/black-nike-academy-winter-14-zip-top/680880/,Nike Academy Winter 1/4 Zip Top,5000,12000,58.3,3500,0,-1500,D,False,False,False
https://m.global.jdsports.com/product/black-jordan-3-pack-boxers/690713/,Jordan 3-Pack Boxers,5000,7200,30.6,30000,0,25000,S,False,False,True
https://m.global.jdsports.com/product/blue-jordan-3-pack-boxers/690717/,Jordan 3-Pack Boxers,5000,7200,30.6,30000,0,25000,S,False,False,True
https://m.global.jdsports.com/product/white-fila-camalfi/699953/,Fila Camalfi,5000,10000,50.0,4500,0,-500,D,False,False,False
https://m.global.jdsports.com/product/black-fila-camalfi/699955/,Fila Camalfi,5000,10000,50.0,4500,0,-500,D,False,False,False
https://m.global.jdsports.com/product/black-adidas-originals-trefoil-essential-crew-sweatshirt/719834/,adidas Originals Trefoil Essential Crew Sweatshirt,5000,9000,44.4,3500,0,-1500,D,False,False,False
https://m.global.jdsports.com/product/black-lacoste-core-swim-shorts/725807/,Lacoste Core Swim Shorts,5000,10000,50.0,3500,0,-1500,D,False,False,False
https://m.global.jdsports.com/product/grey-boss-badge-cargo-swim-shorts/749425/,BOSS Badge Cargo Swim Shorts,5000,13800,63.8,0,0,0,?,False,False,False
https://m.global.jdsports.com/product/pink-puma-palermo-fc-202526-home-shorts/757124/,PUMA Palermo FC 2025/26 Home Shorts,5000,8000,37.5,3500,0,-1500,D,False,False,False
https://m.global.jdsports.com/product/grey-adidas-olympique-lyon-presentation-track-pants/757536/,adidas Olympique Lyon Presentation Track Pants,5000,11000,54.5,3500,0,-1500,D,False,False,False
https://m.global.jdsports.com/product/white-adidas-originals-as-roma-icons-track-top/765619/,adidas Originals AS Roma Icons Track Top,5000,20000,75.0,3500,0,-1500,S,False,False,True
https://m.global.jdsports.com/product/black-puma-core-sportswear-joggers/767141/,PUMA Core Sportswear Joggers,5000,9000,44.4,2800,0,-2200,D,False,False,False
https://m.global.jdsports.com/product/blue-puma-core-sportswear-joggers/767143/,PUMA Core Sportswear Joggers,5000,9000,44.4,2800,0,-2200,D,False,False,False
https://m.global.jdsports.com/product/grey-puma-core-sportswear-joggers/767147/,PUMA Core Sportswear Joggers,5000,9000,44.4,2800,0,-2200,D,False,False,False
https://m.global.jdsports.com/product/white-fila-fiorenzo/773597/,Fila Fiorenzo,5000,10000,50.0,3500,0,-1500,D,False,False,False
https://m.global.jdsports.com/product/green-nike-foundation-crew-sweatshirt/773883/,Nike Foundation Crew Sweatshirt,5000,10000,50.0,3500,0,-1500,D,False,False,False
https://m.global.jdsports.com/product/blue-nike-academy-winter-warrior-track-pants/773913/,Nike Academy Winter Warrior Track Pants,5000,12000,58.3,3500,0,-1500,D,False,False,False
https://m.global.jdsports.com/product/white-adidas-italy-2026-training-shirt/776197/,adidas Italy 2026 Training Shirt,5000,9000,44.4,3500,0,-1500,D,False,False,False
https://m.global.jdsports.com/product/blue-adidas-northern-ireland-tiro-26-sweat-hoodie/777178/,adidas Northern Ireland Tiro 26 Sweat Hoodie,5000,13000,61.5,3500,0,-1500,D,False,False,False
https://m.global.jdsports.com/product/grey-puma-manchester-city-fc-2026-year-of-the-horse-shirt/778227/,PUMA Manchester City FC 2026 Year of the Horse Shirt,5000,17000,70.6,2500,0,-2500,D,False,False,False
https://m.global.jdsports.com/product/green-adidas-x-liverpool-fc-9596-away-shorts/778804/,adidas x Liverpool FC 95/96 Away Shorts,5000,8000,37.5,8000,0,3000,D,False,False,False
https://m.global.jdsports.com/product/grey-adidas-essential-crew-sweatshirt/778882/,adidas Essential Crew Sweatshirt,5000,7600,34.2,3500,0,-1500,D,False,False,False
https://m.global.jdsports.com/product/grey-adidas-essential-joggers/778883/,adidas Essential Joggers,5000,7000,28.6,3500,0,-1500,D,False,False,False
https://m.global.jdsports.com/product/blue-boss-ribbed-shorts/778929/,BOSS Ribbed Shorts,5000,11000,54.5,8000,0,3000,D,False,False,False
https://m.global.jdsports.com/product/green-asics-road-seamless-t-shirt/779010/,ASICS Road Seamless T-Shirt,5000,9800,49.0,2500,0,-2500,D,False,False,False
https://m.global.jdsports.com/product/black-jordan-star-t-shirt/779395/,Jordan Star T-Shirt,5000,7600,34.2,2500,0,-2500,D,False,False,False
https://m.global.jdsports.com/product/black-jordan-brazil-2026-strike-drill-top/779844/,Jordan Brazil 2026 Strike Drill Top,5000,13000,61.5,24000,0,19000,A,False,False,True
https://m.global.jdsports.com/product/black-jordan-brazil-2026-strike-track-pants/779846/,Jordan Brazil 2026 Strike Track Pants,5000,13000,61.5,24000,0,19000,A,False,False,True
https://m.global.jdsports.com/product/grey-jordan-paris-saint-germain-strike-shorts/779861/,Jordan Paris Saint Germain Strike Shorts,5000,8000,37.5,3500,0,-1500,D,False,False,False
https://m.global.jdsports.com/product/black-fila-cress/779912/,Fila Cress,5000,10000,50.0,4500,0,-500,D,False,False,False
https://m.global.jdsports.com/product/black-nike-air-max-tape-shorts/779987/,Nike Air Max Tape Shorts,5000,11000,54.5,3500,0,-1500,D,False,False,False
https://m.global.jdsports.com/product/green-nike-acg-running-t-shirt/780034/,Nike ACG Running T-Shirt,5000,11000,54.5,2500,0,-2500,D,False,False,False
https://m.global.jdsports.com/product/black-under-armour-3-pack-boxers/780731/,Under Armour 3-Pack Boxers,5000,6800,26.5,2000,0,-3000,D,False,False,False
https://m.global.jdsports.com/product/black-under-armour-3-pack-performance-tech-boxers/780732/,Under Armour 3-Pack Performance Tech Boxers,5000,6800,26.5,2500,0,-2500,D,False,False,False
https://m.global.jdsports.com/product/black-nike-3-pack-elite-boxers/780893/,Nike 3-Pack Elite Boxers,5000,8000,37.5,0,0,0,?,False,False,False
https://m.global.jdsports.com/product/blue-lacoste-core-t-shirt/781174/,Lacoste Core T-Shirt,5000,9000,44.4,1500,0,-3500,D,False,False,False
https://m.global.jdsports.com/product/blue-lacoste-colour-block-reflective-piping-shorts/781177/,Lacoste Colour Block Reflective Piping Shorts,5000,12000,58.3,3500,0,-1500,D,False,False,False
https://m.global.jdsports.com/product/grey-lacoste-croc-wrap-swim-shorts/781198/,Lacoste Croc Wrap Swim Shorts,5000,12000,58.3,4500,0,-500,D,False,False,False
https://m.global.jdsports.com/product/white-lacoste-france-t-shirt/781207/,Lacoste France T-Shirt,5000,14000,64.3,2500,0,-2500,D,False,False,False
https://m.global.jdsports.com/product/white-adidas-audi-f1-dna-graphic-t-shirt/782464/,adidas Audi F1 Dna Graphic T-shirt,5000,7000,28.6,3500,0,-1500,D,False,False,False
https://m.global.jdsports.com/product/black-ea7-t-shirt/782953/,EA7 T-Shirt,5000,11000,54.5,3500,0,-1500,D,False,False,False
https://m.global.jdsports.com/product/black-nike-swoosh-link-fade-swim-shorts/783072/,Nike Swoosh Link Fade Swim Shorts,5000,8400,40.5,0,0,0,?,False,False,False
https://m.global.jdsports.com/product/green-fred-perry-tape-t-shirt/783850/,Fred Perry Tape T-Shirt,5000,10000,50.0,2500,0,-2500,D,False,False,False
https://m.global.jdsports.com/product/black-vans-palm-drive-overhead-hoodie/784021/,Vans Palm Drive Overhead Hoodie,5000,13000,61.5,3500,0,-1500,D,False,False,False
https://m.global.jdsports.com/product/black-adidas-originals-fc-bayern-munich-polo-shirt/784234/,adidas Originals FC Bayern Munich Polo Shirt,5000,10000,50.0,3500,0,-1500,D,False,False,False
https://m.global.jdsports.com/product/white-adidas-originals-liverpool-fc-og-t-shirt/784241/,adidas Originals Liverpool FC OG T-Shirt,5000,8000,37.5,2800,0,-2200,D,False,False,False
https://m.global.jdsports.com/product/red-adidas-originals-colour-block-retro-windbreaker/784702/,adidas Originals Colour Block Retro Windbreaker,5000,16000,68.8,3500,0,-1500,D,False,False,False
https://m.global.jdsports.com/product/black-adidas-tiro-woven-full-zip-hooded-jacket/784728/,adidas Tiro Woven Full Zip Hooded Jacket,5000,9000,44.4,3500,0,-1500,D,False,False,False
https://m.global.jdsports.com/product/pink-boss-ribbed-t-shirt/784889/,BOSS Ribbed T-Shirt,5000,11000,54.5,3500,0,-1500,D,False,False,False
https://m.global.jdsports.com/product/pink-boss-ribbed-shorts/784890/,BOSS Ribbed Shorts,5000,11000,54.5,8000,0,3000,D,False,False,False
https://m.global.jdsports.com/product/blue-boss-waffle-shorts/784892/,BOSS Waffle Shorts,5000,9800,49.0,0,0,0,?,False,False,False
https://m.global.jdsports.com/product/black-adidas-originals-japan-og-t-shirt/785090/,adidas Originals Japan OG T-Shirt,5000,8000,37.5,3500,0,-1500,D,False,False,False
https://m.global.jdsports.com/product/black-puma-mclaren-racing-f1-logo-t-shirt/786419/,PUMA McLAREN RACING F1 Logo T-Shirt,5000,7000,28.6,3500,0,-1500,D,False,False,False
https://m.global.jdsports.com/product/grey-the-north-face-jester-crossbody-bag/786857/,The North Face Jester Crossbody Bag,5000,7400,32.4,3500,0,-1500,D,False,False,False
https://m.global.jdsports.com/product/blue-nike-academy-tracksuit/787310/,Nike Academy Tracksuit,5000,15000,66.7,3500,0,-1500,D,False,False,False
https://m.global.jdsports.com/product/blue-nike-england-2026-strike-shorts/789287/,Nike England 2026 Strike Shorts,5000,8600,41.9,3500,0,-1500,D,False,False,False
https://m.global.jdsports.com/product/black-adidas-celtic-fc-tiro-26-training-shorts/789487/,adidas Celtic FC Tiro 26 Training Shorts,5000,7600,34.2,3500,0,-1500,D,False,False,False
https://m.global.jdsports.com/product/black-nike-netherlands-2026-strike-shorts/789709/,Nike Netherlands 2026 Strike Shorts,5000,8600,41.9,2000,0,-3000,D,False,False,False
https://m.global.jdsports.com/product/black-nike-paris-saint-germain-strike-shorts/789725/,Nike Paris Saint Germain Strike Shorts,5000,8600,41.9,4500,0,-500,D,False,False,False
https://m.global.jdsports.com/product/white-nike-court-ringer-t-shirt/789826/,Nike Court Ringer T-Shirt,5000,9000,44.4,2500,0,-2500,D,False,False,False
https://m.global.jdsports.com/product/beige-nike-brasilia-backpack/789866/,Nike Brasilia Backpack,5000,8000,37.5,4500,0,-500,D,False,False,False
https://m.global.jdsports.com/product/black-adidas-originals-all-over-print-windbreaker-jacket/790111/,adidas Originals All Over Print Windbreaker Jacket,5000,17000,70.6,8500,0,3500,D,False,False,False
https://m.global.jdsports.com/product/green-adidas-originals-eqt-track-top/790124/,adidas Originals EQT Track Top,5000,13000,61.5,3500,0,-1500,D,False,False,False
https://m.global.jdsports.com/product/black-adidas-originals-eqt-track-top/790126/,adidas Originals EQT Track Top,5000,13000,61.5,3500,0,-1500,D,False,False,False
https://m.global.jdsports.com/product/white-adidas-originals-long-sleeve-cali-t-shirt/790139/,adidas Originals Long Sleeve Cali T-Shirt,5000,7000,28.6,2500,0,-2500,D,False,False,False
https://m.global.jdsports.com/product/blue-jordan-basketball-vest/790274/,Jordan Basketball Vest,5000,9000,44.4,4500,0,-500,D,False,False,False
https://m.global.jdsports.com/product/grey-nike-stride-shorts/791187/,Nike Stride Shorts,5000,9000,44.4,2500,0,-2500,D,False,False,False
https://m.global.jdsports.com/product/green-nike-stride-plus-shorts/791199/,Nike Stride Plus Shorts,5000,12000,58.3,2500,0,-2500,D,False,False,False
https://m.global.jdsports.com/product/black-nike-stride-plus-shorts/791201/,Nike Stride Plus Shorts,5000,12000,58.3,2500,0,-2500,D,False,False,False
https://m.global.jdsports.com/product/green-nike-distant-dreams-t-shirt/791203/,Nike Distant Dreams T-Shirt,5000,9000,44.4,2500,0,-2500,D,False,False,False
https://m.global.jdsports.com/product/green-nike-distant-dreams-stride-shorts/791204/,Nike Distant Dreams Stride Shorts,5000,10000,50.0,0,0,0,?,False,False,False
https://m.global.jdsports.com/product/grey-nike-golf-polo-shirt/791224/,Nike Golf Polo Shirt,5000,9000,44.4,2500,0,-2500,D,False,False,False
https://m.global.jdsports.com/product/blue-nike-golf-polo-shirt/791226/,Nike Golf Polo Shirt,5000,9000,44.4,2500,0,-2500,D,False,False,False
https://m.global.jdsports.com/product/blue-fred-perry-fine-stripe-t-shirt/793904/,Fred Perry Fine Stripe T-Shirt,5000,11000,54.5,3500,0,-1500,D,False,False,False
https://m.global.jdsports.com/product/black-nike-football-shirt/794400/,Nike Football Shirt,5000,10000,50.0,2500,0,-2500,D,False,False,False
https://m.global.jdsports.com/product/blue-adidas-real-madrid-dna-polo-shirt/794933/,adidas Real Madrid DNA Polo Shirt,5000,8000,37.5,3500,0,-1500,D,False,False,False
https://m.global.jdsports.com/product/blue-new-era-mlb-new-york-yankees-9twenty-cap/795998/,New Era MLB New York Yankees 9TWENTY Cap,5000,6400,21.9,2500,0,-2500,D,False,False,False
https://m.global.jdsports.com/product/grey-boss-waffle-t-shirt/796432/,BOSS Waffle T-Shirt,5000,9800,49.0,3000,0,-2000,D,False,False,False
https://m.global.jdsports.com/product/grey-boss-waffle-shorts/796433/,BOSS Waffle Shorts,5000,9800,49.0,0,0,0,?,False,False,False
https://m.global.jdsports.com/product/blue-boss-waffle-shorts/796435/,BOSS Waffle Shorts,5000,9800,49.0,0,0,0,?,False,False,False
https://m.global.jdsports.com/product/blue-asics-core-all-over-print-t-shirt/796741/,ASICS Core All Over Print T-Shirt,5000,8000,37.5,2500,0,-2500,D,False,False,False
https://m.global.jdsports.com/product/grey-the-north-face-247-shorts/797351/,The North Face 24/7 Shorts,5000,8000,37.5,3500,0,-1500,D,False,False,False
https://m.global.jdsports.com/product/green-the-north-face-embossed-panel-shorts/797354/,The North Face Embossed Panel Shorts,5000,8000,37.5,3500,0,-1500,D,False,False,False
https://m.global.jdsports.com/product/blue-puma-manchester-city-fc-training-shorts/797608/,PUMA Manchester City FC Training Shorts,5000,8000,37.5,2500,0,-2500,D,False,False,False
https://m.global.jdsports.com/product/black-new-balance-trackside-shorts/798186/,New Balance Trackside Shorts,5000,8000,37.5,3500,0,-1500,D,False,False,False
https://m.global.jdsports.com/product/grey-under-armour-tech-utility-shorts/798999/,Under Armour Tech Utility Shorts,5000,7200,30.6,2500,0,-2500,D,False,False,False
https://m.global.jdsports.com/product/grey-under-armour-all-over-print-t-shirt/799000/,Under Armour All Over Print T-Shirt,5000,7200,30.6,1500,0,-3500,D,False,False,False
https://m.global.jdsports.com/product/blue-under-armour-velocity-all-over-print-t-shirt/799004/,Under Armour Velocity All Over Print T-Shirt,5000,11000,54.5,2500,0,-2500,D,False,False,False
https://m.global.jdsports.com/product/blue-under-armour-velociti-pro-5-shorts/799005/,"Under Armour Velociti Pro 5"" Shorts",5000,9000,44.4,3500,0,-1500,D,False,False,False
https://m.global.jdsports.com/product/grey-new-era-nfl-la-raiders-arch-t-shirt/799597/,New Era NFL LA Raiders Arch T-Shirt,5000,7800,35.9,2500,0,-2500,D,False,False,False
https://m.global.jdsports.com/product/white-new-era-mlb-new-york-mets-t-shirt/799602/,New Era MLB New York Mets T-Shirt,5000,6600,24.2,1500,0,-3500,D,False,False,False
https://m.global.jdsports.com/product/black-new-era-mlb-new-york-mets-arch-t-shirt/799607/,New Era MLB New York Mets Arch T-Shirt,5000,7800,35.9,2500,0,-2500,D,False,False,False
https://m.global.jdsports.com/product/blue-adidas-originals-90s-jersey/800601/,adidas Originals '90s Jersey,5000,8000,37.5,3500,0,-1500,D,False,False,False
https://m.global.jdsports.com/product/black-adidas-tiro-26-14-zip-training-top/800652/,adidas Tiro 26 1/4 Zip Training Top,5000,7600,34.2,3500,0,-1500,D,False,False,False
https://m.global.jdsports.com/product/black-nike-tech-mix-t-shirt/800966/,Nike Tech Mix T-Shirt,5000,7000,28.6,2000,0,-3000,D,False,False,False
https://m.global.jdsports.com/product/blue-nike-tech-mix-t-shirt/801135/,Nike Tech Mix T-Shirt,5000,7000,28.6,2000,0,-3000,D,False,False,False
https://m.global.jdsports.com/product/blue-berghaus-explorer-tech-t-shirt/801453/,Berghaus Explorer Tech T-Shirt,5000,8000,37.5,2800,0,-2200,D,False,False,False
https://m.global.jdsports.com/product/green-berghaus-explorer-tech-t-shirt/801471/,Berghaus Explorer Tech T-Shirt,5000,7600,34.2,2800,0,-2200,D,False,False,False
https://m.global.jdsports.com/product/beige-berghaus-sidley-pocket-t-shirt/801479/,Berghaus Sidley Pocket T-Shirt,5000,8000,37.5,0,0,0,?,False,False,False
https://m.global.jdsports.com/product/black-fila-camalfi/802734/,Fila Camalfi,5000,10000,50.0,4500,0,-500,D,False,False,False
https://m.global.jdsports.com/product/green-adidas-originals-3-stripes-long-sleeve-t-shirt/804756/,adidas Originals 3-Stripes Long Sleeve T-Shirt,5000,7000,28.6,2500,0,-2500,D,False,False,False
https://m.global.jdsports.com/product/grey-nike-varsity-shorts/807774/,Nike Varsity Shorts,5000,9000,44.4,2500,0,-2500,D,False,False,False
https://m.global.jdsports.com/product/white-under-armour-2-pack-ribbed-tank-top/780735/,Under Armour 2-Pack Ribbed Tank Top,5000,6400,21.9,2000,0,-3000,D,False,False,False
https://m.global.jdsports.com/product/blue-adidas-originals-adicolor-denim-firebird-pants/725356/,adidas Originals Adicolor Denim Firebird Pants,5000,14000,64.3,8500,0,3500,D,False,False,False
https://m.global.jdsports.com/product/white-boss-repeat-tape-t-shirt/749431/,BOSS Repeat Tape T-Shirt,5000,9800,49.0,2500,0,-2500,D,False,False,False
https://m.global.jdsports.com/product/blue-boss-waffle-t-shirt/796434/,BOSS Waffle T-Shirt,5000,9800,49.0,3000,0,-2000,D,True,False,False
https://m.global.jdsports.com/product/blue-under-armour-tech-hybrid-track-pants/761649/,Under Armour Tech Hybrid Track Pants,5000,14000,64.3,3500,0,-1500,D,False,False,False
https://m.global.jdsports.com/product/red-nike-total-90-dri-fit-jersey/762740/,Nike Total 90 Dri-FIT Jersey,5000,12000,58.3,2500,0,-2500,D,False,False,False
https://m.global.jdsports.com/product/green-nike-total-90-dri-fit-jersey/762737/,Nike Total 90 Dri-FIT Jersey,5000,12000,58.3,2500,0,-2500,D,False,False,False
https://m.global.jdsports.com/product/black-adidas-tiro-26-training-track-pants/800651/,adidas Tiro 26 Training Track Pants,5600,7600,26.3,3500,0,-2100,D,False,False,False
https://m.global.jdsports.com/product/grey-nike-repel-miler-jacket/554158/,Nike Repel Miler Jacket,6000,15000,60.0,4500,0,-1500,D,False,False,False
https://m.global.jdsports.com/product/red-adidas-originals-zx-750/646373/,adidas Originals ZX 750,6000,16000,62.5,3500,0,-2500,D,False,False,False
https://m.global.jdsports.com/product/black-nike-woven-gym-club-2-bag/646500/,Nike Woven Gym Club 2 Bag,6000,8000,25.0,3500,0,-2500,D,False,False,False
https://m.global.jdsports.com/product/grey-nike-challenger-woven-track-pants/689945/,Nike Challenger Woven Track Pants,6000,13000,53.8,3500,0,-2500,D,False,False,False
https://m.global.jdsports.com/product/white-jordan-air-1-mid/690144/,Jordan Air 1 Mid,6000,27000,77.8,8500,0,2500,S,False,False,True
https://m.global.jdsports.com/product/yellow-nike-nba-la-lakers-james-23-icon-jersey/697434/,Nike NBA LA Lakers James #23 Icon Jersey,6000,19000,68.4,3500,0,-2500,D,False,False,False
https://m.global.jdsports.com/product/purple-jordan-nba-la-lakers-james-23-swingman-jersey/697435/,Jordan NBA LA Lakers James #23 Swingman Jersey,6000,19000,68.4,5500,0,-500,D,False,False,False
https://m.global.jdsports.com/product/blue-fila-camalfi/699956/,Fila Camalfi,6000,10000,40.0,4500,0,-1500,D,False,False,False
https://m.global.jdsports.com/product/grey-under-armour-ua-armour-fleece-14-zip-top/718271/,Under Armour UA Armour Fleece 1/4 Zip Top,6000,12000,50.0,2500,0,-3500,D,False,False,False
https://m.global.jdsports.com/product/black-adidas-ajax-training-track-pants/757500/,adidas Ajax Training Track Pants,6000,11000,45.5,3500,0,-2500,D,False,False,False
https://m.global.jdsports.com/product/grey-adidas-originals-adicolor-loose-denim-track-pants/761185/,adidas Originals Adicolor Loose Denim Track Pants,6000,14000,57.1,4500,0,-1500,D,False,False,False
https://m.global.jdsports.com/product/yellow-adidas-originals-leeds-united-fc-icon-shirt/763332/,adidas Originals Leeds United FC Icon Shirt,6000,14000,57.1,3500,0,-2500,D,False,False,False
https://m.global.jdsports.com/product/black-jordan-swoosh-overhead-hoodie/763481/,Jordan Swoosh Overhead Hoodie,6000,12000,50.0,8000,0,2000,D,False,False,False
https://m.global.jdsports.com/product/black-jordan-swoosh-joggers/763482/,Jordan Swoosh Joggers,6000,12000,50.0,3500,0,-2500,D,False,False,False
https://m.global.jdsports.com/product/blue-adidas-originals-as-roma-icons-jacket/765615/,adidas Originals AS Roma Icons Jacket,6000,24000,75.0,8500,0,2500,S,False,False,True
https://m.global.jdsports.com/product/black-puma-core-sportswear-hoodie/767140/,PUMA Core Sportswear Hoodie,6000,10000,40.0,3500,0,-2500,D,False,False,False
https://m.global.jdsports.com/product/blue-puma-core-sportswear-hoodie/767142/,PUMA Core Sportswear Hoodie,6000,10000,40.0,3500,0,-2500,D,False,False,False
https://m.global.jdsports.com/product/grey-puma-core-sportswear-hoodie/767146/,PUMA Core Sportswear Hoodie,6000,10000,40.0,3500,0,-2500,D,False,False,False
https://m.global.jdsports.com/product/grey-adidas-originals-firebird-woven-track-top/772020/,adidas Originals Firebird Woven Track Top,6000,14000,57.1,3500,0,-2500,D,False,False,False
https://m.global.jdsports.com/product/blue-nike-foundation-crew-sweatshirt/773885/,Nike Foundation Crew Sweatshirt,6000,10000,40.0,3500,0,-2500,D,False,False,False
https://m.global.jdsports.com/product/blue-jordan-air-fleece-joggers/774131/,Jordan Air Fleece Joggers,6000,11000,45.5,3500,0,-2500,D,False,False,False
https://m.global.jdsports.com/product/grey-jordan-air-fleece-joggers/774133/,Jordan Air Fleece Joggers,6000,11000,45.5,3500,0,-2500,D,False,False,False
https://m.global.jdsports.com/product/white-adidas-germany-2026-training-shirt/776187/,adidas Germany 2026 Training Shirt,6000,9000,33.3,3500,0,-2500,D,False,False,False
https://m.global.jdsports.com/product/green-adidas-spain-2026-training-shirt/776215/,adidas Spain 2026 Training Shirt,6000,9000,33.3,3500,0,-2500,D,False,False,False
https://m.global.jdsports.com/product/red-adidas-belgium-2026-training-shirt/776222/,adidas Belgium 2026 Training Shirt,6000,9000,33.3,3500,0,-2500,D,False,False,False
https://m.global.jdsports.com/product/blue-adidas-newcastle-united-fc-tiro-25-polo-shirt/777197/,adidas Newcastle United FC Tiro 25 Polo Shirt,6000,8000,25.0,3500,0,-2500,D,False,False,False
https://m.global.jdsports.com/product/orange-umbro-rangers-fc-202526-fourth-shirt/777976/,Umbro Rangers FC 2025/26 Fourth Shirt,6000,17000,64.7,0,0,0,?,False,False,False
https://m.global.jdsports.com/product/red-puma-czechia-2026-home-shirt/778215/,PUMA Czechia 2026 Home Shirt,6000,17000,64.7,0,0,0,?,False,False,False
https://m.global.jdsports.com/product/green-puma-ivory-coast-2026-warm-up-shirt/778260/,PUMA Ivory Coast 2026 Warm Up Shirt,6000,11000,45.5,0,0,0,?,False,False,False
https://m.global.jdsports.com/product/red-puma-portugal-2026-pre-match-shirt/778263/,PUMA Portugal 2026 Pre Match Shirt,6000,11000,45.5,3500,0,-2500,D,False,False,False
https://m.global.jdsports.com/product/red-puma-morocco-2026-pre-match-shirt/778272/,PUMA Morocco 2026 Pre Match Shirt,6000,11000,45.5,3500,0,-2500,D,False,False,False
https://m.global.jdsports.com/product/white-puma-austria-2026-away-shirt/778282/,PUMA Austria 2026 Away Shirt,6000,17000,64.7,3500,0,-2500,D,False,False,False
https://m.global.jdsports.com/product/blue-nike-mlb-brooklyn-dodgers-sportswear-t-shirt/778693/,Nike MLB Brooklyn Dodgers Sportswear T-Shirt,6000,9000,33.3,2500,0,-3500,D,False,False,False
https://m.global.jdsports.com/product/black-fila-valado-adv-2/779909/,Fila Valado ADV 2,6000,12000,50.0,4500,0,-1500,D,False,False,False
https://m.global.jdsports.com/product/orange-nike-acg-running-t-shirt/780032/,Nike ACG Running T-Shirt,6000,11000,45.5,2500,0,-3500,D,False,False,False
https://m.global.jdsports.com/product/grey-lacoste-core-fleece-shorts/781170/,Lacoste Core Fleece Shorts,6000,11000,45.5,3500,0,-2500,D,False,False,False
https://m.global.jdsports.com/product/black-lacoste-croc-woven-tape-shorts/781171/,Lacoste Croc Woven Tape Shorts,6000,13000,53.8,3500,0,-2500,D,False,False,False
https://m.global.jdsports.com/product/grey-lacoste-croc-colour-block-tape-t-shirt/781172/,Lacoste Croc Colour Block Tape T-Shirt,6000,12000,50.0,2800,0,-3200,D,False,False,False
https://m.global.jdsports.com/product/blue-lacoste-core-polo-shirt/781178/,Lacoste Core Polo Shirt,6000,15800,62.0,2500,0,-3500,D,False,False,False
https://m.global.jdsports.com/product/green-lacoste-core-polo-shirt/781180/,Lacoste Core Polo Shirt,6000,16000,62.5,2500,0,-3500,D,False,False,False
https://m.global.jdsports.com/product/blue-lacoste-core-swim-shorts/781201/,Lacoste Core Swim Shorts,6000,10000,40.0,3500,0,-2500,D,False,False,False
https://m.global.jdsports.com/product/black-the-north-face-mountain-athletics-fleece-joggers/781410/,The North Face Mountain Athletics Fleece Joggers,6000,13000,53.8,4500,0,-1500,D,False,False,False
https://m.global.jdsports.com/product/green-the-north-face-sunriser-shorts/781482/,The North Face Sunriser Shorts,6000,12000,50.0,4500,0,-1500,D,False,False,False
https://m.global.jdsports.com/product/green-under-armour-tech-hybrid-track-pants/781716/,Under Armour Tech Hybrid Track Pants,6000,14000,57.1,3500,0,-2500,D,False,False,False
https://m.global.jdsports.com/product/black-new-balance-neon-crew-sweatshirt/781900/,New Balance Neon Crew Sweatshirt,6000,14000,57.1,2800,0,-3200,D,False,False,False
https://m.global.jdsports.com/product/grey-new-balance-neon-crew-sweatshirt/781905/,New Balance Neon Crew Sweatshirt,6000,14000,57.1,2800,0,-3200,D,False,False,False
https://m.global.jdsports.com/product/black-adidas-originals-celtic-fc-irish-origins-track-top/782497/,adidas Originals Celtic FC Irish Origins Track Top,6000,17000,64.7,3500,0,-2500,D,False,False,False
https://m.global.jdsports.com/product/black-adidas-originals-celtic-fc-irish-origins-t-shirt/782499/,adidas Originals Celtic FC Irish Origins T-Shirt,6000,9000,33.3,2500,0,-3500,D,False,False,False
https://m.global.jdsports.com/product/black-fred-perry-tipped-shorts/783846/,Fred Perry Tipped Shorts,6000,12000,50.0,3500,0,-2500,D,False,False,False
https://m.global.jdsports.com/product/grey-fred-perry-emblem-stack-t-shirt/783848/,Fred Perry Emblem Stack T-Shirt,6000,10000,40.0,2800,0,-3200,D,False,False,False
https://m.global.jdsports.com/product/green-fred-perry-tape-shorts/783851/,Fred Perry Tape Shorts,6000,14000,57.1,3500,0,-2500,D,False,False,False
https://m.global.jdsports.com/product/white-fred-perry-back-graphic-t-shirt/783856/,Fred Perry Back Graphic T-Shirt,6000,11000,45.5,2500,0,-3500,D,False,False,False
https://m.global.jdsports.com/product/blue-fred-perry-side-logo-t-shirt/783871/,Fred Perry Side Logo T-Shirt,6000,12000,50.0,2500,0,-3500,D,False,False,False
https://m.global.jdsports.com/product/blue-adidas-originals-newcastle-united-fc-og-t-shirt/784196/,adidas Originals Newcastle United FC OG T-Shirt,6000,8000,25.0,2500,0,-3500,D,False,False,False
https://m.global.jdsports.com/product/blue-adidas-originals-arsenal-fc-og-track-pants/784221/,adidas Originals Arsenal FC OG Track Pants,6000,16000,62.5,8500,0,2500,D,False,False,False
https://m.global.jdsports.com/product/red-adidas-originals-manchester-united-fc-og-t-shirt/784248/,adidas Originals Manchester United FC OG T-Shirt,6000,8000,25.0,2800,0,-3200,D,False,False,False
https://m.global.jdsports.com/product/blue-adidas-originals-real-madrid-og-t-shirt/784254/,adidas Originals Real Madrid OG T-Shirt,6000,8000,25.0,3500,0,-2500,D,False,False,False
https://m.global.jdsports.com/product/yellow-adidas-jamaica-2026-pre-match-home-shirt/784262/,adidas Jamaica 2026 Pre Match Home Shirt,6000,12000,50.0,8500,0,2500,D,False,False,False
https://m.global.jdsports.com/product/blue-adidas-originals-germany-2026-away-shorts/785077/,adidas Originals Germany 2026 Away Shorts,6000,7600,21.1,0,0,0,?,False,False,False
https://m.global.jdsports.com/product/black-adidas-germany-og-t-shirt/785079/,adidas Germany OG T-Shirt,6000,8000,25.0,3500,0,-2500,D,False,False,False
https://m.global.jdsports.com/product/blue-adidas-originals-ukraine-2026-away-shirt/785100/,adidas Originals Ukraine 2026 Away Shirt,6000,17000,64.7,0,0,0,?,False,False,False
https://m.global.jdsports.com/product/white-adidas-originals-real-madrid-og-t-shirt/785205/,adidas Originals Real Madrid OG T-Shirt,6000,8000,25.0,3500,0,-2500,D,False,False,False
https://m.global.jdsports.com/product/red-adidas-originals-scotland-og-shorts/785296/,adidas Originals Scotland OG Shorts,6000,10000,40.0,3500,0,-2500,D,False,False,False
https://m.global.jdsports.com/product/purple-adidas-originals-scotland-og-track-pants/785298/,adidas Originals Scotland OG Track Pants,6000,16000,62.5,8500,0,2500,D,False,False,False
https://m.global.jdsports.com/product/black-nike-acg-solar-chase-t-shirt/786094/,Nike ACG Solar Chase T-Shirt,6000,11000,45.5,2500,0,-3500,D,False,False,False
https://m.global.jdsports.com/product/black-adidas-germany-2026-pre-match-shirt/787880/,adidas Germany 2026 Pre Match Shirt,6000,12000,50.0,8500,0,2500,D,False,False,False
https://m.global.jdsports.com/product/white-nike-croatia-2026-home-shirt/789364/,Nike Croatia 2026 Home Shirt,6000,18000,66.7,4500,0,-1500,D,False,False,False
https://m.global.jdsports.com/product/green-adidas-celtic-fc-tiro-26-training-shirt/789495/,adidas Celtic FC Tiro 26 Training Shirt,6000,9000,33.3,3500,0,-2500,D,False,False,False
https://m.global.jdsports.com/product/white-nike-france-2026-home-shorts/789690/,Nike France 2026 Home Shorts,6000,10000,40.0,2500,0,-3500,D,False,False,False
https://m.global.jdsports.com/product/red-jordan-globe-shorts/790277/,Jordan Globe Shorts,6000,10000,40.0,2500,0,-3500,D,False,False,False
https://m.global.jdsports.com/product/white-jordan-basketball-vest/790282/,Jordan Basketball Vest,6000,9000,33.3,4500,0,-1500,D,False,False,False
https://m.global.jdsports.com/product/blue-nike-tech-mix-shorts/791118/,Nike Tech Mix Shorts,6000,13000,53.8,3500,0,-2500,D,False,False,False
https://m.global.jdsports.com/product/green-nike-tennis-polo-shirt/791161/,Nike Tennis Polo Shirt,6000,14000,57.1,2500,0,-3500,D,False,False,False
https://m.global.jdsports.com/product/grey-nike-stride-t-shirt/791186/,Nike Stride T-Shirt,6000,8000,25.0,2500,0,-3500,D,False,False,False
https://m.global.jdsports.com/product/green-nike-stride-plus-t-shirt/791198/,Nike Stride Plus T-Shirt,6000,11000,45.5,1200,0,-4800,D,False,False,False
https://m.global.jdsports.com/product/grey-nike-golf-shorts/791225/,Nike Golf Shorts,6000,11000,45.5,3500,0,-2500,D,False,False,False
https://m.global.jdsports.com/product/black-nike-golf-shorts/791227/,Nike Golf Shorts,6000,11000,45.5,3500,0,-2500,D,False,False,False
https://m.global.jdsports.com/product/blue-nike-golf-shorts/791229/,Nike Golf Shorts,6000,11000,45.5,3500,0,-2500,D,False,False,False
https://m.global.jdsports.com/product/blue-nike-seoul-shorts/791244/,Nike Seoul Shorts,6000,11000,45.5,3500,0,-2500,D,False,False,False
https://m.global.jdsports.com/product/grey-adidas-aston-villa-fc-tiro-26-training-shorts/793101/,adidas Aston Villa FC Tiro 26 Training Shorts,6000,7600,21.1,3500,0,-2500,D,False,False,False
https://m.global.jdsports.com/product/purple-nike-pro-long-shorts/794408/,Nike Pro Long Shorts,6000,9000,33.3,2500,0,-3500,D,False,False,False
https://m.global.jdsports.com/product/off-white-nike-acg-chase-t-shirt/794421/,Nike ACG Chase T-Shirt,6000,11000,45.5,2500,0,-3500,D,False,False,False
https://m.global.jdsports.com/product/green-nike-acg-chase-t-shirt/794422/,Nike ACG Chase T-Shirt,6000,11000,45.5,2500,0,-3500,D,False,False,False
https://m.global.jdsports.com/product/blue-adidas-afc-ajax-tiro-26-training-shorts/794559/,adidas AFC Ajax Tiro 26 Training Shorts,6000,7600,21.1,2500,0,-3500,D,False,False,False
https://m.global.jdsports.com/product/blue-adidas-juventus-tiro-26-training-shirt/794573/,adidas Juventus Tiro 26 Training Shirt,6000,9000,33.3,3500,0,-2500,D,False,False,False
https://m.global.jdsports.com/product/blue-adidas-juventus-tiro-26-training-shorts/794575/,adidas Juventus Tiro 26 Training Shorts,6000,7600,21.1,2500,0,-3500,D,False,False,False
https://m.global.jdsports.com/product/white-fred-perry-relaxed-back-graphic-t-shirt/794814/,Fred Perry Relaxed Back Graphic T-Shirt,6000,12000,50.0,2500,0,-3500,D,False,False,False
https://m.global.jdsports.com/product/blue-new-era-mlb-new-york-yankees-large-logo-hoodie/795689/,New Era MLB New York Yankees Large Logo Hoodie,6000,10400,42.3,3500,0,-2500,D,False,False,False
https://m.global.jdsports.com/product/blue-new-era-mlb-new-york-yankees-fleece-joggers/795690/,New Era MLB New York Yankees Fleece Joggers,6000,9600,37.5,3500,0,-2500,D,False,False,False
https://m.global.jdsports.com/product/grey-new-era-mlb-new-york-yankees-large-logo-hoodie/795693/,New Era MLB New York Yankees Large Logo Hoodie,6000,10400,42.3,3500,0,-2500,D,False,False,False
https://m.global.jdsports.com/product/grey-new-era-mlb-new-york-yankees-fleece-joggers/795694/,New Era MLB New York Yankees Fleece Joggers,6000,9600,37.5,3500,0,-2500,D,False,False,False
https://m.global.jdsports.com/product/red-new-era-nfl-san-francisco-49ers-jersey/795699/,New Era NFL San Francisco 49ers Jersey,6000,10400,42.3,3500,0,-2500,D,False,False,False
https://m.global.jdsports.com/product/blue-adidas-celtic-fc-tiro-26-training-shorts/795820/,adidas Celtic FC Tiro 26 Training Shorts,6000,7600,21.1,3500,0,-2500,D,False,False,False
https://m.global.jdsports.com/product/blue-adidas-originals-firebird-denim-shorts/796365/,adidas Originals Firebird Denim Shorts,6000,12000,50.0,3500,0,-2500,D,False,False,False
https://m.global.jdsports.com/product/blue-adidas-originals-firebird-denim-shorts/796366/,adidas Originals Firebird Denim Shorts,6000,12000,50.0,3500,0,-2500,D,False,False,False
https://m.global.jdsports.com/product/blue-the-north-face-performance-woven-shorts/797350/,The North Face Performance Woven Shorts,6000,9000,33.3,3500,0,-2500,D,False,False,False
https://m.global.jdsports.com/product/black-adidas-liverpool-fc-tiro-26-training-shorts/797888/,adidas Liverpool FC Tiro 26 Training Shorts,6000,7600,21.1,2500,0,-3500,D,False,False,False
https://m.global.jdsports.com/product/grey-under-armour-tech-utility-t-shirt/798998/,Under Armour Tech Utility T-Shirt,6000,8200,26.8,1200,0,-4800,D,False,False,False
https://m.global.jdsports.com/product/grey-jordan-brooklyn-shorts/800423/,Jordan Brooklyn Shorts,6000,9000,33.3,3500,0,-2500,D,False,False,False
https://m.global.jdsports.com/product/black-nike-brooklyn-shorts/800427/,Nike Brooklyn Shorts,6000,9000,33.3,2500,0,-3500,D,False,False,False
https://m.global.jdsports.com/product/beige-jordan-wordmark-backpack/800540/,Jordan Wordmark Backpack,6000,9000,33.3,3500,0,-2500,D,False,False,False
https://m.global.jdsports.com/product/orange-berghaus-explorer-tech-t-shirt/801465/,Berghaus Explorer Tech T-Shirt,6000,8000,25.0,2800,0,-3200,D,False,False,False
https://m.global.jdsports.com/product/grey-adidas-tiro-26-woven-track-pants/802425/,adidas Tiro 26 Woven Track Pants,6000,8000,25.0,3500,0,-2500,D,False,False,False
https://m.global.jdsports.com/product/white-fila-trexler-n3/802780/,Fila Trexler N3,6000,10000,40.0,4500,0,-1500,D,False,False,False
https://m.global.jdsports.com/product/grey-fila-trexler-n3/802781/,Fila Trexler N3,6000,10000,40.0,4500,0,-1500,D,False,False,False
https://m.global.jdsports.com/product/black-fila-trexler-n3/802782/,Fila Trexler N3,6000,10000,40.0,4500,0,-1500,D,False,False,False
https://m.global.jdsports.com/product/black-fila-trexler-n3/802783/,Fila Trexler N3,6000,10000,40.0,4500,0,-1500,D,False,False,False
https://m.global.jdsports.com/product/black-fila-cress/802784/,Fila Cress,6000,11000,45.5,4500,0,-1500,D,False,False,False
https://m.global.jdsports.com/product/grey-fila-cress/802785/,Fila Cress,6000,11000,45.5,4500,0,-1500,D,False,False,False
https://m.global.jdsports.com/product/white-fila-stir-up-v4/802789/,Fila Stir Up v4,6000,13000,53.8,8000,0,2000,D,False,False,False
https://m.global.jdsports.com/product/red-adidas-originals-trefoil-essentials-hoodie/803684/,adidas Originals Trefoil Essentials Hoodie,6000,9000,33.3,3500,0,-2500,D,False,False,False
https://m.global.jdsports.com/product/blue-adidas-scotland-tiro-26-vest/804012/,adidas Scotland Tiro 26 Vest,6000,8000,25.0,3500,0,-2500,D,False,False,False
https://m.global.jdsports.com/product/black-lacoste-woven-cargo-shorts/725824/,Lacoste Woven Cargo Shorts,6000,13000,53.8,2800,0,-3200,D,False,False,False
https://m.global.jdsports.com/product/blue-jordan-brasil-goalie-jersey/814594/,Jordan Brasil Goalie Jersey,6000,16000,62.5,24000,0,18000,A,False,False,True
https://m.global.jdsports.com/product/blue-adidas-originals-striped-rugby-polo-shirt/797473/,adidas Originals Striped Rugby Polo Shirt,6000,9000,33.3,2500,0,-3500,D,True,False,False
https://m.global.jdsports.com/product/blue-nike-chelsea-fc-202526-home-shirt/752505/,Nike Chelsea FC 2025/26 Home Shirt,6000,17000,64.7,3500,0,-2500,D,False,False,False
https://m.global.jdsports.com/product/black-jordan-premium-backpack/762992/,Jordan Premium Backpack,6000,9000,33.3,4500,0,-1500,D,False,False,False
https://m.global.jdsports.com/product/black-adidas-originals-zx-rs/774559/,adidas Originals ZX RS,6000,18000,66.7,4500,0,-1500,D,False,False,False
https://m.global.jdsports.com/product/black-adidas-originals-italia-70s/774591/,adidas Originals Italia 70s,6000,20000,70.0,8000,0,2000,D,False,False,False
https://m.global.jdsports.com/product/blue-adidas-northern-ireland-tiro-travel-full-zip-windbreaker/776232/,adidas Northern Ireland Tiro Travel Full Zip Windbreaker,6000,16000,62.5,3500,0,-2500,D,True,False,False
https://m.global.jdsports.com/product/blue-adidas-scotland-tiro-tech-track-pants/776246/,adidas Scotland Tiro Tech Track Pants,6000,13000,53.8,3500,0,-2500,D,True,False,False
https://m.global.jdsports.com/product/red-adidas-originals-liverpool-fc-og-track-pants/784242/,adidas Originals Liverpool FC OG Track Pants,6000,16000,62.5,8500,0,2500,D,True,False,False
https://m.global.jdsports.com/product/red-nike-canada-2026-home-shirt/785593/,Nike Canada 2026 Home Shirt,6000,18000,66.7,3500,0,-2500,D,True,False,False
https://m.global.jdsports.com/product/orange-puma-mclaren-racing-f1-oscar-piastri-t-shirt/786415/,PUMA McLAREN RACING F1 Oscar Piastri T-Shirt,6000,15000,60.0,2500,0,-3500,D,True,False,False
https://m.global.jdsports.com/product/grey-nike-aries-hoodie/691632/,Nike Aries Hoodie,7000,13000,46.2,0,0,0,?,False,False,False
https://m.global.jdsports.com/product/grey-nike-aries-joggers/691634/,Nike Aries Joggers,7000,11000,36.4,0,0,0,?,False,False,False
https://m.global.jdsports.com/product/black-nike-aries-hoodie/691641/,Nike Aries Hoodie,7000,13000,46.2,0,0,0,?,False,False,False
https://m.global.jdsports.com/product/black-nike-aries-joggers/691644/,Nike Aries Joggers,7000,11000,36.4,0,0,0,?,False,False,False
https://m.global.jdsports.com/product/blue-jordan-poly-track-top/727550/,Jordan Poly Track Top,7000,15000,53.3,8000,0,1000,D,False,False,False
https://m.global.jdsports.com/product/black-jordan-paris-saint-germain-holdall-bag/752809/,Jordan Paris Saint Germain Holdall Bag,7000,11600,39.7,15000,0,8000,C,False,False,True
https://m.global.jdsports.com/product/black-berghaus-intervale-track-pants/759012/,Berghaus Intervale Track Pants,7000,17000,58.8,3500,0,-3500,D,False,False,False
https://m.global.jdsports.com/product/grey-the-north-face-tek-track-pants/761481/,The North Face Tek Track Pants,7000,15000,53.3,3500,0,-3500,D,False,False,False
https://m.global.jdsports.com/product/blue-the-north-face-performance-woven-track-pants/776509/,The North Face Performance Woven Track Pants,7000,15000,53.3,3500,0,-3500,D,False,False,False
https://m.global.jdsports.com/product/blue-adidas-northern-ireland-tiro-26-training-shirt/777169/,adidas Northern Ireland Tiro 26 Training Shirt,7000,9000,22.2,3500,0,-3500,D,False,False,False
https://m.global.jdsports.com/product/black-jordan-globe-open-hem-joggers/779386/,Jordan Globe Open Hem Joggers,7000,14000,50.0,2500,0,-4500,D,False,False,False
https://m.global.jdsports.com/product/black-nike-air-max-cargo-pants/779980/,Nike Air Max Cargo Pants,7000,16000,56.2,0,0,0,?,False,False,False
https://m.global.jdsports.com/product/grey-nike-air-max-fleece-joggers/779991/,Nike Air Max Fleece Joggers,7000,15000,53.3,4500,0,-2500,D,False,False,False
https://m.global.jdsports.com/product/grey-nike-challenger-woven-track-pants/780049/,Nike Challenger Woven Track Pants,7000,13000,46.2,3500,0,-3500,D,False,False,False
https://m.global.jdsports.com/product/blue-lacoste-wrap-croc-t-shirt/781168/,Lacoste Wrap Croc T-Shirt,7000,12000,41.7,2500,0,-4500,D,False,False,False
https://m.global.jdsports.com/product/pink-lacoste-wrap-croc-t-shirt/781175/,Lacoste Wrap Croc T-Shirt,7000,12000,41.7,2500,0,-4500,D,False,False,False
https://m.global.jdsports.com/product/blue-lacoste-piping-shorts/781194/,Lacoste Piping Shorts,7000,13000,46.2,3500,0,-3500,D,False,False,False
https://m.global.jdsports.com/product/green-lacoste-croc-wrap-swim-shorts/781199/,Lacoste Croc Wrap Swim Shorts,7000,12000,41.7,4500,0,-2500,D,False,False,False
https://m.global.jdsports.com/product/black-the-north-face-mountain-athletics-fleece-overhead-hoodie/781409/,The North Face Mountain Athletics Fleece Overhead Hoodie,7000,15000,53.3,8500,0,1500,D,False,False,False
https://m.global.jdsports.com/product/black-under-armour-storm-woven-track-pants/781673/,Under Armour Storm Woven Track Pants,7000,14000,50.0,3500,0,-3500,D,False,False,False
https://m.global.jdsports.com/product/black-adidas-originals-sst-track-pants/782397/,adidas Originals SST Track Pants,7000,11000,36.4,4500,0,-2500,D,False,False,False
https://m.global.jdsports.com/product/blue-fred-perry-tape-shorts/783870/,Fred Perry Tape Shorts,7000,14000,50.0,3500,0,-3500,D,False,False,False
https://m.global.jdsports.com/product/blue-fred-perry-back-graphic-t-shirt/783875/,Fred Perry Back Graphic T-Shirt,7000,11000,36.4,2500,0,-4500,D,False,False,False
https://m.global.jdsports.com/product/grey-nike-tech-shori-knit-track-pants/784079/,Nike Tech Shori Knit Track Pants,7000,16000,56.2,0,0,0,?,False,False,False
https://m.global.jdsports.com/product/blue-boss-waffle-t-shirt/784891/,BOSS Waffle T-Shirt,7000,9800,28.6,3000,0,-4000,D,False,False,False
https://m.global.jdsports.com/product/blue-boss-grid-logo-t-shirt/785227/,BOSS Grid Logo T-Shirt,7000,11800,40.7,2500,0,-4500,D,False,False,False
https://m.global.jdsports.com/product/blue-boss-core-t-shirt/785229/,BOSS Core T-Shirt,7000,11800,40.7,2500,0,-4500,D,False,False,False
https://m.global.jdsports.com/product/white-boss-front-print-t-shirt/785231/,BOSS Front Print T-Shirt,7000,13800,49.3,2500,0,-4500,D,False,False,False
https://m.global.jdsports.com/product/black-adidas-liverpool-fc-9596-away-t-shirt/778781/,adidas Liverpool FC 95/96 Away T-Shirt,7000,10000,30.0,8500,0,1500,D,False,False,False
https://m.global.jdsports.com/product/blue-nike-england-2026-strike-shirt/789283/,Nike England 2026 Strike Shirt,7000,10000,30.0,0,0,0,?,False,False,False
https://m.global.jdsports.com/product/grey-adidas-aston-villa-fc-tiro-26-training-shirt/789499/,adidas Aston Villa FC Tiro 26 Training Shirt,7000,9000,22.2,3500,0,-3500,D,False,False,False
https://m.global.jdsports.com/product/blue-jordan-flight-jersey/790280/,Jordan Flight Jersey,7000,13000,46.2,8000,0,1000,D,False,False,False
https://m.global.jdsports.com/product/blue-jordan-baggy-jorts/790285/,Jordan Baggy Jorts,7000,16000,56.2,3500,0,-3500,D,False,False,False
https://m.global.jdsports.com/product/blue-nike-tech-sun-shorts/791134/,Nike Tech Sun Shorts,7000,15000,53.3,3500,0,-3500,D,False,False,False
https://m.global.jdsports.com/product/black-nike-tennis-polo-shirt/791163/,Nike Tennis Polo Shirt,7000,14000,50.0,2500,0,-4500,D,False,False,False
https://m.global.jdsports.com/product/black-nike-tennis-shorts/791164/,Nike Tennis Shorts,7000,11000,36.4,2500,0,-4500,D,False,False,False
https://m.global.jdsports.com/product/white-nike-tennis-polo-shirt/791167/,Nike Tennis Polo Shirt,7000,14000,50.0,2500,0,-4500,D,False,False,False
https://m.global.jdsports.com/product/white-nike-slam-shorts/791233/,Nike Slam Shorts,7000,16000,56.2,2500,0,-4500,D,False,False,False
https://m.global.jdsports.com/product/green-nike-slam-shorts/791237/,Nike Slam Shorts,7000,16000,56.2,2500,0,-4500,D,False,False,False
https://m.global.jdsports.com/product/black-nike-football-long-sleeve-t-shirt/791243/,Nike Football Long Sleeve T-Shirt,7000,15000,53.3,2000,0,-5000,D,False,False,False
https://m.global.jdsports.com/product/white-fred-perry-fine-stripe-t-shirt/794816/,Fred Perry Fine Stripe T-Shirt,7000,11000,36.4,3500,0,-3500,D,False,False,False
https://m.global.jdsports.com/product/black-new-era-nfl-las-vegas-raiders-jersey/795697/,New Era NFL Las Vegas Raiders Jersey,7000,10400,32.7,2500,0,-4500,D,False,False,False
https://m.global.jdsports.com/product/white-adidas-originals-striped-rugby-polo-shirt/797474/,adidas Originals Striped Rugby Polo Shirt,7000,9000,22.2,2500,0,-4500,D,False,False,False
https://m.global.jdsports.com/product/grey-new-balance-tri-logo-crew-sweatshirt/798190/,New Balance Tri Logo Crew Sweatshirt,7000,14000,50.0,3500,0,-3500,D,False,False,False
https://m.global.jdsports.com/product/white-lacoste-large-box-t-shirt/799140/,Lacoste Large Box T-Shirt,7000,11000,36.4,2500,0,-4500,D,False,False,False
https://m.global.jdsports.com/product/grey-nike-street-fleece-joggers/800987/,Nike Street Fleece Joggers,7000,11000,36.4,3500,0,-3500,D,False,False,False
https://m.global.jdsports.com/product/grey-adidas-tiro-26-woven-jacket/802424/,adidas Tiro 26 Woven Jacket,7000,9000,22.2,3500,0,-3500,D,False,False,False
https://m.global.jdsports.com/product/brown-fila-valado/802787/,Fila Valado,7000,12000,41.7,3500,0,-3500,D,False,False,False
https://m.global.jdsports.com/product/brown-adidas-tiro-3-stripes-joggers/803691/,adidas Tiro 3-Stripes Joggers,7000,9000,22.2,3500,0,-3500,D,False,False,False
https://m.global.jdsports.com/product/red-nike-varsity-joggers/807780/,Nike Varsity Joggers,7000,10000,30.0,2500,0,-4500,D,False,False,False
https://m.global.jdsports.com/product/red-nike-varsity-crew-sweatshirt/807781/,Nike Varsity Crew Sweatshirt,7000,10000,30.0,3500,0,-3500,D,False,False,False
https://m.global.jdsports.com/product/grey-adidas-originals-italia-70s/774592/,adidas Originals Italia 70s,7000,20000,65.0,8000,0,1000,D,False,False,False
https://m.global.jdsports.com/product/blue-nike-mercurial-vapor-16-academy-tf/780489/,Nike Mercurial Vapor 16 Academy TF,7000,16000,56.2,8000,0,1000,D,True,False,False
https://m.global.jdsports.com/product/white-lacoste-croc-colour-block-tape-t-shirt/781167/,Lacoste Croc Colour Block Tape T-Shirt,7000,12000,41.7,2800,0,-4200,D,True,False,False
https://m.global.jdsports.com/product/black-berghaus-vaskye-hybrid-vest/706076/,Berghaus Vaskye Hybrid Vest,8000,20000,60.0,0,0,0,?,False,False,False
https://m.global.jdsports.com/product/grey-nike-acg-light-windrunner-jacket/728063/,Nike ACG Light Windrunner Jacket,8000,27000,70.4,8000,0,0,D,False,False,False
https://m.global.jdsports.com/product/black-puma-ac-milan-tech-track-pants/757043/,PUMA AC Milan Tech Track Pants,8000,13000,38.5,3500,0,-4500,D,False,False,False
https://m.global.jdsports.com/product/black-adidas-ajax-training-track-top/757504/,adidas Ajax Training Track Top,8000,13000,38.5,3500,0,-4500,D,False,False,False
https://m.global.jdsports.com/product/white-lacoste-carnaby-cupsole/764013/,Lacoste Carnaby Cupsole,8000,19000,57.9,6500,0,-1500,D,False,False,False
https://m.global.jdsports.com/product/pink-nike-foundation-overhead-hoodie/764242/,Nike Foundation Overhead Hoodie,8000,11000,27.3,3500,0,-4500,D,False,False,False
https://m.global.jdsports.com/product/blue-under-armour-utility-winterized-track-pants/772528/,Under Armour Utility Winterized Track Pants,8000,18000,55.6,3500,0,-4500,D,False,False,False
https://m.global.jdsports.com/product/blue-jordan-velour-track-top/774063/,Jordan Velour Track Top,8000,16000,50.0,8000,0,0,D,False,False,False
https://m.global.jdsports.com/product/red-adidas-wales-2026-match-home-shirt/776265/,adidas Wales 2026 Match Home Shirt,8000,24000,66.7,0,0,0,?,False,False,False
https://m.global.jdsports.com/product/blue-the-north-face-mountain-athletics-poly-track-pants/776505/,The North Face Mountain Athletics Poly Track Pants,8000,16000,50.0,3500,0,-4500,D,False,False,False
https://m.global.jdsports.com/product/black-new-era-poly-trapper-hat/776727/,New Era Poly Trapper Hat,8000,11600,31.0,2500,0,-5500,D,False,False,False
https://m.global.jdsports.com/product/blue-berghaus-logo-hoodie/778040/,Berghaus Logo Hoodie,8000,16000,50.0,3500,0,-4500,D,False,False,False
https://m.global.jdsports.com/product/grey-berghaus-wavetree-track-pants/778045/,Berghaus Wavetree Track Pants,8000,14000,42.9,3500,0,-4500,D,False,False,False
https://m.global.jdsports.com/product/red-puma-austria-2026-home-shirt/778220/,PUMA Austria 2026 Home Shirt,8000,17000,52.9,3500,0,-4500,D,False,False,False
https://m.global.jdsports.com/product/green-adidas-originals-mexico-86-9-retro-home-shirt/778921/,adidas Originals Mexico '86 #9 Retro Home Shirt,8000,18000,55.6,8000,0,0,D,False,False,False
https://m.global.jdsports.com/product/green-adidas-originals-mexico-86-retro-track-top/778922/,adidas Originals Mexico '86 Retro Track Top,8000,20000,60.0,8500,0,500,D,False,False,False
https://m.global.jdsports.com/product/black-boss-philix-zip-polo-shirt/779252/,BOSS Philix Zip Polo Shirt,8000,19800,59.6,0,0,0,?,False,False,False
https://m.global.jdsports.com/product/black-boss-urbanex-cargo-shorts/779257/,BOSS Urbanex Cargo Shorts,8000,27800,71.2,5800,0,-2200,D,False,False,False
https://m.global.jdsports.com/product/grey-nike-air-max-cargo-pants/779982/,Nike Air Max Cargo Pants,8000,16000,50.0,0,0,0,?,False,False,False
https://m.global.jdsports.com/product/blue-nike-air-max-poly-track-pants/779989/,Nike Air Max Poly Track Pants,8000,15000,46.7,3500,0,-4500,D,False,False,False
https://m.global.jdsports.com/product/grey-nike-air-max-95-woven-track-top/780003/,Nike Air Max 95 Woven Track Top,8000,18000,55.6,3500,0,-4500,D,False,False,False
https://m.global.jdsports.com/product/grey-nike-air-max-95-woven-track-pants/780004/,Nike Air Max 95 Woven Track Pants,8000,16000,50.0,3500,0,-4500,D,False,False,False
https://m.global.jdsports.com/product/grey-under-armour-vanish-woven-jacket/781692/,Under Armour Vanish Woven Jacket,8000,16000,50.0,3500,0,-4500,D,False,False,False
https://m.global.jdsports.com/product/black-adidas-originals-sst-track-top/782396/,adidas Originals SST Track Top,8000,13000,38.5,3500,0,-4500,D,False,False,False
https://m.global.jdsports.com/product/grey-adidas-audi-f1-driver-jersey/782466/,adidas Audi F1 Driver Jersey,8000,15000,46.7,0,0,0,?,False,False,False
https://m.global.jdsports.com/product/white-adidas-mercedes-amg-petronas-f1-driver-shirt/782470/,adidas Mercedes Amg Petronas F1 Driver Shirt,8000,15000,46.7,8000,0,0,D,False,False,False
https://m.global.jdsports.com/product/green-fred-perry-stack-logo-crew-sweatshirt/783842/,Fred Perry Stack Logo Crew Sweatshirt,8000,19000,57.9,3500,0,-4500,D,False,False,False
https://m.global.jdsports.com/product/brown-fred-perry-twin-tipped-t-shirt/783845/,Fred Perry Twin Tipped T-Shirt,8000,10000,20.0,2500,0,-5500,D,False,False,False
https://m.global.jdsports.com/product/blue-fred-perry-waffle-t-shirt/783857/,Fred Perry Waffle T-Shirt,8000,11000,27.3,3500,0,-4500,D,False,False,False
https://m.global.jdsports.com/product/green-fred-perry-twin-tipped-polo-shirt/783861/,Fred Perry Twin Tipped Polo Shirt,8000,16000,50.0,3500,0,-4500,D,False,False,False
https://m.global.jdsports.com/product/grey-nike-air-woven-track-pants/784071/,Nike Air Woven Track Pants,8000,16000,50.0,3500,0,-4500,D,False,False,False
https://m.global.jdsports.com/product/blue-adidas-originals-newcastle-united-fc-og-crew-sweatshirt/784195/,adidas Originals Newcastle United FC OG Crew Sweatshirt,8000,14000,42.9,3500,0,-4500,D,False,False,False
https://m.global.jdsports.com/product/red-adidas-originals-manchester-united-fc-og-crew-sweatshirt/784244/,adidas Originals Manchester United FC OG Crew Sweatshirt,8000,14000,42.9,8500,0,500,D,False,False,False
https://m.global.jdsports.com/product/black-adidas-originals-manchester-united-fc-og-12-zip-sweatshirt/784245/,adidas Originals Manchester United FC OG 1/2 Zip Sweatshirt,8000,16000,50.0,8000,0,0,D,False,False,False
https://m.global.jdsports.com/product/white-adidas-originals-manchester-united-fc-og-long-sleeve-t-shirt/784246/,adidas Originals Manchester United FC OG Long Sleeve T-Shirt,8000,12000,33.3,3500,0,-4500,D,False,False,False
https://m.global.jdsports.com/product/black-adidas-jamaica-26-x-bob-marley-away-jersey/784260/,adidas Jamaica 26 X Bob Marley Away Jersey,8000,17000,52.9,0,0,0,?,False,False,False
https://m.global.jdsports.com/product/white-adidas-algeria-2026-home-pre-match-shirt/785069/,adidas Algeria 2026 Home Pre Match Shirt,8000,12000,33.3,0,0,0,?,False,False,False
https://m.global.jdsports.com/product/blue-adidas-originals-germany-2026-away-shirt/785074/,adidas Originals Germany 2026 Away Shirt,8000,17000,52.9,0,0,0,?,False,False,False
https://m.global.jdsports.com/product/white-adidas-originals-germany-og-track-top/785080/,adidas Originals Germany OG Track Top,8000,17000,52.9,8000,0,0,D,False,False,False
https://m.global.jdsports.com/product/black-adidas-originals-japan-og-track-top/785091/,adidas Originals Japan OG Track Top,8000,17000,52.9,8500,0,500,D,False,False,False
https://m.global.jdsports.com/product/black-boss-paule-pro-polo-shirt/785230/,BOSS Paule Pro Polo Shirt,8000,19800,59.6,3500,0,-4500,D,False,False,False
https://m.global.jdsports.com/product/white-boss-pl-member-polo-shirt/785232/,BOSS PL Member Polo Shirt,8000,19800,59.6,3500,0,-4500,D,False,False,False
https://m.global.jdsports.com/product/red-adidas-originals-wales-150th-anniversary-track-top/787270/,adidas Originals Wales 150th Anniversary Track Top,8000,18000,55.6,8000,0,0,D,False,False,False
https://m.global.jdsports.com/product/black-adidas-germany-14-retro-away-shirt/787877/,adidas Germany '14 Retro Away Shirt,8000,18000,55.6,8000,0,0,D,False,False,False
https://m.global.jdsports.com/product/blue-adidas-spain-2026-pre-match-shirt/787886/,adidas Spain 2026 Pre Match Shirt,8000,12000,33.3,3500,0,-4500,D,False,False,False
https://m.global.jdsports.com/product/black-adidas-belgium-2026-pre-match-shirt/787888/,adidas Belgium 2026 Pre Match Shirt,8000,12000,33.3,0,0,0,?,False,False,False
https://m.global.jdsports.com/product/red-nike-festival-jacket/788904/,Nike Festival Jacket,8000,16000,50.0,3500,0,-4500,D,False,False,False
https://m.global.jdsports.com/product/yellow-nike-festival-jacket/788908/,Nike Festival Jacket,8000,16000,50.0,3500,0,-4500,D,False,False,False
https://m.global.jdsports.com/product/blue-nike-croatia-2026-away-shirt/789363/,Nike Croatia 2026 Away Shirt,8000,18000,55.6,4500,0,-3500,D,False,False,False
https://m.global.jdsports.com/product/blue-nike-brazil-2026-strike-shirt/789767/,Nike Brazil 2026 Strike Shirt,8000,10000,20.0,0,0,0,?,False,False,False
https://m.global.jdsports.com/product/black-nike-canada-x-nocta-short-sleeve-shirt/789776/,Nike Canada x NOCTA Short Sleeve Shirt,8000,13000,38.5,8500,0,500,D,False,False,False
https://m.global.jdsports.com/product/blue-adidas-teamgeist-12-zip-track-top/790142/,adidas Teamgeist 1/2 Zip Track Top,8000,14000,42.9,3500,0,-4500,D,False,False,False
https://m.global.jdsports.com/product/white-jordan-flight-jersey/790273/,Jordan Flight Jersey,8000,13000,38.5,8000,0,0,D,False,False,False
https://m.global.jdsports.com/product/black-jordan-flight-jersey/790278/,Jordan Flight Jersey,8000,13000,38.5,8000,0,0,D,False,False,False
https://m.global.jdsports.com/product/blue-jordan-brazil-woven-track-pants/790292/,Jordan Brazil Woven Track Pants,8000,22000,63.6,3500,0,-4500,D,False,False,False
https://m.global.jdsports.com/product/cream-adidas-originals-superstar/790609/,adidas Originals Superstar,8000,19000,57.9,5500,0,-2500,D,False,False,False
https://m.global.jdsports.com/product/black-nike-tech-sun-shorts/791132/,Nike Tech Sun Shorts,8000,15000,46.7,3500,0,-4500,D,False,False,False
https://m.global.jdsports.com/product/black-nike-air-max-poly-track-pants/791138/,Nike Air Max Poly Track Pants,8000,16000,50.0,3500,0,-4500,D,False,False,False
https://m.global.jdsports.com/product/white-nike-tennis-hoodie/791168/,Nike Tennis Hoodie,8000,16000,50.0,3500,0,-4500,D,False,False,False
https://m.global.jdsports.com/product/grey-nike-unlimited-track-pants/791189/,Nike Unlimited Track Pants,8000,14000,42.9,3500,0,-4500,D,False,False,False
https://m.global.jdsports.com/product/white-nike-slam-t-shirt/791235/,Nike Slam T-Shirt,8000,16000,50.0,2000,0,-6000,D,False,False,False
https://m.global.jdsports.com/product/green-nike-slam-polo-shirt/791236/,Nike Slam Polo Shirt,8000,19000,57.9,2500,0,-5500,D,False,False,False
https://m.global.jdsports.com/product/green-nike-slam-t-shirt/791239/,Nike Slam T-Shirt,8000,16000,50.0,2000,0,-6000,D,False,False,False
https://m.global.jdsports.com/product/black-nike-velocity-golf-pants/791297/,Nike Velocity Golf Pants,8000,13000,38.5,0,0,0,?,False,False,False
https://m.global.jdsports.com/product/grey-nike-miler-track-pants/791436/,Nike Miler Track Pants,8000,13000,38.5,3500,0,-4500,D,False,False,False
https://m.global.jdsports.com/product/black-puma-darter-tech/791565/,PUMA Darter Tech,8000,12000,33.3,3500,0,-4500,D,False,False,False
https://m.global.jdsports.com/product/black-puma-darter-tech/791566/,PUMA Darter Tech,8000,12000,33.3,3500,0,-4500,D,False,False,False
https://m.global.jdsports.com/product/black-nike-247-8-shorts/794415/,"Nike 24.7 8"" Shorts",8000,16000,50.0,2800,0,-5200,D,False,False,False
https://m.global.jdsports.com/product/white-adidas-juventus-202627-pre-match-shirt/794571/,adidas Juventus 2026/27 Pre Match Shirt,8000,12000,33.3,3500,0,-4500,D,False,False,False
https://m.global.jdsports.com/product/red-adidas-olympique-lyon-pre-match-shirt/794928/,adidas Olympique Lyon Pre Match Shirt,8000,12000,33.3,3500,0,-4500,D,False,False,False
https://m.global.jdsports.com/product/white-adidas-originals-newcastle-united-fc-202627-pre-match-shirt/795896/,adidas Originals Newcastle United FC 2026/27 Pre Match Shirt,8000,12000,33.3,3500,0,-4500,D,False,False,False
https://m.global.jdsports.com/product/beige-boss-paddy-pro-polo-shirt/796454/,BOSS Paddy Pro Polo Shirt,8000,19800,59.6,3500,0,-4500,D,False,False,False
https://m.global.jdsports.com/product/blue-asics-core-jacket/796740/,ASICS CORE JACKET,8000,14000,42.9,3500,0,-4500,D,False,False,False
https://m.global.jdsports.com/product/black-adidas-newcastle-united-fc-202526-bruno-g-39-away-shirt/797061/,adidas Newcastle United FC 2025/26 Bruno G #39 Away Shirt,8000,20000,60.0,2800,0,-5200,D,False,False,False
https://m.global.jdsports.com/product/red-adidas-liverpool-fc-202627-pre-match-shirt/797627/,adidas Liverpool FC 2026/27 Pre Match Shirt,8000,12000,33.3,3500,0,-4500,D,False,False,False
https://m.global.jdsports.com/product/black-new-balance-trackside-hoodie/798184/,New Balance Trackside Hoodie,8000,13000,38.5,3500,0,-4500,D,False,False,False
https://m.global.jdsports.com/product/black-new-balance-trackside-joggers/798185/,New Balance Trackside Joggers,8000,12000,33.3,3500,0,-4500,D,False,False,False
https://m.global.jdsports.com/product/blue-new-balance-trackside-hoodie/798188/,New Balance Trackside Hoodie,8000,13000,38.5,3500,0,-4500,D,False,False,False
https://m.global.jdsports.com/product/blue-new-balance-trackside-joggers/798189/,New Balance Trackside Joggers,8000,12000,33.3,3500,0,-4500,D,False,False,False
https://m.global.jdsports.com/product/beige-nike-street-full-zip-graphic-hoodie/798646/,Nike Street Full Zip Graphic Hoodie,8000,15000,46.7,3500,0,-4500,D,False,False,False
https://m.global.jdsports.com/product/grey-nike-festival-20-jacket/798660/,Nike Festival 2.0 Jacket,8000,16000,50.0,3500,0,-4500,D,False,False,False
https://m.global.jdsports.com/product/green-adidas-originals-munich-93-crew-sweatshirt/800605/,adidas Originals Munich 93 Crew Sweatshirt,8000,12000,33.3,3500,0,-4500,D,False,False,False
https://m.global.jdsports.com/product/blue-adidas-originals-munich-93-crew-sweatshirt/800608/,adidas Originals Munich 93 Crew Sweatshirt,8000,12000,33.3,3500,0,-4500,D,False,False,False
https://m.global.jdsports.com/product/brown-nike-foundation-hoodie/801018/,Nike Foundation Hoodie,8000,11000,27.3,3500,0,-4500,D,False,False,False
https://m.global.jdsports.com/product/black-nike-acg-daypack-backpack/801308/,Nike ACG Daypack Backpack,8000,11600,31.0,8500,0,500,D,False,False,False
https://m.global.jdsports.com/product/blue-the-north-face-fine-box-logo-joggers/801617/,The North Face Fine Box Logo Joggers,8000,13000,38.5,0,0,0,?,False,False,False
https://m.global.jdsports.com/product/white-fila-corda/802818/,Fila Corda,8000,13000,38.5,3500,0,-4500,D,False,False,False
https://m.global.jdsports.com/product/white-fila-corda/802820/,Fila Corda,8000,13000,38.5,3500,0,-4500,D,False,False,False
https://m.global.jdsports.com/product/brown-adidas-tiro-3-stripes-hoodie/803690/,adidas Tiro 3-Stripes Hoodie,8000,11000,27.3,4500,0,-3500,D,False,False,False
https://m.global.jdsports.com/product/black-puma-ca-pro-classic-ii/805510/,PUMA CA Pro Classic II,8000,14000,42.9,3500,0,-4500,D,False,False,False
https://m.global.jdsports.com/product/grey-the-north-face-fine-box-crew-sweatshirt/808264/,The North Face Fine Box Crew Sweatshirt,8000,13000,38.5,3500,0,-4500,D,False,False,False
https://m.global.jdsports.com/product/red-adidas-fc-bayern-munich-202526-home-shirt/757431/,adidas FC Bayern Munich 2025/26 Home Shirt,8000,17000,52.9,6500,0,-1500,D,False,False,False
https://m.global.jdsports.com/product/purple-adidas-aston-villa-fc-202526-match-home-shirt/758936/,adidas Aston Villa FC 2025/26 Match Home Shirt,8000,24000,66.7,3500,0,-4500,D,False,False,False
https://m.global.jdsports.com/product/black-nike-tech-mix-full-zip-hoodie/773848/,Nike Tech Mix Full Zip Hoodie,8000,23000,65.2,8500,0,500,D,False,False,False
https://m.global.jdsports.com/product/white-nike-flight-court/779901/,Nike Flight Court,8000,20000,60.0,8000,0,0,D,False,False,False
https://m.global.jdsports.com/product/black-nike-air-max-moto-2k/773987/,Nike Air Max Moto 2K,8000,24000,66.7,3500,0,-4500,D,True,False,False
https://m.global.jdsports.com/product/blue-adidas-japan-2026-home-shirt/776206/,adidas Japan 2026 Home Shirt,8000,17000,52.9,0,0,0,?,True,False,False
https://m.global.jdsports.com/product/white-adidas-argentina-home-messi-jersey-2006/778808/,adidas Argentina Home Messi Jersey 2006,8000,18000,55.6,15000,10576,7000,C,True,False,True
https://m.global.jdsports.com/product/red-puma-scuderia-ferrari-hoodie/786409/,PUMA Scuderia Ferrari Hoodie,8000,20000,60.0,8500,0,500,D,True,False,False
https://m.global.jdsports.com/product/blue-adidas-scotland-2026-anthem-jacket/787274/,adidas Scotland 2026 Anthem Jacket,8000,20000,60.0,0,0,0,?,True,False,False
https://m.global.jdsports.com/product/white-adidas-originals-liverpool-fc-202526-salah-11-third-shirt/788645/,adidas Originals Liverpool FC 2025/26 Salah #11 Third Shirt,8000,20000,60.0,0,0,0,?,True,False,False
https://m.global.jdsports.com/product/black-under-armour-rival-woven-jacket/750493/,Under Armour Rival Woven Jacket,9000,12000,25.0,3500,0,-5500,D,False,False,False
https://m.global.jdsports.com/product/blue-adidas-afc-ajax-urban-purist-track-pants/757507/,adidas AFC Ajax Urban Purist Track Pants,9000,12000,25.0,3500,0,-5500,D,False,False,False
https://m.global.jdsports.com/product/green-berghaus-theran-jacket/759050/,Berghaus Theran Jacket,9000,19000,52.6,0,0,0,?,False,False,False
https://m.global.jdsports.com/product/green-under-armour-unstoppable-cargo-pants/772547/,Under Armour Unstoppable Cargo Pants,9000,19000,52.6,3500,0,-5500,D,False,False,False
https://m.global.jdsports.com/product/green-adidas-originals-hockey-jersey/774831/,adidas Originals Hockey Jersey,9000,14000,35.7,3500,0,-5500,D,False,False,False
https://m.global.jdsports.com/product/black-converse-chuck-70-hi/775373/,Converse Chuck 70 Hi,9000,14000,35.7,4500,0,-4500,D,False,False,False
https://m.global.jdsports.com/product/grey-the-north-face-tek-full-zip-hoodie/776489/,The North Face Tek Full Zip Hoodie,9000,18000,50.0,5800,0,-3200,D,False,False,False
https://m.global.jdsports.com/product/brown-the-north-face-tek-track-pants/776495/,The North Face Tek Track Pants,9000,15000,40.0,3500,0,-5500,D,False,False,False
https://m.global.jdsports.com/product/blue-the-north-face-performance-woven-jacket/776496/,The North Face Performance Woven Jacket,9000,19000,52.6,3500,0,-5500,D,False,False,False
https://m.global.jdsports.com/product/white-adidas-originals-samba-62/777380/,adidas Originals Samba 62,9000,20000,55.0,6500,0,-2500,D,False,False,False
https://m.global.jdsports.com/product/grey-berghaus-sidley-14-zip-top/778036/,Berghaus Sidley 1/4 Zip Top,9000,18000,50.0,2800,0,-6200,D,False,False,False
https://m.global.jdsports.com/product/black-berghaus-intervale-woven-track-pants/778051/,Berghaus Intervale Woven Track Pants,9000,17000,47.1,2000,0,-7000,D,False,False,False
https://m.global.jdsports.com/product/black-nike-air-max-woven-jacket/779979/,Nike Air Max Woven Jacket,9000,23000,60.9,8000,0,-1000,D,False,False,False
https://m.global.jdsports.com/product/grey-the-north-face-vent-jacket/781443/,The North Face Vent Jacket,9000,20000,55.0,5000,0,-4000,D,False,False,False
https://m.global.jdsports.com/product/blue-the-north-face-red-box-12-zip-fleece/781478/,The North Face Red Box 1/2 Zip Fleece,9000,17000,47.1,8500,0,-500,D,False,False,False
https://m.global.jdsports.com/product/blue-the-north-face-red-box-joggers/781479/,The North Face Red Box Joggers,9000,18000,50.0,3500,0,-5500,D,False,False,False
https://m.global.jdsports.com/product/grey-the-north-face-247-woven-hoodie/781494/,The North Face 24/7 Woven Hoodie,9000,18000,50.0,3500,0,-5500,D,False,False,False
https://m.global.jdsports.com/product/green-under-armour-tech-hybrid-jacket/781715/,Under Armour Tech Hybrid Jacket,9000,15000,40.0,3500,0,-5500,D,False,False,False
https://m.global.jdsports.com/product/grey-new-balance-colour-block-woven-jacket/781887/,New Balance Colour Block Woven Jacket,9000,15000,40.0,3500,0,-5500,D,False,False,False
https://m.global.jdsports.com/product/dark-blue-fred-perry-tape-track-top/783864/,Fred Perry Tape Track Top,9000,20000,55.0,8500,0,-500,D,False,False,False
https://m.global.jdsports.com/product/grey-fred-perry-twin-tipped-t-shirt/783868/,Fred Perry Twin Tipped T-Shirt,9000,13000,30.8,2500,0,-6500,D,False,False,False
https://m.global.jdsports.com/product/green-fred-perry-badge-crew-sweatshirt/783873/,Fred Perry Badge Crew Sweatshirt,9000,18000,50.0,3500,0,-5500,D,False,False,False
https://m.global.jdsports.com/product/black-fred-perry-tape-track-top/783874/,Fred Perry Tape Track Top,9000,20000,55.0,8500,0,-500,D,False,False,False
https://m.global.jdsports.com/product/blue-under-armour-vanish-woven-jacket/789256/,Under Armour Vanish Woven Jacket,9000,17000,47.1,3500,0,-5500,D,False,False,False
https://m.global.jdsports.com/product/blue-under-armour-vanish-wordmark-track-pants/789257/,Under Armour Vanish Wordmark Track Pants,9000,15000,40.0,3500,0,-5500,D,False,False,False
https://m.global.jdsports.com/product/green-under-armour-velociti-jacket/789268/,Under Armour Velociti Jacket,9000,18000,50.0,3500,0,-5500,D,False,False,False
https://m.global.jdsports.com/product/orange-under-armour-velociti-pro-storm-jacket/789270/,Under Armour Velociti Pro Storm Jacket,9000,18000,50.0,3500,0,-5500,D,False,False,False
https://m.global.jdsports.com/product/white-nike-tennis-track-top/791165/,Nike Tennis Track Top,9000,15000,40.0,3500,0,-5500,D,False,False,False
https://m.global.jdsports.com/product/black-nike-miler-jacket/791433/,Nike Miler Jacket,9000,15000,40.0,3500,0,-5500,D,False,False,False
https://m.global.jdsports.com/product/white-fred-perry-heavy-striped-t-shirt/794813/,Fred Perry Heavy Striped T-Shirt,9000,15000,40.0,1200,0,-7800,D,False,False,False
https://m.global.jdsports.com/product/blue-fred-perry-relaxed-back-graphic-t-shirt/794815/,Fred Perry Relaxed Back Graphic T-Shirt,9000,12000,25.0,2500,0,-6500,D,False,False,False
https://m.global.jdsports.com/product/grey-under-armour-tech-utility-woven-track-pants/798997/,Under Armour Tech Utility Woven Track Pants,9000,15000,40.0,3500,0,-5500,D,False,False,False
https://m.global.jdsports.com/product/white-lacoste-colour-block-t-shirt/799138/,Lacoste Colour Block T-Shirt,9000,14000,35.7,2500,0,-6500,D,False,False,False
https://m.global.jdsports.com/product/white-nike-street-fleece-overhead-hoodie/800986/,Nike Street Fleece Overhead Hoodie,9000,13000,30.8,4500,0,-4500,D,False,False,False
https://m.global.jdsports.com/product/cream-berghaus-wavetree-track-pants/801478/,Berghaus Wavetree Track Pants,9000,14000,35.7,3500,0,-5500,D,False,False,False
https://m.global.jdsports.com/product/blue-the-north-face-fine-box-hoodie/801616/,The North Face Fine Box Hoodie,9000,14000,35.7,3500,0,-5500,D,False,False,False
https://m.global.jdsports.com/product/black-converse-chuck-taylor-all-star-high-tectuff/801659/,Converse Chuck Taylor All Star High TecTuff,9000,14000,35.7,4500,0,-4500,D,False,False,False
https://m.global.jdsports.com/product/black-converse-chuck-taylor-all-star-ox-low/801660/,Converse Chuck Taylor All Star Ox Low,9000,13000,30.8,3500,0,-5500,D,False,False,False
https://m.global.jdsports.com/product/white-fila-corda/802817/,Fila Corda,9000,13000,30.8,3500,0,-5500,D,False,False,False
https://m.global.jdsports.com/product/black-fila-corda/802819/,Fila Corda,9000,13000,30.8,3500,0,-5500,D,False,False,False
https://m.global.jdsports.com/product/white-puma-olympique-marseille-king-jacket/757979/,PUMA Olympique Marseille King Jacket,10000,16000,37.5,8000,0,-2000,D,False,False,False
https://m.global.jdsports.com/product/green-adidas-liverpool-fc-european-training-top/758585/,adidas Liverpool FC European Training Top,10000,13000,23.1,2800,0,-7200,D,False,False,False
https://m.global.jdsports.com/product/green-adidas-originals-juventus-icons-track-pants/760201/,adidas Originals Juventus Icons Track Pants,10000,17000,41.2,8000,0,-2000,D,False,False,False
https://m.global.jdsports.com/product/black-under-armour-challenger-20-tracksuit/761683/,Under Armour Challenger 2.0 Tracksuit,10000,14000,28.6,3500,0,-6500,D,False,False,False
https://m.global.jdsports.com/product/blue-adidas-as-roma-icons-track-pants/765618/,adidas As Roma Icons Track Pants,10000,17000,41.2,8500,0,-1500,D,False,False,False
https://m.global.jdsports.com/product/blue-adidas-f50-messi-league-fg/769735/,adidas F50 Messi League FG,10000,17000,41.2,8000,0,-2000,D,False,False,False
https://m.global.jdsports.com/product/white-nike-nba-memphis-grizzlies-morant-12-city-jersey/772064/,Nike NBA Memphis Grizzlies Morant #12 City Jersey,10000,19000,47.4,3500,0,-6500,D,False,False,False
https://m.global.jdsports.com/product/grey-nike-air-force-1-gore-tex/772992/,Nike Air Force 1 GORE-TEX,10000,27000,63.0,12500,0,2500,D,False,False,False
https://m.global.jdsports.com/product/grey-nike-air-max-moto-2k/773988/,Nike Air Max Moto 2K,10000,24000,58.3,3500,0,-6500,D,False,False,False
https://m.global.jdsports.com/product/white-adidas-germany-2026-home-shirt/776181/,adidas Germany 2026 Home Shirt,10000,17000,41.2,8000,0,-2000,D,False,False,False
https://m.global.jdsports.com/product/yellow-adidas-sweden-2026-home-shirt/776217/,adidas Sweden 2026 Home Shirt,10000,17000,41.2,3500,0,-6500,D,False,False,False
https://m.global.jdsports.com/product/brown-the-north-face-trishull-jacket/776501/,The North Face Trishull Jacket,10000,22000,54.5,8500,0,-1500,D,False,False,False
https://m.global.jdsports.com/product/brown-adidas-originals-superstar/778226/,adidas Originals Superstar,10000,19000,47.4,5500,0,-4500,D,False,False,False
https://m.global.jdsports.com/product/white-puma-egypt-2026-away-shirt/778255/,PUMA Egypt 2026 Away Shirt,10000,17000,41.2,3500,0,-6500,D,False,False,False
https://m.global.jdsports.com/product/white-nike-tech-mix-full-zip-hoodie/779969/,Nike Tech Mix Full Zip Hoodie,10000,22000,54.5,8500,0,-1500,D,False,False,False
https://m.global.jdsports.com/product/green-nike-air-max-woven-jacket/779994/,Nike Air Max Woven Jacket,10000,23000,56.5,8000,0,-2000,D,False,False,False
https://m.global.jdsports.com/product/blue-nike-acg-aireez-jacket/780036/,Nike ACG Aireez Jacket,10000,20000,50.0,8000,0,-2000,D,False,False,False
https://m.global.jdsports.com/product/orange-nike-acg-aireez-jacket/780037/,Nike ACG Aireez Jacket,10000,20000,50.0,8000,0,-2000,D,False,False,False
https://m.global.jdsports.com/product/white-nike-packable-jacket/780044/,Nike Packable Jacket,10000,20000,50.0,3500,0,-6500,D,False,False,False
https://m.global.jdsports.com/product/green-nike-packable-jacket/780048/,Nike Packable Jacket,10000,20000,50.0,3500,0,-6500,D,False,False,False
https://m.global.jdsports.com/product/grey-nike-element-full-zip-jacket/780052/,Nike Element Full Zip Jacket,10000,20000,50.0,3500,0,-6500,D,False,False,False
https://m.global.jdsports.com/product/black-nike-downshifter-14/780520/,Nike Downshifter 14,10000,13000,23.1,3500,0,-6500,D,False,False,False
https://m.global.jdsports.com/product/black-nike-downshifter-14/780521/,Nike Downshifter 14,10000,13000,23.1,3500,0,-6500,D,False,False,False
https://m.global.jdsports.com/product/grey-the-north-face-mountain-athletics-full-zip-hoodie/781446/,The North Face Mountain Athletics Full Zip Hoodie,10000,21000,52.4,8000,0,-2000,D,False,False,False
https://m.global.jdsports.com/product/brown-adidas-originals-samba-62/782175/,adidas Originals Samba 62,10000,20000,50.0,6500,0,-3500,D,False,False,False
https://m.global.jdsports.com/product/black-adidas-mercedes-amg-petronas-f1-driver-shirt/782471/,adidas Mercedes Amg Petronas F1 Driver Shirt,10000,15000,33.3,8000,0,-2000,D,False,False,False
https://m.global.jdsports.com/product/blue-fred-perry-original-stack-12-zip-sweatshirt/783849/,Fred Perry Original Stack 1/2 Zip Sweatshirt,10000,19000,47.4,3500,0,-6500,D,False,False,False
https://m.global.jdsports.com/product/black-nike-tech-shori-jacket/784076/,Nike Tech Shori Jacket,10000,20000,50.0,0,0,0,?,False,False,False
https://m.global.jdsports.com/product/blue-adidas-originals-newcastle-united-fc-og-track-pants/784197/,adidas Originals Newcastle United FC OG Track Pants,10000,16000,37.5,8500,0,-1500,D,False,False,False
https://m.global.jdsports.com/product/blue-adidas-originals-newcastle-united-fc-og-track-top/784198/,adidas Originals Newcastle United FC OG Track Top,10000,17000,41.2,8000,0,-2000,D,False,False,False
https://m.global.jdsports.com/product/brown-adidas-originals-fc-bayern-munich-og-track-top/784233/,adidas Originals FC Bayern Munich OG Track Top,10000,17000,41.2,8500,0,-1500,D,False,False,False
https://m.global.jdsports.com/product/black-adidas-originals-manchester-united-fc-og-track-top/784250/,adidas Originals Manchester United FC OG Track Top,10000,17000,41.2,8500,0,-1500,D,False,False,False
https://m.global.jdsports.com/product/green-adidas-x-liverpool-fc-9596-away-drill-top/778806/,adidas x Liverpool FC 95/96 Away Drill Top,10000,17000,41.2,8000,0,-2000,D,False,False,False
https://m.global.jdsports.com/product/white-adidas-x-liverpool-fc-9596-away-jersey/778799/,adidas x Liverpool FC 95/96 Away Jersey,10000,18000,44.4,8000,0,-2000,D,False,False,False
https://m.global.jdsports.com/product/green-adidas-germany-94-retro-away-shirt/787878/,adidas Germany '94 Retro Away Shirt,10000,18000,44.4,8000,0,-2000,D,False,False,False
https://m.global.jdsports.com/product/white-adidas-originals-germany-94-retro-home-shirt/787879/,adidas Originals Germany '94 Retro Home Shirt,10000,18000,44.4,8000,0,-2000,D,False,False,False
https://m.global.jdsports.com/product/black-adidas-originals-adistar-xlg-20/788456/,adidas Originals Adistar XLG 2.0,10000,24000,58.3,8000,0,-2000,D,False,False,False
https://m.global.jdsports.com/product/grey-nike-challenger-20-track-pants/788898/,Nike Challenger 2.0 Track Pants,10000,13000,23.1,3500,0,-6500,D,False,False,False
https://m.global.jdsports.com/product/red-nike-korea-2026-home-shirt/789714/,Nike Korea 2026 Home Shirt,10000,18000,44.4,0,0,0,?,False,False,False
https://m.global.jdsports.com/product/blue-nike-uruguay-2026-home-shirt/789758/,Nike Uruguay 2026 Home Shirt,10000,18000,44.4,4500,0,-5500,D,False,False,False
https://m.global.jdsports.com/product/white-adidas-originals-climacool-1/790503/,adidas Originals Climacool 1,10000,22000,54.5,4500,0,-5500,D,False,False,False
https://m.global.jdsports.com/product/white-adidas-originals-climacool-2/790506/,adidas Originals Climacool 2,10000,22000,54.5,3500,0,-6500,D,False,False,False
https://m.global.jdsports.com/product/grey-nike-tech-mix-full-zip-hoodie/791111/,Nike Tech Mix Full Zip Hoodie,10000,23000,56.5,8500,0,-1500,D,False,False,False
https://m.global.jdsports.com/product/blue-nike-tech-fleece-full-zip-hoodie/791121/,Nike Tech Fleece Full Zip Hoodie,10000,22000,54.5,4500,0,-5500,D,False,False,False
https://m.global.jdsports.com/product/grey-nike-air-track-jacket/794403/,Nike Air Track Jacket,10000,20000,50.0,3500,0,-6500,D,False,False,False
https://m.global.jdsports.com/product/black-nike-acg-aireez-jacket/794416/,Nike ACG Aireez Jacket,10000,21000,52.4,8000,0,-2000,D,False,False,False
https://m.global.jdsports.com/product/red-adidas-arsenal-fc-stadium-shirt/794547/,adidas Arsenal FC Stadium Shirt,10000,16000,37.5,3500,0,-6500,D,False,False,False
https://m.global.jdsports.com/product/green-adidas-originals-germany-90-retro-away-shirt/794561/,adidas Originals Germany '90 Retro Away Shirt,10000,18000,44.4,8000,0,-2000,D,False,False,False
https://m.global.jdsports.com/product/red-adidas-liverpool-fc-stadium-shirt/794909/,adidas Liverpool FC Stadium Shirt,10000,16000,37.5,3500,0,-6500,D,False,False,False
https://m.global.jdsports.com/product/black-adidas-manchester-united-fc-stadium-shirt/794924/,adidas Manchester United FC Stadium Shirt,10000,16000,37.5,3500,0,-6500,D,False,False,False
https://m.global.jdsports.com/product/white-adidas-real-madrid-stadium-shirt/794943/,adidas Real Madrid Stadium Shirt,10000,16000,37.5,3500,0,-6500,D,False,False,False
https://m.global.jdsports.com/product/white-adidas-celtic-fc-stadium-shirt/795787/,adidas Celtic FC Stadium Shirt,10000,16000,37.5,3500,0,-6500,D,False,False,False
https://m.global.jdsports.com/product/black-adidas-newcastle-united-fc-stadium-shirt/795790/,adidas Newcastle United FC Stadium Shirt,10000,16000,37.5,4000,0,-6000,D,False,False,False
https://m.global.jdsports.com/product/blue-boss-authentic-joggers/796440/,BOSS Authentic Joggers,10000,17000,41.2,4500,0,-5500,D,False,False,False
https://m.global.jdsports.com/product/grey-under-armour-tech-utility-woven-jacket/798996/,Under Armour Tech Utility Woven Jacket,10000,15000,33.3,3500,0,-6500,D,False,False,False
https://m.global.jdsports.com/product/blue-under-armour-velocity-storm-jacket/799006/,Under Armour Velocity Storm Jacket,10000,18000,44.4,3500,0,-6500,D,False,False,False
https://m.global.jdsports.com/product/black-adidas-originals-premium-pu-backpack/799492/,adidas Originals Premium PU Backpack,10000,13000,23.1,4500,0,-5500,D,False,False,False
https://m.global.jdsports.com/product/grey-nike-miler-all-over-print-jacket/801123/,Nike Miler All Over Print Jacket,10000,16000,37.5,3500,0,-6500,D,False,False,False
https://m.global.jdsports.com/product/red-nike-miler-jacket/801126/,Nike Miler Jacket,10000,16000,37.5,3500,0,-6500,D,False,False,False
https://m.global.jdsports.com/product/grey-berghaus-northrise-track-pants/801476/,Berghaus Northrise Track Pants,10000,16000,37.5,3500,0,-6500,D,False,False,False
https://m.global.jdsports.com/product/blue-new-era-williams-f1-tech-t-shirt/805184/,New Era Williams F1 Tech T-Shirt,10000,14800,32.4,2800,0,-7200,D,False,False,False
https://m.global.jdsports.com/product/blue-new-era-williams-f1-tech-polo-shirt/805185/,New Era Williams F1 Tech Polo Shirt,10000,16600,39.8,0,0,0,?,False,False,False
https://m.global.jdsports.com/product/black-nike-air-max-sndr-gore-tex/719880/,Nike Air Max SNDR GORE-TEX,10000,37000,73.0,8500,0,-1500,D,False,False,False
https://m.global.jdsports.com/product/black-nike-shox-ride-2/773153/,Nike Shox Ride 2,10000,33000,69.7,3500,0,-6500,D,False,False,False
https://m.global.jdsports.com/product/yellow-adidas-originals-arsenal-fc-lfstlr-jersey/760178/,adidas Originals Arsenal F.C. LFSTLR Jersey,10000,20000,50.0,3500,0,-6500,D,False,False,False
https://m.global.jdsports.com/product/black-nike-air-max-phoenix/762671/,Nike Air Max Phoenix,10000,25000,60.0,7500,0,-2500,D,False,False,False
https://m.global.jdsports.com/product/black-under-armour-halo-runner-se/767550/,Under Armour Halo Runner SE,10000,27000,63.0,4500,0,-5500,D,True,False,False
https://m.global.jdsports.com/product/black-nike-fc-barcelona-202526-match-away-shirt/784508/,Nike FC Barcelona 2025/26 Match Away Shirt,10000,25000,60.0,0,0,0,?,True,False,False
https://m.global.jdsports.com/product/black-adidas-liverpool-fc-202526-ekitike-22-home-shirt/797031/,adidas Liverpool FC 2025/26 Ekitike #22 Home Shirt,10000,20000,50.0,3500,0,-6500,D,True,False,False
https://m.global.jdsports.com/product/grey-asics-gel-nyc/729152/,ASICS GEL-NYC,11000,29000,62.1,8500,0,-2500,D,False,False,False
https://m.global.jdsports.com/product/white-adidas-olympique-lyon-202526-home-shirt/757534/,adidas Olympique Lyon 2025/26 Home Shirt,11000,17000,35.3,0,0,0,?,False,False,False
https://m.global.jdsports.com/product/black-boss-hadiko-tape-joggers/757831/,BOSS Hadiko Tape Joggers,11000,27800,60.4,8500,0,-2500,D,False,False,False
https://m.global.jdsports.com/product/grey-adidas-olympique-lyon-202526-third-shirt/758965/,adidas Olympique Lyon 2025/26 Third Shirt,11000,17000,35.3,0,0,0,?,False,False,False
https://m.global.jdsports.com/product/grey-berghaus-theran-jacket/759015/,Berghaus Theran Jacket,11000,19000,42.1,0,0,0,?,False,False,False
https://m.global.jdsports.com/product/grey-berghaus-winter-theran-jacket/759029/,Berghaus Winter Theran Jacket,11000,25000,56.0,0,0,0,?,False,False,False
https://m.global.jdsports.com/product/black-fred-perry-badge-cuffed-joggers/764730/,Fred Perry Badge Cuffed Joggers,11000,17000,35.3,3500,0,-7500,D,False,False,False
https://m.global.jdsports.com/product/white-lacoste-grid-tape-joggers/764814/,Lacoste Grid Tape Joggers,11000,24000,54.2,3500,0,-7500,D,False,False,False
https://m.global.jdsports.com/product/blue-the-north-face-performance-woven-jacket/776508/,The North Face Performance Woven Jacket,11000,19000,42.1,3500,0,-7500,D,False,False,False
https://m.global.jdsports.com/product/grey-berghaus-logo-hoodie/778071/,Berghaus Logo Hoodie,11000,16000,31.2,3500,0,-7500,D,False,False,False
https://m.global.jdsports.com/product/brown-the-north-face-mountain-jacket/781490/,The North Face Mountain Jacket,11000,22000,50.0,15000,0,4000,D,False,False,False
https://m.global.jdsports.com/product/grey-adidas-originals-samba-62/782176/,adidas Originals Samba 62,11000,20000,45.0,6500,0,-4500,D,False,False,False
https://m.global.jdsports.com/product/blue-nike-element-full-zip-jacket/784094/,Nike Element Full Zip Jacket,11000,20000,45.0,3500,0,-7500,D,False,False,False
https://m.global.jdsports.com/product/black-nike-air-max-phoenix/762670/,Nike AIR MAX PHOENIX,11000,25000,56.0,7500,0,-3500,D,False,False,False
https://m.global.jdsports.com/product/grey-nike-miler-20-jacket/788897/,Nike Miler 2.0 Jacket,11000,15000,26.7,5800,0,-5200,D,False,False,False
https://m.global.jdsports.com/product/black-nike-v5-rnr/791037/,Nike V5 RNR,11000,16000,31.2,0,0,0,?,False,False,False
https://m.global.jdsports.com/product/grey-nike-unlimited-jacket/791188/,Nike Unlimited Jacket,11000,16000,31.2,3500,0,-7500,D,False,False,False
https://m.global.jdsports.com/product/white-nike-slam-sweater-vest/791234/,Nike Slam Sweater Vest,11000,22000,50.0,8000,0,-3000,D,False,False,False
https://m.global.jdsports.com/product/green-nike-slam-sweater-vest/791238/,Nike Slam Sweater Vest,11000,22000,50.0,8000,0,-3000,D,False,False,False
https://m.global.jdsports.com/product/white-fred-perry-striped-polo-shirt/793900/,Fred Perry Striped Polo Shirt,11000,19000,42.1,3500,0,-7500,D,False,False,False
https://m.global.jdsports.com/product/white-fred-perry-twin-tipped-polo-shirt/794810/,Fred Perry Twin Tipped Polo Shirt,11000,16000,31.2,3500,0,-7500,D,False,False,False
https://m.global.jdsports.com/product/black-the-north-face-mountain-athletics-ply-14-zip/797338/,The North Face Mountain Athletics Ply 1/4 Zip,11000,16000,31.2,0,0,0,?,False,False,False
https://m.global.jdsports.com/product/grey-nike-challenger-20-track-pants/801057/,Nike Challenger 2.0 Track Pants,11000,14000,21.4,3500,0,-7500,D,False,False,False
https://m.global.jdsports.com/product/off-white-berghaus-wavetree-hooded-jacket/801477/,Berghaus Wavetree Hooded Jacket,11000,18000,38.9,4500,0,-6500,D,False,False,False
https://m.global.jdsports.com/product/blue-puma-manchester-city-fc-202526-match-home-shirt/757045/,PUMA Manchester City FC 2025/26 Match Home Shirt,11000,24000,54.2,4500,0,-6500,D,False,False,False
https://m.global.jdsports.com/product/grey-adidas-originals-ozweego/622238/,adidas Originals Ozweego,12000,20000,40.0,6500,0,-5500,D,False,False,False
https://m.global.jdsports.com/product/red-puma-switzerland-2024-home-shirt/685112/,PUMA Switzerland 2024 Home Shirt,12000,15000,20.0,3500,0,-8500,D,False,False,False
https://m.global.jdsports.com/product/black-nike-air-max-alpha-trainer-6/708036/,Nike Air Max Alpha Trainer 6,12000,16000,25.0,4500,0,-7500,D,False,False,False
https://m.global.jdsports.com/product/black-nike-air-max-alpha-trainer-6/708037/,Nike Air Max Alpha Trainer 6,12000,16000,25.0,4500,0,-7500,D,False,False,False
https://m.global.jdsports.com/product/grey-adidas-originals-campus-00s-beta/734310/,adidas Originals Campus 00s Beta,12000,18000,33.3,8500,0,-3500,D,False,False,False
https://m.global.jdsports.com/product/white-adidas-juventus-202526-home-shirt/757516/,adidas Juventus 2025/26 Home Shirt,12000,17000,29.4,4500,0,-7500,D,False,False,False
https://m.global.jdsports.com/product/red-adidas-benfica-202526-home-shirt/757576/,adidas Benfica 2025/26 Home Shirt,12000,17000,29.4,3500,0,-8500,D,False,False,False
https://m.global.jdsports.com/product/black-nike-nba-toronto-raptors-barnes-4-city-edition-jersey/772062/,Nike NBA Toronto Raptors Barnes #4 City Edition Jersey,12000,19000,36.8,3500,0,-8500,D,False,False,False
https://m.global.jdsports.com/product/brown-adidas-originals-campus-00s-beta/774561/,adidas Originals Campus 00s Beta,12000,18000,33.3,8500,0,-3500,D,False,False,False
https://m.global.jdsports.com/product/multicolor-adidas-originals-x-manchester-united-x-the-stone-roses-shirt/778794/,adidas Originals x Manchester United x The Stone Roses Shirt,12000,18000,33.3,12000,0,0,D,False,False,False
https://m.global.jdsports.com/product/green-adidas-originals-algeria-2026-away-shirt/778827/,adidas Originals Algeria 2026 Away Shirt,12000,17000,29.4,0,0,0,?,False,False,False
https://m.global.jdsports.com/product/black-jordan-flight-graphic-12-zip-fleece/779401/,Jordan Flight Graphic 1/2 Zip Fleece,12000,18000,33.3,3500,0,-8500,D,False,False,False
https://m.global.jdsports.com/product/red-nike-usa-2026-home-shirt/779866/,Nike USA 2026 Home Shirt,12000,18000,33.3,2500,0,-9500,D,False,False,False
https://m.global.jdsports.com/product/blue-under-armour-halo-racer-reflective/780466/,Under Armour Halo Racer Reflective,12000,31000,61.3,8000,0,-4000,D,False,False,False
https://m.global.jdsports.com/product/black-adidas-originals-zx-750/780667/,adidas Originals ZX 750,12000,17000,29.4,3500,0,-8500,D,False,False,False
https://m.global.jdsports.com/product/grey-ea7-woven-jacket/782946/,EA7 Woven Jacket,12000,26000,53.8,8500,0,-3500,D,False,False,False
https://m.global.jdsports.com/product/grey-nike-tech-pro-woven-jacket/784082/,Nike Tech Pro Woven Jacket,12000,24000,50.0,8500,0,-3500,D,False,False,False
https://m.global.jdsports.com/product/black-nike-tech-utility-overhead-hoodie/784084/,Nike Tech Utility Overhead Hoodie,12000,27000,55.6,4500,0,-7500,D,False,False,False
https://m.global.jdsports.com/product/grey-nike-tech-utility-track-pants/784087/,Nike Tech Utility Track Pants,12000,24000,50.0,3500,0,-8500,D,False,False,False
https://m.global.jdsports.com/product/blue-adidas-originals-real-madrid-og-shirt/784252/,adidas Originals Real Madrid OG Shirt,12000,17000,29.4,3500,0,-8500,D,False,False,False
https://m.global.jdsports.com/product/yellow-adidas-jamaica-2026-home-shirt/784264/,adidas Jamaica 2026 Home Shirt,12000,17000,29.4,0,0,0,?,False,False,False
https://m.global.jdsports.com/product/white-adidas-originals-mexico-2026-away-shirt/785087/,adidas Originals Mexico 2026 Away Shirt,12000,17000,29.4,6500,0,-5500,D,False,False,False
https://m.global.jdsports.com/product/green-adidas-liverpool-fc-9596-away-track-top/778800/,adidas Liverpool FC 95/96 Away Track Top,12000,18000,33.3,8500,0,-3500,D,False,False,False
https://m.global.jdsports.com/product/white-adidas-originals-real-madrid-og-shirt/785204/,adidas Originals Real Madrid OG Shirt,12000,17000,29.4,3500,0,-8500,D,False,False,False
https://m.global.jdsports.com/product/white-nike-v5-rnr/791040/,Nike V5 RNR,12000,16000,25.0,0,0,0,?,False,False,False
https://m.global.jdsports.com/product/grey-nike-tech-mix-joggers/791112/,Nike Tech Mix Joggers,12000,19000,36.8,3500,0,-8500,D,False,False,False
https://m.global.jdsports.com/product/black-nike-distant-dreams-stride-running-jacket/791202/,Nike Distant Dreams Stride Running Jacket,12000,22000,45.5,0,0,0,?,False,False,False
https://m.global.jdsports.com/product/brown-jordan-spizike-low/791255/,Jordan Spizike Low,12000,31000,61.3,8500,0,-3500,D,False,False,False
https://m.global.jdsports.com/product/green-adidas-celtic-fc-anthem-jacket/793130/,adidas Celtic FC Anthem Jacket,12000,18000,33.3,3500,0,-8500,D,False,False,False
https://m.global.jdsports.com/product/blue-adidas-aston-villa-fc-stadium-track-top/795784/,adidas Aston Villa Fc Stadium Track Top,12000,20000,40.0,3500,0,-8500,D,False,False,False
https://m.global.jdsports.com/product/white-adidas-celtic-fc-stadium-track-top/795785/,adidas Celtic FC Stadium Track Top,12000,20000,40.0,3500,0,-8500,D,False,False,False
https://m.global.jdsports.com/product/white-adidas-newcastle-united-fc-stadium-track-top/795788/,adidas Newcastle United FC Stadium Track Top,12000,20000,40.0,3500,0,-8500,D,False,False,False
https://m.global.jdsports.com/product/black-adidas-originals-liverpool-fc-202526-ekitike-22-third-shirt/797033/,adidas Originals Liverpool FC 2025/26 Ekitike #22 Third Shirt,12000,20000,40.0,3500,0,-8500,D,False,False,False
https://m.global.jdsports.com/product/black-adidas-newcastle-united-fc-2526-woltemade-27-home-shirt/797060/,adidas Newcastle United FC 25/26 Woltemade #27 Home Shirt,12000,20000,40.0,3500,0,-8500,D,False,False,False
https://m.global.jdsports.com/product/blue-the-north-face-vent-jacket/797352/,The North Face Vent Jacket,12000,20000,40.0,5000,0,-7000,D,False,False,False
https://m.global.jdsports.com/product/grey-adidas-originals-campus-00s-beta/799610/,adidas Originals Campus 00s Beta,12000,18000,33.3,8500,0,-3500,D,False,False,False
https://m.global.jdsports.com/product/grey-nike-v5-rnr/800057/,Nike V5 RNR,12000,16000,25.0,0,0,0,?,False,False,False
https://m.global.jdsports.com/product/grey-berghaus-northrise-jacket/801475/,Berghaus Northrise Jacket,12000,18000,33.3,0,0,0,?,False,False,False
https://m.global.jdsports.com/product/red-puma-portugal-2026-home-shirt/803953/,PUMA Portugal 2026 Home Shirt,12000,17000,29.4,0,0,0,?,False,False,False
https://m.global.jdsports.com/product/black-adidas-aston-villa-fc-202526-long-sleeve-away-shirt/759334/,adidas Aston Villa FC 2025/26 Long Sleeve Away Shirt,12600,18000,30.0,4500,0,-8100,D,False,False,False
https://m.global.jdsports.com/product/black-adidas-aston-villa-fc-202526-watkins-away-shirt/777062/,adidas Aston Villa FC 2025/26 Watkins Away Shirt,13000,20000,35.0,5800,0,-7200,D,False,False,False
https://m.global.jdsports.com/product/black-adidas-aston-villa-fc-202526-rogers-away-shirt/777063/,adidas Aston Villa FC 2025/26 Rogers Away Shirt,13000,20000,35.0,3500,0,-9500,D,False,False,False
https://m.global.jdsports.com/product/grey-lacoste-cargo-jacket/781165/,Lacoste Cargo Jacket,13000,26000,50.0,3500,0,-9500,D,False,False,False
https://m.global.jdsports.com/product/black-nike-v5-rnr/791039/,Nike V5 RNR,13000,16000,18.8,0,0,0,?,False,False,False
https://m.global.jdsports.com/product/black-nike-tech-woven-camo-full-zip-jacket/791127/,Nike Tech Woven Camo Full Zip Jacket,13000,26000,50.0,8500,0,-4500,D,False,False,False
https://m.global.jdsports.com/product/grey-nike-tech-woven-camo-full-zip-jacket/791129/,Nike Tech Woven Camo Full Zip Jacket,13000,26000,50.0,8500,0,-4500,D,False,False,False
https://m.global.jdsports.com/product/blue-adidas-originals-kegler-super/792453/,adidas Originals Kegler Super,13000,19000,31.6,8000,0,-5000,D,False,False,False
https://m.global.jdsports.com/product/white-lacoste-deviation/794878/,Lacoste Deviation,13000,19000,31.6,8500,0,-4500,D,False,False,False
https://m.global.jdsports.com/product/black-nike-club-winterized-half-zip-fleece/719546/,Nike Club Winterized Half Zip Fleece,13000,20000,35.0,4500,0,-8500,D,False,False,False
https://m.global.jdsports.com/product/pink-asics-fujitrail-all-over-print-jacket/796767/,ASICS Fujitrail All Over Print Jacket,13000,22000,40.9,6500,0,-6500,D,False,False,False
https://m.global.jdsports.com/product/blue-nike-tech-mix-joggers/800965/,Nike Tech Mix Joggers,13000,18000,27.8,3500,0,-9500,D,False,False,False
https://m.global.jdsports.com/product/white-adidas-originals-handball-spezial-leather/802362/,adidas Originals Handball Spezial Leather,13000,18000,27.8,8500,0,-4500,D,False,False,False
https://m.global.jdsports.com/product/blue-new-balance-1906-utility/771002/,New Balance 1906 Utility,13000,28000,53.6,8500,0,-4500,D,False,False,False
https://m.global.jdsports.com/product/black-adidas-originals-ozweego/161363/,adidas Originals Ozweego,14000,20000,30.0,6500,0,-7500,D,False,False,False
https://m.global.jdsports.com/product/brown-adidas-originals-samba-xlg/714170/,adidas Originals Samba XLG,14000,20000,30.0,8500,0,-5500,D,False,False,False
https://m.global.jdsports.com/product/grey-adidas-originals-samba-xlg/719429/,adidas Originals Samba XLG,14000,20000,30.0,8500,0,-5500,D,False,False,False
https://m.global.jdsports.com/product/black-adidas-originals-samba-xlg/719431/,adidas Originals Samba XLG,14000,20000,30.0,8500,0,-5500,D,False,False,False
https://m.global.jdsports.com/product/grey-nike-tech-fleece-full-zip-hoodie/720257/,Nike Tech Fleece Full Zip Hoodie,14000,22000,36.4,4500,0,-9500,D,False,False,False
https://m.global.jdsports.com/product/white-adidas-newcastle-united-202425-joelinton-home-shirt/722969/,adidas Newcastle United 2024/25 Joelinton Home Shirt,14000,19000,26.3,3500,0,-10500,D,False,False,False
https://m.global.jdsports.com/product/white-adidas-afc-ajax-202526-home-shirt/757492/,adidas AFC Ajax 2025/26 Home Shirt,14000,17000,17.6,3500,0,-10500,D,False,False,False
https://m.global.jdsports.com/product/black-nike-nba-miami-heat-jokic-5-city-edition-jersey/772058/,Nike NBA Miami Heat Jokic #5 City Edition Jersey,14000,19000,26.3,0,0,0,?,False,False,False
https://m.global.jdsports.com/product/white-adidas-germany-2026-match-home-shirt/776182/,adidas Germany 2026 Match Home Shirt,14000,24000,41.7,3500,0,-10500,D,False,False,False
https://m.global.jdsports.com/product/grey-new-balance-740/777872/,New Balance 740,14000,20000,30.0,4000,0,-10000,D,False,False,False
https://m.global.jdsports.com/product/orange-nike-nfl-denver-broncos-nix-10-game-jersey/778003/,Nike NFL Denver Broncos Nix #10 Game Jersey,14000,21000,33.3,3500,0,-10500,D,False,False,False
https://m.global.jdsports.com/product/red-puma-switzerland-2026-home-shirt/778221/,PUMA Switzerland 2026 Home Shirt,14000,17000,17.6,3500,0,-10500,D,False,False,False
https://m.global.jdsports.com/product/white-puma-czech-republic-2026-away-shirt/778256/,PUMA Czech Republic 2026 Away Shirt,14000,17000,17.6,0,0,0,?,False,False,False
https://m.global.jdsports.com/product/blue-adidas-argentina-away-messi-jersey-2006/778809/,adidas Argentina Away Messi Jersey 2006,14000,18000,22.2,8000,0,-6000,D,False,False,False
https://m.global.jdsports.com/product/black-adidas-mercedes-amg-petronas-f1-driver-hoodie/782469/,adidas Mercedes AMG Petronas F1 Driver Hoodie,14000,20000,30.0,8500,0,-5500,D,False,False,False
https://m.global.jdsports.com/product/red-adidas-originals-scotland-handball-spezial/783099/,adidas Originals Scotland Handball Spezial,14000,20000,30.0,8000,0,-6000,D,False,False,False
https://m.global.jdsports.com/product/black-nike-tech-pro-oversized-woven-track-pants/784081/,Nike Tech Pro Oversized Woven Track Pants,14000,22000,36.4,3500,0,-10500,D,False,False,False
https://m.global.jdsports.com/product/grey-nike-tech-pro-oversized-woven-track-pants/784083/,Nike Tech Pro Oversized Woven Track Pants,14000,22000,36.4,3500,0,-10500,D,False,False,False
https://m.global.jdsports.com/product/black-adidas-originals-fc-bayern-munich-track-top/784236/,adidas Originals FC Bayern Munich Track Top,14000,26000,46.2,4500,0,-9500,D,False,False,False
https://m.global.jdsports.com/product/grey-nike-pegasus-2k5/762646/,Nike Pegasus 2K5,14000,26000,46.2,8500,0,-5500,D,False,False,False
https://m.global.jdsports.com/product/blue-adidas-originals-colombia-2026-away-shirt/785081/,adidas Originals Colombia 2026 Away Shirt,14000,17000,17.6,8000,0,-6000,D,False,False,False
https://m.global.jdsports.com/product/multicolor-adidas-originals-manchester-united-fc-90-92-long-sleeve-away-shirt/785198/,adidas Originals Manchester United FC '90-92 Long Sleeve Away Shirt,14000,20000,30.0,8000,0,-6000,D,False,False,False
https://m.global.jdsports.com/product/white-adidas-germany-94-retro-track-top/787882/,adidas Germany '94 Retro Track Top,14000,20000,30.0,8000,0,-6000,D,False,False,False
https://m.global.jdsports.com/product/red-nike-turkey-2026-home-shirt/789368/,Nike Turkey 2026 Home Shirt,14000,18000,22.2,3500,0,-10500,D,False,False,False
https://m.global.jdsports.com/product/purple-nike-korea-2026-away-shirt/789716/,Nike Korea 2026 Away Shirt,14000,18000,22.2,0,0,0,?,False,False,False
https://m.global.jdsports.com/product/blue-nike-uruguay-2026-away-shirt/789759/,Nike Uruguay 2026 Away Shirt,14000,18000,22.2,0,0,0,?,False,False,False
https://m.global.jdsports.com/product/white-adidas-originals-handball-spezial-leather/790305/,adidas Originals Handball Spezial Leather,14000,18000,22.2,8500,0,-5500,D,False,False,False
https://m.global.jdsports.com/product/white-adidas-originals-zx-750/790494/,adidas Originals ZX 750,14000,17000,17.6,3500,0,-10500,D,False,False,False
https://m.global.jdsports.com/product/blue-adidas-originals-handball-spezial/792451/,adidas Originals Handball Spezial,14000,18000,22.2,8500,0,-5500,D,False,False,False
https://m.global.jdsports.com/product/red-adidas-manchester-united-fc-stadium-track-top/794925/,adidas Manchester United FC Stadium Track Top,14000,20000,30.0,3500,0,-10500,D,False,False,False
https://m.global.jdsports.com/product/green-adidas-originals-south-africa-2026-away-shirt/798069/,adidas Originals South Africa 2026 Away Shirt,14000,17000,17.6,0,0,0,?,False,False,False
https://m.global.jdsports.com/product/blue-new-balance-740/798242/,New Balance 740,14000,20000,30.0,4000,0,-10000,D,False,False,False
https://m.global.jdsports.com/product/white-adidas-originals-samba-og/802363/,adidas Originals Samba OG,14000,20000,30.0,7500,0,-6500,D,False,False,False
https://m.global.jdsports.com/product/blue-new-era-williams-f1-replica-hoodie/805187/,New Era Williams F1 Replica Hoodie,14000,22800,38.6,0,0,0,?,False,False,False
https://m.global.jdsports.com/product/grey-adidas-originals-handball-spezial/708525/,adidas Originals Handball Spezial,14000,18000,22.2,8500,0,-5500,D,False,False,False
https://m.global.jdsports.com/product/black-nike-air-max-dn8/762664/,Nike Air Max Dn8,14000,35000,60.0,24000,0,10000,B,False,False,True
https://m.global.jdsports.com/product/black-nike-air-max-dn-roam/773103/,Nike Air Max Dn Roam,14000,33000,57.6,8500,0,-5500,D,True,False,False
https://m.global.jdsports.com/product/black-adidas-originals-x-manchester-united-x-the-stone-roses-jacket/778795/,adidas Originals x Manchester United x The Stone Roses Jacket,14000,44000,68.2,12000,0,-2000,D,True,False,False
https://m.global.jdsports.com/product/black-fred-perry-badge-overhead-hoodie/707749/,Fred Perry Badge Overhead Hoodie,15000,20000,25.0,3500,0,-11500,D,False,False,False
https://m.global.jdsports.com/product/black-nike-tech-fleece-joggers/720252/,Nike Tech Fleece Joggers,15000,18000,16.7,4500,0,-10500,D,False,False,False
https://m.global.jdsports.com/product/blue-adidas-originals-newcastle-united-fc-2526-long-sleeve-third-shirt/758953/,adidas Originals Newcastle United FC 25/26 Long Sleeve Third Shirt,15000,18000,16.7,3500,0,-11500,D,False,False,False
https://m.global.jdsports.com/product/black-nike-air-max-90/762617/,Nike Air Max 90,15000,27000,44.4,8500,0,-6500,D,False,False,False
https://m.global.jdsports.com/product/blue-nike-vomero-18/763788/,Nike Vomero 18,15000,27000,44.4,8500,0,-6500,D,False,False,False
https://m.global.jdsports.com/product/white-nike-air-max-moto-2k/791017/,Nike Air Max Moto 2K,15000,24000,37.5,3500,0,-11500,D,False,False,False
https://m.global.jdsports.com/product/blue-nike-tech-mix-full-zip-hoodie/800964/,Nike Tech Mix Full Zip Hoodie,15000,22000,31.8,8500,0,-6500,D,False,False,False
https://m.global.jdsports.com/product/black-the-north-face-middle-cloud-hybrid-jacket/761485/,The North Face Middle Cloud Hybrid Jacket,16000,31000,48.4,8500,0,-7500,D,False,False,False
https://m.global.jdsports.com/product/white-asics-gel-cumulus-16/772621/,ASICS GEL-CUMULUS 16,16000,29000,44.8,5000,0,-11000,D,False,False,False
https://m.global.jdsports.com/product/green-jordan-flight-chicago-realtree-jacket/772861/,Jordan Flight Chicago Realtree Jacket,16000,33000,51.5,24000,0,8000,C,False,False,True
https://m.global.jdsports.com/product/black-adidas-liverpool-fc-9596-special-jersey/781610/,adidas Liverpool FC 95/96 Special Jersey,16000,26000,38.5,8000,0,-8000,D,False,False,False
https://m.global.jdsports.com/product/red-adidas-liverpool-fc-202526-wirtz-7-home-shirt/786591/,adidas Liverpool FC 2025/26 Wirtz #7 Home Shirt,16000,20000,20.0,0,0,0,?,False,False,False
https://m.global.jdsports.com/product/white-adidas-liverpool-fc-202526-salah-11-home-shirt/788651/,adidas Liverpool FC 2025/26 Salah #11 Home Shirt,16000,20000,20.0,5800,0,-10200,D,False,False,False
https://m.global.jdsports.com/product/white-nike-england-2026-anthem-jacket/789286/,Nike England 2026 Anthem Jacket,16000,22000,27.3,8000,0,-8000,D,False,False,False
https://m.global.jdsports.com/product/green-nike-air-force-1-low/791406/,Nike Air Force 1 Low,16000,24000,33.3,5800,0,-10200,D,False,False,False
https://m.global.jdsports.com/product/white-adidas-manchester-united-fc-stadium-track-top/794926/,adidas Manchester United FC Stadium Track Top,16000,20000,20.0,3500,0,-12500,D,False,False,False
https://m.global.jdsports.com/product/pink-lacoste-woven-track-top/799160/,Lacoste Woven Track Top,16000,30000,46.7,3500,0,-12500,D,False,False,False
https://m.global.jdsports.com/product/pink-lacoste-woven-track-pants/799161/,Lacoste Woven Track Pants,16000,22000,27.3,3500,0,-12500,D,False,False,False
https://m.global.jdsports.com/product/green-boss-sadiko-joggers/796464/,BOSS Sadiko Joggers,16000,31800,49.7,0,0,0,?,False,False,False
https://m.global.jdsports.com/product/black-asics-gel-venture-6-gtx/717820/,ASICS GEL-Venture 6 GTX,17000,25000,32.0,4500,0,-12500,D,False,False,False
https://m.global.jdsports.com/product/red-adidas-manchester-united-fc-202526-fernandes-home-shirt/777905/,adidas Manchester United FC 2025/26 Fernandes Home Shirt,17000,20000,15.0,5800,0,-11200,D,False,False,False
https://m.global.jdsports.com/product/black-adidas-originals-regen-puffer-jacket/803680/,adidas Originals Regen Puffer Jacket,17000,22000,22.7,8000,0,-9000,D,False,False,False
https://m.global.jdsports.com/product/new-balance-1906a/712502/,New Balance 1906A,18000,28000,35.7,8000,0,-10000,D,False,False,False
https://m.global.jdsports.com/product/black-nike-tech-fleece-full-zip-hoodie/720251/,Nike Tech Fleece Full Zip Hoodie,18000,22000,18.2,4500,0,-13500,D,False,False,False
https://m.global.jdsports.com/product/black-new-balance-1906w/724890/,New Balance 1906W,18000,28000,35.7,12000,0,-6000,D,False,False,False
https://m.global.jdsports.com/product/black-nike-vomero-plus/763795/,Nike Vomero Plus,18000,31000,41.9,8500,0,-9500,D,False,False,False
https://m.global.jdsports.com/product/white-adidas-argentina-2026-match-home-shirt/776178/,adidas Argentina 2026 Match Home Shirt,18000,24000,25.0,8500,0,-9500,D,False,False,False
https://m.global.jdsports.com/product/white-nike-mlb-new-york-mets-soto-22-jersey/778687/,Nike MLB New York Mets Soto #22 Jersey,18000,28000,35.7,0,0,0,?,False,False,False
https://m.global.jdsports.com/product/white-nike-mlb-new-york-yankees-judge-99-home-jersey/778688/,Nike MLB New York Yankees Judge #99 Home Jersey,18000,28000,35.7,3500,0,-14500,D,False,False,False
https://m.global.jdsports.com/product/white-nike-mlb-la-dodgers-robinson-42-home-jersey/778689/,Nike MLB LA Dodgers Robinson #42 Home Jersey,18000,28000,35.7,3500,0,-14500,D,False,False,False
https://m.global.jdsports.com/product/black-boss-woven-jacket/779244/,BOSS Woven Jacket,18000,42000,57.1,8500,0,-9500,D,False,False,False
https://m.global.jdsports.com/product/black-nike-air-max-90/779637/,Nike Air Max 90,18000,27000,33.3,8500,0,-9500,D,False,False,False
https://m.global.jdsports.com/product/black-nike-air-force-1-07-lv8/779665/,Nike Air Force 1 '07 LV8,18000,24000,25.0,8500,0,-9500,D,False,False,False
https://m.global.jdsports.com/product/brown-asics-gel-nyc-20/790235/,ASICS GEL-NYC 2.0,18000,31000,41.9,8500,0,-9500,D,False,False,False
https://m.global.jdsports.com/product/black-nike-p-6000/791027/,Nike P-6000,18000,22000,18.2,6500,0,-11500,D,False,False,False
https://m.global.jdsports.com/product/black-nike-react-vision/356016/,Nike React Vision,19000,26000,26.9,4500,0,-14500,D,False,False,False
https://m.global.jdsports.com/product/green-nike-dunk-low/764394/,Nike Dunk Low,19000,24000,20.8,8500,0,-10500,D,False,False,False
https://m.global.jdsports.com/product/white-nike-england-2026-match-home-shirt/789292/,Nike England 2026 Match Home Shirt,19000,27000,29.6,0,0,0,?,False,False,False
https://m.global.jdsports.com/product/black-jordan-sixty-plus/791258/,Jordan Sixty Plus,19000,27000,29.6,8000,0,-11000,D,False,False,False
https://m.global.jdsports.com/product/blue-boss-sadiko-joggers/796459/,BOSS Sadiko Joggers,19000,27800,31.7,0,0,0,?,False,False,False
https://m.global.jdsports.com/product/blue-boss-hadiko-joggers/796461/,BOSS Hadiko Joggers,19000,27800,31.7,3500,0,-15500,D,False,False,False
https://m.global.jdsports.com/product/grey-the-north-face-surgent-tracksuit/797355/,The North Face Surgent Tracksuit,19000,26000,26.9,0,0,0,?,False,False,False
https://m.global.jdsports.com/product/black-new-balance-1906r/724893/,New Balance 1906R,20000,28000,28.6,8500,0,-11500,D,False,False,False
https://m.global.jdsports.com/product/white-new-balance-1906r/750851/,New Balance 1906R,20000,28000,28.6,8500,0,-11500,D,False,False,False
https://m.global.jdsports.com/product/black-the-north-face-lungern-padded-jacket/756356/,The North Face Lungern Padded Jacket,20000,32000,37.5,8000,0,-12000,D,False,False,False
https://m.global.jdsports.com/product/blue-berghaus-vaskye-jacket/759009/,Berghaus Vaskye Jacket,20000,34000,41.2,8000,0,-12000,D,False,False,False
https://m.global.jdsports.com/product/black-new-balance-abzorb-2000/771011/,New Balance ABZORB 2000,20000,34000,41.2,8500,0,-11500,D,False,False,False
https://m.global.jdsports.com/product/blue-puma-ultra-6-ultimate-mg/784116/,PUMA ULTRA 6 ULTIMATE MG,20000,42000,52.4,8000,0,-12000,D,False,False,False
https://m.global.jdsports.com/product/blue-columbia-titanium-pro-shell-jacket/786470/,Columbia Titanium Pro Shell Jacket,20000,54000,63.0,8000,0,-12000,D,False,False,False
https://m.global.jdsports.com/product/black-boss-salbo-crew-sweatshirt/796449/,BOSS Salbo Crew Sweatshirt,20000,31800,37.1,3500,0,-16500,D,False,False,False
https://m.global.jdsports.com/product/blue-boss-salbo-sweatshirt/796458/,BOSS Salbo Sweatshirt,20000,27800,28.1,3500,0,-16500,D,False,False,False
https://m.global.jdsports.com/product/grey-nike-air-max-95/773098/,Nike Air Max 95,21000,35000,40.0,8500,0,-12500,D,False,False,False
https://m.global.jdsports.com/product/white-nike-air-max-90/791003/,Nike Air Max 90,21000,27000,22.2,8500,0,-12500,D,False,False,False
https://m.global.jdsports.com/product/black-nike-air-max-90-premium/800037/,Nike Air Max 90 Premium,21000,27000,22.2,8500,0,-12500,D,False,False,False
https://m.global.jdsports.com/product/white-nike-mlb-la-dodgers-ohtani-17-home-jersey/778686/,Nike MLB LA Dodgers Ohtani #17 Home Jersey,22000,28000,21.4,8500,0,-13500,D,False,False,False
https://m.global.jdsports.com/product/black-ugg-classic-micro-boot/782852/,UGG Classic Micro Boot,22000,27000,18.5,8000,0,-14000,D,False,False,False
https://m.global.jdsports.com/product/beige-new-balance-2010/788444/,New Balance 2010,22000,30000,26.7,0,0,0,?,False,False,False
https://m.global.jdsports.com/product/green-jordan-flight-hooded-bomber-jacket/774056/,Jordan Flight Hooded Bomber Jacket,24000,42000,42.9,8500,0,-15500,D,False,False,False
https://m.global.jdsports.com/product/grey-nike-air-max-95-ultra/752433/,Nike Air Max 95 Ultra,25000,35000,28.6,8500,0,-16500,D,False,False,False
https://m.global.jdsports.com/product/black-the-north-face-kanaga-jacket/756357/,The North Face Kanaga Jacket,25000,40000,37.5,0,0,0,?,False,False,False
https://m.global.jdsports.com/product/blue-boss-saggy-hoodie/796460/,BOSS Saggy Hoodie,25000,35800,30.2,0,0,0,?,False,False,False
https://m.global.jdsports.com/product/green-boss-saggy-full-zip-hoodie/796463/,BOSS Saggy Full Zip Hoodie,25000,39800,37.2,8500,0,-16500,D,False,False,False
https://m.global.jdsports.com/product/black-jordan-air-6-retro-infrared-salesman/779908/,Jordan Air 6 Retro 'Infrared Salesman',26000,38000,31.6,24000,0,-2000,D,False,False,False
https://m.global.jdsports.com/product/grey-jordan-60-low/800156/,Jordan 60+ Low,19000,27000,29.6,24000,0,5000,C,False,False,True
https://m.global.jdsports.com/product/blue-puma-ultra-6-ultimate-fg/784115/,PUMA ULTRA 6 ULTIMATE FG,28000,42000,33.3,8500,0,-19500,D,False,False,False
https://m.global.jdsports.com/product/grey-boss-woven-jacket/796447/,BOSS Woven Jacket,30000,45800,34.5,8500,0,-21500,D,False,False,False
https://m.global.jdsports.com/product/beige-the-north-face-saguru-jacket/797328/,The North Face Saguru Jacket,30000,40000,25.0,0,0,0,?,False,False,False
https://m.global.jdsports.com/product/black-the-north-face-saguru-jacket/797329/,The North Face Saguru Jacket,30000,40000,25.0,0,0,0,?,False,False,False
